CASE_ID,ACCIDENT_YEAR,PROC_DATE,JURIS,COLLISION_DATE,COLLISION_TIME,OFFICER_ID,REPORTING_DISTRICT,DAY_OF_WEEK,CHP_SHIFT,POPULATION,CNTY_CITY_LOC,SPECIAL_COND,BEAT_TYPE,CHP_BEAT_TYPE,CITY_DIVISION_LAPD,CHP_BEAT_CLASS,BEAT_NUMBER,PRIMARY_RD,SECONDARY_RD,DISTANCE,DIRECTION,INTERSECTION,WEATHER_1,WEATHER_2,STATE_HWY_IND,CALTRANS_COUNTY,CALTRANS_DISTRICT,STATE_ROUTE,ROUTE_SUFFIX,POSTMILE_PREFIX,POSTMILE,LOCATION_TYPE,RAMP_INTERSECTION,SIDE_OF_HWY,TOW_AWAY,COLLISION_SEVERITY,NUMBER_KILLED,NUMBER_INJURED,PARTY_COUNT,PRIMARY_COLL_FACTOR,PCF_CODE_OF_VIOL,PCF_VIOL_CATEGORY,PCF_VIOLATION,PCF_VIOL_SUBSECTION,HIT_AND_RUN,TYPE_OF_COLLISION,MVIW,PED_ACTION,ROAD_SURFACE,ROAD_COND_1,ROAD_COND_2,LIGHTING,CONTROL_DEVICE,CHP_ROAD_TYPE,PEDESTRIAN_ACCIDENT,BICYCLE_ACCIDENT,MOTORCYCLE_ACCIDENT,TRUCK_ACCIDENT,NOT_PRIVATE_PROPERTY,ALCOHOL_INVOLVED,STWD_VEHTYPE_AT_FAULT,CHP_VEHTYPE_AT_FAULT,COUNT_SEVERE_INJ,COUNT_VISIBLE_INJ,COUNT_COMPLAINT_PAIN,COUNT_PED_KILLED,COUNT_PED_INJURED,COUNT_BICYCLIST_KILLED,COUNT_BICYCLIST_INJURED,COUNT_MC_KILLED,COUNT_MC_INJURED,PRIMARY_RAMP,SECONDARY_RAMP,LATITUDE,LONGITUDE,COUNTY,CITY,POINT_X,POINT_Y
92305996,2024,2024-02-05,9135,2024-01-31,"812 ",017428,,3,1,9,4500,0,3,5,,2,004,"PACHECO SCHOOL RD.","CHURN CREEK RD.",0.00,,Y,B,C,N,,,,,,,,,,Y,4,0,2,2,A,-,09,21802,A,N,D,C,A,B,H,-,A,A,0,,,,,Y,,A,01,0,0,2,0,0,0,0,0,0,"- ","- ",40.505599975585938,-122.32420349121094,SHASTA,UNINCORPORATED,-122.32418823242188,40.505588531494141
92318187,2024,2024-02-20,9135,2024-02-17,1751,020696,,6,2,9,4500,0,1,1,,2,053,"INTERSTATE 5 N/B","DESCHUTES RD",150.00,N,N,C,-,Y,SHA,,5," ",R,4.410,H,,L,Y,4,0,1,1,A,-,03,22350,,N,E,I,A,B,H,-,C,D,0,,,,,Y,,A,01,0,0,1,0,0,0,0,0,0,"- ","- ",40.439041137695312,-122.28768157958984,SHASTA,UNINCORPORATED,-122.28759002685547,40.439052581787109
9236424,2020,2021-03-08,4502,2020-04-05,1857,530,,7,5,5,4502,0,0,0,,0,003,"SHASTA VIEW DR","LEONARD ST",0.00,,Y,C,-,N,,,,,,,,,,Y,3,0,4,2,A,-,05,21650,,N,D,C,A,B,H,-,B,A,0,,,,,Y,,A,01,0,4,0,0,0,0,0,0,0,"- ","- ",40.558238983154297,-122.32306671142578,SHASTA,REDDING,-122.32305145263672,40.558208465576172
9237450,2020,2021-03-12,4502,2020-05-27,1005,R526,R02,3,5,5,4502,0,0,0,,0,002,"EAST CYPRESS AV","HILLTOP DR",0.00,,Y,A,-,N,,,,,,,,,,N,4,0,1,2,A,-,08,22107,,N,B,C,A,A,H,-,A,A,0,,,,,Y,,A,01,0,0,1,0,0,0,0,0,0,"- ","- ",40.571048736572266,-122.35920715332031,SHASTA,REDDING,-122.35806274414062,40.571048736572266
92378872,2024,2024-04-30,9135,2024-04-28,"701 ",020696,,7,1,9,4500,0,3,5,,2,001,"FAWNDALE RD.","INTERSTATE 5",25.00,W,N,A,-,N,,,,,,,,,,Y,4,0,1,1,A,-,08,22107,,N,E,I,A,A,H,-,A,D,0,,,,,Y,,D,22,0,0,1,0,0,0,0,0,0,"- ","- ",40.731338500976562,-122.32128143310547,SHASTA,UNINCORPORATED,-122.32388305664062,40.72491455078125
92386006,2024,2024-08-14,9135,2024-04-18,1550,019801,,4,2,2,4501,0,3,5,,2,004,"DESCHUTES RD","BALLS FERRY RD",167.00,N,N,A,-,N,,,,,,,,,,N,1,1,0,2,A,-,16,29004,B,N,G,8,F,A,H,-,A,D,0,Y,,,,Y,,E,22,0,0,0,1,0,0,0,0,0,"- ","- ",40.447521209716797,-122.2581787109375,SHASTA,ANDERSON,-122.25801086425781,40.44744873046875
9240257,2020,2021-04-07,4502,2020-06-27,1357,R523,R06,6,5,5,4502,0,0,0,,0,006,"NORTH MARKET ST","BENTON DR",0.00,,Y,A,-,Y,SHA,2,273,-,-,17.820,I,5,S,N,4,0,2,2,A,-,12,21453,A,N,D,C,A,A,H,-,A,A,0,,,,,Y,,A,01,0,0,2,0,0,0,0,0,0,"- ","- ",40.599510192871094,-122.38411712646484,SHASTA,REDDING,-122.38417053222656,40.599582672119141
9242254,2020,2021-03-30,4502,2020-06-12,1655,R523,R03,5,5,5,4502,0,0,0,,0,003,"AIRPORT RD","OLD OREGON TRL",147.00,N,N,B,-,N,,,,,,,,,,N,4,0,1,2,A,-,03,22350,,N,C,C,A,A,H,-,A,A,0,,,Y,,Y,,C,02,0,0,1,0,0,0,0,0,1,"- ","- ",40.5589599609375,-122.30174255371094,SHASTA,REDDING,-122.30152130126953,40.559337615966797
9242377,2020,2021-03-30,4502,2020-06-10,1538,R142,R03,3,5,5,4502,0,0,0,,0,003,"RANCHO RD","SHASTA VIEW",0.00,,Y,A,-,N,,,,,,,,,,Y,3,0,1,2,A,-,09,21801,A,N,D,C,A,A,D,-,A,D,0,,,,,Y,,A,01,0,1,0,0,0,0,0,0,0,"- ","- ",40.534751892089844,-122.3177490234375,SHASTA,REDDING,-122.3177490234375,40.53472900390625
9242404,2020,2021-03-30,4502,2020-06-26,0015,R0073,R02,5,5,5,4502,0,0,0,,0,002,"EAST CYPRESS AV","ALFREDA WY",150.00,E,N,A,-,N,,,,,,,,,,Y,3,0,1,1,A,-,01,23152,A,N,F,I,A,A,H,-,C,D,0,,,,,Y,Y,A,01,0,1,0,0,0,0,0,0,0,"- ","- ",40.571041107177734,-122.34768676757812,SHASTA,REDDING,-122.34712982177734,40.571044921875
92439147,2024,2024-07-15,9135,2024-07-09,2324,020683,,2,3,9,4500,0,3,5,,2,003,"SWASEY DRIVE","RED BLUFF ROAD",200.00,S,N,A,-,N,,,,,,,,,,Y,4,0,2,1,A,-,01,23152,A,N,E,I,A,A,H,-,D,A,0,,,,,Y,Y,A,01,0,0,2,0,0,0,0,0,0,"- ","- ",40.588268280029297,-122.48322296142578,SHASTA,UNINCORPORATED,-122.4832763671875,40.588291168212891
9253051,2020,2021-04-19,4502,2020-07-21,1039,R526,R04,2,5,5,4502,0,0,0,,0,004,"EASTSIDE RD","HERYFORD LN",0.00,,Y,A,-,N,,,,,,,,,,Y,4,0,1,2,A,-,09,21804,A,N,D,C,A,A,H,-,A,D,0,,,,,Y,,A,01,0,0,1,0,0,0,0,0,0,"- ","- ",40.531909942626953,-122.38339996337891,SHASTA,REDDING,-122.38337707519531,40.531898498535156
9269946,2020,2021-06-07,4502,2020-08-17,1753,524,R02,1,5,5,4502,0,0,0,,0,002,"WALL ST","CHURN CREEK RD",6.00,W,N,A,-,N,,,,,,,,,,N,3,0,1,2,A,-,05,21650,1,N,D,G,A,B,H,-,A,A,0,,Y,,,Y,,L,04,0,1,0,0,0,0,1,0,0,"- ","- ",40.572219848632812,-122.35310363769531,SHASTA,REDDING,-122.3531494140625,40.572219848632812
9273038,2020,2021-06-16,4502,2020-08-03,1600,524,R04,1,5,5,4502,0,0,0,,0,004,"E BONNYVIEW RD","S BONNEYVIEW RD",0.00,,Y,A,-,N,,,,,,,,,,Y,3,0,2,2,A,-,03,22350,,N,C,C,A,A,H,-,A,A,0,,,,,Y,,A,01,0,1,1,0,0,0,0,0,0,"- ","- ",40.542510986328125,-122.37615966796875,SHASTA,REDDING,-122.37425231933594,40.531681060791016
9273210,2020,2021-06-18,4502,2020-10-01,1346,537,R01,4,5,5,4502,0,0,0,,0,001,"EAST PALISADES AV","HILLTOP DR",0.00,,Y,A,-,N,,,,,,,,,,N,4,0,1,2,A,-,03,22350,,F,C,C,A,A,H,-,A,A,0,,,,,Y,,A,08,0,0,1,0,0,0,0,0,0,"- ","- ",40.589431762695312,-122.35820007324219,SHASTA,REDDING,-122.35816955566406,40.589408874511719
9277851,2020,2021-07-15,4502,2020-09-15,1709,537,R04,2,5,5,4502,0,0,0,,0,004,"SOUTH BONNYVIEW RD","E BONNYVIEW RD",35.00,N,N,A,-,N,,,,,,,,,,N,4,0,1,2,A,-,03,22350,,N,C,C,A,A,H,-,A,A,0,,,,,Y,,A,01,0,0,1,0,0,0,0,0,0,"- ","- ",40.530990600585938,-122.37645721435547,SHASTA,REDDING,-122.37413024902344,40.531715393066406
9277858,2020,2021-07-01,4502,2020-10-12,1353,524,R05,1,5,5,4502,0,0,0,,0,005,"CENTER ST","SHASTA ST",11.00,S,N,A,-,N,,,,,,,,,,N,3,0,1,2,A,-,"- ",,,N,E,J,D,A,H,-,A,A,0,Y,,,,Y,,N,60,0,1,0,0,1,0,0,0,0,"- ","- ",40.585868835449219,-122.39366149902344,SHASTA,REDDING,-122.39363861083984,40.585849761962891
9279302,2020,2021-06-09,4502,2020-11-15,1727,525,R05,7,5,5,4502,0,0,0,,0,005,"PLACER ST","AIRPARK DR",153.00,W,N,A,-,N,,,,,,,,,,N,4,0,2,2,A,-,05,21650,I,N,A,C,A,A,H,-,C,A,0,,,,,Y,,A,01,0,0,2,0,0,0,0,0,0,"- ","- ",40.578468322753906,-122.40579986572266,SHASTA,REDDING,-122.40633392333984,40.578357696533203
92898208,2024,2024-07-30,9135,2024-07-22,1813,019710,,1,2,9,4500,0,3,5,,2,003,"GAS POINT ROAD","EL CAMINO DR",45.00,E,N,A,-,N,,,,,,,,,,Y,4,0,2,2,A,-,01,23152,A,N,C,C,A,A,H,-,A,D,0,,,,,Y,Y,D,22,0,0,2,0,0,0,0,0,0,"- ","- ",40.389408111572266,-122.34329223632812,SHASTA,UNINCORPORATED,-122.34327697753906,40.389400482177734
9320733,2021,2022-05-25,4502,2021-08-29,0324,158,R02,7,5,5,4502,0,0,0,,0,002,"HILLTOP DR","EAST CYPRESS AV",0.00,,Y,A,-,N,,,,,,,,,,Y,1,1,5,2,A,-,00,23153,E,N,D,C,A,A,H,-,C,A,0,,,,,Y,,A,01,2,3,0,0,0,0,0,0,0,"- ","- ",40.578449249267578,-122.35787200927734,SHASTA,REDDING,-122.35806274414062,40.571044921875
9338507,2021,2021-10-07,4502,2021-02-12,2311,149,R04,5,5,5,4502,0,0,0,,0,004,"BUENAVENTURA BL","RAILROAD AV",200.00,W,N,C,-,N,,,,,,,,,,Y,3,0,1,2,A,-,08,22107,,M,B,C,A,B,H,-,C,D,0,,,,Y,Y,,A,07,0,1,0,0,0,0,0,0,0,"- ","- ",40.554538726806641,-122.38993835449219,SHASTA,REDDING,-122.39064788818359,40.554569244384766
9339360,2021,2021-11-17,4502,2021-03-02,1645,537,R02,2,5,5,4502,0,0,0,,0,002,"EAST CYPRESS AV","CHURN CREEK RD",0.00,,Y,A,-,N,,,,,,,,,,Y,4,0,1,2,A,-,09,21453,C,N,D,C,A,A,H,-,A,A,0,,,,,Y,,A,01,0,0,1,0,0,0,0,0,0,"- ","- ",40.571041107177734,-122.35308837890625,SHASTA,REDDING,-122.35310363769531,40.571037292480469
9356577,2021,2021-11-10,4502,2021-03-23,0617,527,R05,2,5,5,4502,0,0,0,,0,005,"SHASTA ST","MARKET ST",0.00,,Y,A,-,Y,SHA,2,44,-,L,0.098,I,5,E,N,3,0,1,2,A,-,17,21451,A,N,G,B,B,A,H,-,B,A,0,Y,,,,Y,,D,22,0,1,0,0,1,0,0,0,0,"- ","- ",40.586341857910156,-122.3917236328125,SHASTA,REDDING,-122.39174652099609,40.586345672607422
9377733,2021,2022-01-12,4501,2021-10-27,1640,228,A01,3,5,2,4501,0,0,0,,0,CITY,"RT 273","NORTH ST",35.00,N,N,A,-,Y,SHA,2,273,-,-,5.440,H,-,S,Y,2,0,2,2,A,-,01,23152,F,N,C,C,A,A,H,-,A,A,0,,,,,Y,,D,22,1,1,0,0,0,0,0,0,0,"- ","- ",,,SHASTA,ANDERSON,-122.30150604248047,40.450431823730469
9388182,2021,2022-01-11,4502,2021-04-30,1617,539,R06,5,5,5,4502,0,0,0,,0,006,"CONTINENTAL ST","YUBA ST",0.00,,Y,A,-,N,,,,,,,,,,Y,3,0,1,2,A,-,12,22450,A,N,D,C,A,A,H,-,A,D,0,,,Y,,Y,,C,03,0,1,0,0,0,0,0,0,1,"- ","- ",40.584671020507812,-122.38524627685547,SHASTA,REDDING,-122.38520812988281,40.584663391113281
9388184,2021,2022-01-11,4502,2021-04-30,0701,539,R06,5,5,5,4502,0,0,0,,0,006,"MARKET ST","TRINITY ST",200.00,N,N,A,-,N,,,,,,,,,,Y,3,0,1,1,A,-,05,21650,,M,E,I,A,A,H,-,A,D,0,,,,,Y,,A,01,0,1,0,0,0,0,0,0,0,"- ","- ",40.588661193847656,-122.39272308349609,SHASTA,REDDING,-122.39291381835938,40.589160919189453
9409026,2021,2022-03-16,4501,2021-12-21,1505,228,A01,2,5,2,4501,0,0,0,,0,CITY,"RT 273","SPRING GULCH RD",0.00,,Y,C,-,Y,SHA,2,273,-,-,7.065,I,5,S,Y,4,0,1,2,A,-,12,21453,A,N,D,C,A,B,H,-,A,A,0,,,,Y,Y,,D,22,0,0,1,0,0,0,0,0,0,"- ","- ",,,SHASTA,ANDERSON,-122.32452392578125,40.466152191162109
9419488,2022,2022-04-15,4501,2022-02-18,1224,A240,A01,5,5,2,4501,0,0,0,,0,ANDERS,"RT 273","MARX WY",0.00,,Y,A,-,Y,SHA,2,273,-,-,4.589,I,5,N,Y,4,0,1,3,A,-,09,21801,A,N,D,C,A,A,H,-,A,D,0,,,,,Y,,A,01,0,0,1,0,0,0,0,0,0,"- ","- ",,,SHASTA,ANDERSON,-122.29251098632812,40.440444946289062
9433556,2022,2022-11-03,4502,2022-01-07,0509,186,R04,5,5,5,4502,0,0,0,,0,0B4,"RT 273","CLEAR CREEK RD",0.00,,Y,B,C,Y,SHA,2,273,-,-,11.830,I,5,S,Y,3,0,2,2,A,-,01,23153,F,N,D,C,A,B,H,-,C,A,0,,,,,Y,,A,01,0,2,0,0,0,0,0,0,0,"- ","- ",,,SHASTA,REDDING,-122.38144683837891,40.516677856445312
9435418,2021,2022-05-02,4502,2021-07-27,1839,524,R02,2,5,5,4502,0,0,0,,0,002,"HARTNELL AV","NORTHWOODS WY",145.00,W,N,B,-,N,,,,,,,,,,Y,3,0,1,1,A,-,05,21650,,N,F,I,A,A,H,-,A,D,0,,,,,Y,,D,22,0,1,0,0,0,0,0,0,0,"- ","- ",40.563800811767578,-122.35633087158203,SHASTA,REDDING,-122.35683441162109,40.563812255859375
94387914,2024,2024-09-10,9135,2024-09-03,1740,020363,,2,2,5,4502,0,3,5,,2,003,"PLACER RD","MULETOWN RD",200.00,W,N,A,-,N,,,,,,,,,,N,3,0,1,1,A,-,08,22107,,N,E,I,A,A,H,-,A,D,0,,,Y,,Y,,C,02,0,1,0,0,0,0,0,0,1,"- ","- ",40.514751434326172,-122.51737976074219,SHASTA,REDDING,-122.51673889160156,40.515201568603516
94420877,2024,2024-10-07,9135,2024-09-24,1350,021265,,2,1,9,4500,0,1,3,,2,603,"SR-299 W/B","PIT NO 1 POWERHOUSE RD",7920.00,E,N,A,-,Y,SHA,,299," "," ",88.578,H,,L,N,4,0,1,2,A,-,03,22350,,N,A,C,A,A,D,-,A,B,0,,,,Y,Y,,D,22,0,0,1,0,0,0,0,0,0,"- ","- ",40.993659973144531,-121.49214172363281,SHASTA,UNINCORPORATED,-121.49214172363281,40.993656158447266
94422019,2024,2024-10-07,9135,2024-10-02,1728,021161,,3,2,9,4500,0,1,3,,1,201,SR-299,"HELENA DRIVE",0.00,,Y,A,-,Y,SHA,,299," "," ",29.727,H,,R,N,4,0,1,1,A,-,03,22350,,N,E,8,A,A,H,-,A,D,0,,,,,Y,,-,"- ",0,0,1,0,0,0,0,0,0,"- ","- ",40.630458831787109,-122.273193359375,SHASTA,UNINCORPORATED,-122.27322387695312,40.630546569824219
94424563,2024,2024-10-09,9135,2024-10-07,1725,023943,,1,2,9,4500,0,3,5,,2,002,"OLD OREGON TRL","COYOTE CANYON RD",250.00,W,N,A,-,N,,,,,,,,,,Y,2,0,2,1,C,-,18,,,N,E,7,A,A,H,-,A,D,0,,,Y,,Y,,-,"- ",2,0,0,0,0,0,0,0,2,"- ","- ",40.702659606933594,-122.32353973388672,SHASTA,UNINCORPORATED,-122.32361602783203,40.702568054199219
94431174,2024,2024-10-15,9135,2024-10-12,2253,021161,,6,3,9,4500,0,3,5,,2,004,"DESCHUTES ROAD","CHIPPER LANE",843.00,S,N,A,-,N,,,,,,,,,,N,4,0,1,1,C,-,18,,,N,E,H,A,A,H,-,D,D,0,,,,,Y,,-,"- ",0,0,1,0,0,0,0,0,0,"- ","- ",40.508708953857422,-122.23857116699219,SHASTA,UNINCORPORATED,-122.23854827880859,40.508796691894531
94438447,2024,2024-10-21,9146,2024-10-12,1245,020819,,6,1,9,4500,0,1,1,,2,014,"I-5 S/B","SIMS RD",10560.00,S,N,B,-,Y,SHA,,5," ",R,55.404,H,,L,Y,3,0,1,1,A,-,03,22350,,N,E,I,A,A,H,-,A,D,0,,,,,Y,,A,01,0,1,0,0,0,0,0,0,0,"- ","- ",41.049831390380859,-122.38127136230469,SHASTA,UNINCORPORATED,-122.38138580322266,41.049896240234375
9445347,2021,2022-06-09,4502,2021-10-21,1532,540,R05,4,5,5,4502,0,0,0,,0,005,"PINE ST","LINCOLN ST",80.00,S,N,C,-,Y,SHA,2,273,-,-,16.160,H,-,N,N,3,0,2,2,A,-,08,22107,,N,B,C,A,B,H,-,A,D,0,,,,,Y,Y,A,07,0,2,0,0,0,0,0,0,0,"- ","- ",40.579158782958984,-122.38720703125,SHASTA,REDDING,-122.38711547851562,40.578788757324219
94458158,2024,2024-11-05,9135,2024-11-03,1400,016513,,7,2,2,4501,0,1,1,,2,053,"I-5 S/B","DESCHUTES RD",2640.00,N,N,A,-,Y,SHA,,5," ",R,4.757,H,,L,N,4,0,1,1,A,-,08,22107,,N,E,I,A,A,H,-,A,D,0,,,,,Y,,A,07,0,0,1,0,0,0,0,0,0,"- ","- ",40.44403076171875,-122.28859710693359,SHASTA,ANDERSON,-122.28868865966797,40.444019317626953
9446445,2021,2022-05-27,4502,2021-09-23,0836,526,R01,4,5,5,4502,0,0,0,,0,001,"SHASTA VIEW DR","INSPIRATION PL",0.00,,Y,A,-,N,,,,,,,,,,N,3,0,1,1,A,-,05,21650,,N,E,I,A,A,H,-,A,D,0,,Y,,,Y,,L,04,0,1,0,0,0,0,1,0,0,"- ","- ",40.595809936523438,-122.32501220703125,SHASTA,REDDING,-122.324814,40.595877999999999
9446485,2021,2022-05-27,4502,2021-09-01,1918,525,R02,3,5,5,4502,0,0,0,,0,002,"HARTNELL AV","CHURN CREEK RD",360.00,W,N,A,-,N,,,,,,,,,,N,4,0,1,2,A,-,03,22350,,N,C,C,A,A,H,-,A,D,0,,,,,Y,,A,01,0,0,1,0,0,0,0,0,0,"- ","- ",40.563968658447266,-122.35398864746094,SHASTA,REDDING,-122.35441589355469,40.563808441162109
94478096,2024,2024-11-21,9135,2024-11-09,1155,020157,,6,1,9,4500,0,3,5,,2,003,"PELTIER VALLEY ROAD","BRANDY CREEK RD",5280.00,E,N,A,-,N,,,,,,,,,,Y,3,0,4,1,C,-,18,,,N,F,I,A,A,H,-,A,D,0,,,,,Y,,-,"- ",0,4,0,0,0,0,0,0,0,"- ","- ",40.590450286865234,-122.58174133300781,SHASTA,UNINCORPORATED,,
9450282,2021,2022-06-17,4502,2021-09-26,1750,525,R05,7,5,5,4502,0,0,0,,0,005,"PINE ST","SHASTA ST",0.00,,Y,A,-,Y,SHA,2,44,-,L,0.169,I,5,W,N,4,0,1,2,A,-,08,22107,,N,B,C,A,A,H,-,A,A,0,,,,,Y,,A,01,0,0,1,0,0,0,0,0,0,"- ","- ",40.586669921875,-122.39041900634766,SHASTA,REDDING,-122.39042663574219,40.586692810058594
94513698,2024,2024-12-23,9135,2024-12-18,1853,021161,,3,2,9,4500,0,1,3,,1,201,SR-299,"CHEYENNE ROAD",705.00,W,N,A,-,Y,SHA,,299," "," ",27.899,H,,R,N,4,0,1,1,C,-,18,,,N,E,H,A,A,H,-,D,D,0,,,,,Y,,-,"- ",0,0,1,0,0,0,0,0,0,"- ","- ",40.623279571533203,-122.30650329589844,SHASTA,UNINCORPORATED,-122.30649566650391,40.623275756835938
94565967,2025,2025-02-05,9135,2025-02-04,1820,020382,,2,2,9,4500,0,3,5,,2,002,"OLD OREGON TRAIL","TARCY WAY",335.00,S,N,B,-,N,,,,,,,,,,Y,3,0,1,1,A,-,08,22107,,N,E,I,A,B,H,-,D,D,0,,,,,Y,,D,22,0,1,0,0,0,0,0,0,0,"- ","- ",40.6480712890625,-122.32911682128906,SHASTA,UNINCORPORATED,-122.32912445068359,40.647994995117188
94669888,2025,2025-04-30,9135,2025-04-23,1645,019710,,3,2,9,4500,0,1,3,,1,302,"STATE HIGHWAY 273","PARALLEL ST",158.00,N,N,A,-,Y,SHA,,273," "," ",7.300,H,,R,Y,3,0,1,2,A,-,17,22109,,F,E,I,A,A,H,-,A,D,0,,,,,Y,,A,01,0,1,0,0,0,0,0,0,0,"- ","- ",40.468379974365234,-122.32790374755859,SHASTA,UNINCORPORATED,-122.32771301269531,40.468536376953125
94680276,2025,2025-05-08,9135,2025-05-03,1248,024340,,6,1,5,4502,0,1,3,,2,040,"I-5 S/B FROM SR-44 E/B",SR-44,600.00,W,N,A,-,Y,,,,,,,,,,Y,2,0,2,2,A,-,03,22350,,N,F,A,A,A,H,-,A,D,0,,,Y,,Y,,C,02,1,1,0,0,0,0,0,0,2,"- ","- ",40.584579467773438,-122.36318969726562,SHASTA,REDDING,-122.36074066162109,40.585498809814453
94693625,2025,2025-05-20,9135,2025-05-06,"38  ",021168,,2,3,9,4500,0,3,5,,2,002,"JONES VALLEY ROAD","JONES VALLEY MARINA DR",686.00,E,N,A,-,N,,,,,,,,,,Y,3,0,1,1,A,-,01,23152,A,N,E,8,A,A,H,-,D,D,0,,,,,Y,Y,A,08,0,1,0,0,0,0,0,0,0,"- ","- ",40.7310791015625,-122.23203277587891,SHASTA,UNINCORPORATED,-122.23069000244141,40.730461120605469
94703427,2025,2025-05-28,9135,2025-05-05,1435,018388,,1,2,9,4500,0,3,5,,2,002,"WHITMORE ROAD","OLD MILLVILLE WHITMORE ROAD",773.00,E,N,A,-,N,,,,,,,,,,Y,1,1,1,2,A,-,08,22107,,N,A,C,A,A,H,-,A,D,0,,,Y,,Y,,A,01,1,0,0,0,0,0,0,1,1,"- ","- ",40.60565185546875,-122.05750274658203,SHASTA,UNINCORPORATED,,
94730409,2025,2025-06-18,9135,2025-06-08,2115,020224,,7,2,9,4500,0,1,3,,2,602,"JACK RABBIT FLAT RD","RT 299",500.00,S,N,A,-,N,,,,,,,,,,N,3,0,1,1,A,-,08,22107,,N,E,I,A,A,H,-,D,D,0,,,Y,,Y,,C,06,0,1,0,0,0,0,0,0,1,"- ","- ",40.8709716796875,-121.68251037597656,SHASTA,UNINCORPORATED,-121.68267059326172,40.872108459472656
94737473,2025,2025-06-24,9135,2025-06-15,"731 ",018021,,7,1,9,4500,0,1,1,,2,054,"I-5 S/B TO KNIGHTON RD","KNIGHTON ROAD",1133.00,N,N,A,-,Y,SHA,,5," ",R,9.995,H,,L,N,4,0,1,2,A,-,03,22350,,N,C,C,A,A,H,-,A,D,0,,,,,Y,,D,22,0,0,1,0,0,0,0,0,0,"- ","- ",40.508399963378906,-122.34026336669922,SHASTA,UNINCORPORATED,-122.34015655517578,40.508438110351562
94743840,2025,2025-06-30,9135,2025-06-18,1934,024476,,3,2,9,4500,0,1,3,,1,301,SR-299,"ROCK CREEK RD",0.00,,Y,A,-,Y,SHA,,299," "," ",17.742,H,,R,N,3,0,1,2,A,-,09,21800,A,N,D,C,A,A,H,-,A,A,0,,,,,Y,,A,01,0,1,0,0,0,0,0,0,0,"- ","- ",40.604419708251953,-122.50235748291016,SHASTA,UNINCORPORATED,-122.50235748291016,40.604415893554688
94855022,2025,2025-09-22,9135,2025-09-19,"35  ",021426,,5,3,5,4502,0,1,1,,2,054,"I-5 NORTHBOUND","HILLTOP DRIVE",1056.00,S,N,A,-,Y,SHA,,5," ",R,15.944,H,,R,Y,4,0,1,1,C,-,18,,,N,E,J,A,A,H,-,D,D,0,,,,,Y,,-,"- ",0,0,1,0,0,0,0,0,0,"- ","- ",40.592571258544922,-122.36038208007812,SHASTA,REDDING,-122.36042785644531,40.592571258544922
94880182,2025,2025-10-09,9135,2025-10-02,1725,021253,,4,2,5,4502,0,1,3,,2,040,"SR-44 W/B FROM HILLTOP DR","HILLTOP DRIVE",1056.00,W,N,B,-,Y,,,,,,,,,,N,3,0,1,1,A,-,08,22107,,M,E,I,A,A,H,-,A,D,0,,,,,Y,,A,01,0,1,0,0,0,0,0,0,0,"- ","- ",40.586780548095703,-122.36299133300781,SHASTA,REDDING,-122.36172485351562,40.585567474365234
94896065,2025,2025-10-21,9135,2025-10-18,"200 ",019801,,6,3,9,4500,0,3,5,,2,002,"BEAR MOUNTAIN RD","MARTI LN",1700.00,W,N,A,-,N,,,,,,,,,,Y,4,0,1,1,A,-,08,22107,,N,E,I,A,A,H,-,D,D,0,,,,,Y,,A,07,0,0,1,0,0,0,0,0,0,"- ","- ",40.709671020507812,-122.25462341308594,SHASTA,UNINCORPORATED,-122.25460815429688,40.709865570068359
94904380,2025,2025-10-28,9135,2025-10-21,1857,021161,,2,2,9,4500,0,1,3,,1,302,"SR-273 S/B","OVERLAND DRIVE",600.00,N,N,A,-,Y,SHA,,273," "," ",8.911,H,,L,N,3,0,2,2,A,-,03,22350,,N,C,C,A,A,H,-,D,D,0,,,,,Y,,A,01,0,1,1,0,0,0,0,0,0,"- ","- ",40.483928680419922,-122.35057067871094,SHASTA,UNINCORPORATED,-122.35054779052734,40.48394775390625
94945126,2025,2025-11-24,9135,2025-11-16,1155,017698,,7,1,9,4500,0,3,5,,2,002,"WHITMORE ROAD","MIDHILL DRIVE",200.00,E,N,B,C,N,,,,,,,,,,Y,3,0,1,1,A,-,08,22107,,N,E,I,A,B,H,-,A,D,0,,,,,Y,,D,22,0,1,0,0,0,0,0,0,0,"- ","- ",40.622398376464844,-121.98124694824219,SHASTA,UNINCORPORATED,,