CASE_ID,ACCIDENT_YEAR,PROC_DATE,JURIS,COLLISION_DATE,COLLISION_TIME,OFFICER_ID,REPORTING_DISTRICT,DAY_OF_WEEK,CHP_SHIFT,POPULATION,CNTY_CITY_LOC,SPECIAL_COND,BEAT_TYPE,CHP_BEAT_TYPE,CITY_DIVISION_LAPD,CHP_BEAT_CLASS,BEAT_NUMBER,PRIMARY_RD,SECONDARY_RD,DISTANCE,DIRECTION,INTERSECTION,WEATHER_1,WEATHER_2,STATE_HWY_IND,CALTRANS_COUNTY,CALTRANS_DISTRICT,STATE_ROUTE,ROUTE_SUFFIX,POSTMILE_PREFIX,POSTMILE,LOCATION_TYPE,RAMP_INTERSECTION,SIDE_OF_HWY,TOW_AWAY,COLLISION_SEVERITY,NUMBER_KILLED,NUMBER_INJURED,PARTY_COUNT,PRIMARY_COLL_FACTOR,PCF_CODE_OF_VIOL,PCF_VIOL_CATEGORY,PCF_VIOLATION,PCF_VIOL_SUBSECTION,HIT_AND_RUN,TYPE_OF_COLLISION,MVIW,PED_ACTION,ROAD_SURFACE,ROAD_COND_1,ROAD_COND_2,LIGHTING,CONTROL_DEVICE,CHP_ROAD_TYPE,PEDESTRIAN_ACCIDENT,BICYCLE_ACCIDENT,MOTORCYCLE_ACCIDENT,TRUCK_ACCIDENT,NOT_PRIVATE_PROPERTY,ALCOHOL_INVOLVED,STWD_VEHTYPE_AT_FAULT,CHP_VEHTYPE_AT_FAULT,COUNT_SEVERE_INJ,COUNT_VISIBLE_INJ,COUNT_COMPLAINT_PAIN,COUNT_PED_KILLED,COUNT_PED_INJURED,COUNT_BICYCLIST_KILLED,COUNT_BICYCLIST_INJURED,COUNT_MC_KILLED,COUNT_MC_INJURED,PRIMARY_RAMP,SECONDARY_RAMP,LATITUDE,LONGITUDE,COUNTY,CITY,POINT_X,POINT_Y
6459970,2014,2014-07-11,9135,2014-04-20,1530,15245,,7,2,9,4500,0,3,5,,2,002,"SWEDE CREEK RD","BUCKBOARD TRL",434.00,S,N,A,-,N,,,,,,,,,,Y,3,0,1,1,A,-,01,23152,A,N,E,I,A,-,A,H,A,D,0,,,,,Y,Y,D,22,0,1,0,0,0,0,0,0,0,"- ","- ",,,SHASTA,UNINCORPORATED,-122.22489236,40.590118449999999
6560036,2014,2016-04-29,9135,2014-07-05,0255,012421,,6,3,9,4500,0,1,3,,2,603,"RT 299","HAT CREEK POWERHOUSE NO 2 RD",2112.00,E,N,A,-,Y,SHA,2,299,-,-,83.210,H,-,E,Y,2,0,1,1,A,-,01,23152,A,N,E,I,A,A,H,-,D,D,0,,,,,Y,Y,A,01,1,0,0,0,0,0,0,0,0,"- ","- ",,,SHASTA,UNINCORPORATED,-121.56628751,40.971475269999999
6508966,2014,2015-11-20,4501,2014-05-16,1731,412,SHAST,5,5,2,4501,0,0,0,,0,002,"NORTH ST","RT 5",48.00,E,N,A,-,Y,SHA,2,5,-,R,5.833,R,4,S,Y,2,0,1,2,A,-,12,22450,A,N,B,C,A,A,H,-,A,A,0,,,,,Y,,A,01,1,0,0,0,0,0,0,0,0,"- ",EF,,,SHASTA,ANDERSON,-122.295728,40.455474000000002
6895718,2015,2016-11-03,9135,2015-04-06,0800,012142,,1,1,9,4500,0,1,3,,2,605,"RT 89","RT 44",11880.00,N,N,B,-,Y,SHA,2,89,-,-,2.250,H,-,S,Y,4,0,1,1,A,-,03,22350,,N,E,I,A,C,H,-,A,D,0,,,,,Y,,A,01,0,0,1,0,0,0,0,0,0,"- ","- ",,,SHASTA,UNINCORPORATED,-121.42286933,40.715231240000001
6907293,2015,2015-05-20,4501,2015-04-15,0848,A415,,3,5,2,4501,0,0,0,,0,002,"BALLS FERRY RD","CHILDRESS DR",54.00,W,N,A,-,N,,,,,,,,,,N,3,0,1,2,A,-,09,21804,A,N,D,C,A,A,H,-,A,D,0,,,,,Y,,A,01,0,1,0,0,0,0,0,0,0,"- ","- ",,,SHASTA,ANDERSON,-122.28896835,40.45386877
6915708,2015,2015-05-27,9135,2015-04-25,0220,18133,,6,3,9,4500,0,3,5,,2,003,"HAPPY VALLEY RD","FLOWERS LN",95.00,S,N,B,C,N,,,,,,,,,,Y,3,0,1,1,A,-,08,22107,,N,E,I,A,B,H,-,D,D,0,,,,,Y,Y,D,22,0,1,0,0,0,0,0,0,0,"- ","- ",40.468519999999998,-122.39733,SHASTA,UNINCORPORATED,-122.39752188,40.468871419999999
6921905,2015,2016-11-03,9135,2015-04-28,0840,012864,,2,1,9,4500,0,1,1,,2,056,"RT 5","GILMAN RD",6336.00,N,N,A,-,Y,SHA,2,5,-,R,38.040,H,-,S,Y,4,0,1,1,A,-,08,22107,,N,E,I,A,A,H,-,A,D,1,,,,,Y,,A,01,0,0,1,0,0,0,0,0,0,"- ","- ",40.860030000000002,-122.34943,SHASTA,UNINCORPORATED,-122.35203165999999,40.861663630000002
6921909,2015,2016-11-02,9135,2015-04-29,0715,016339,,3,1,9,4500,0,1,3,,2,402,"RT 299","GOOSE CHASE RD",30.00,W,N,A,-,Y,SHA,2,299,-,-,73.280,H,-,W,Y,3,0,2,2,A,-,06,21750,,N,B,C,A,A,H,-,A,D,0,,,,,Y,,A,01,0,2,0,0,0,0,0,0,0,"- ","- ",,,SHASTA,UNINCORPORATED,-121.69461646000001,40.872418000000003
6939548,2015,2015-06-01,9135,2015-04-23,1547,14761,,4,2,9,4500,0,3,5,,2,001,"LAKE BL","IRISH RD",95.00,N,N,A,-,N,,,,,,,,,,Y,3,0,2,2,A,-,09,21804,A,N,D,C,A,A,H,-,A,D,0,,,,,Y,,A,01,0,2,0,0,0,0,0,0,0,"- ","- ",40.643599999999999,-122.39738,SHASTA,UNINCORPORATED,-122.39728359,40.643668429999998
6950425,2015,2015-06-23,9135,2015-05-17,0040,018026,,7,3,9,4500,0,3,5,,2,002,"BOYLE RD","NEVILLE RD",241.00,E,N,B,-,N,,,,,,,,,,Y,2,0,4,1,A,-,01,23152,A,N,E,I,A,B,H,-,D,D,0,,,,,Y,Y,D,22,2,0,2,0,0,0,0,0,0,"- ","- ",,,SHASTA,UNINCORPORATED,-122.24815941,40.59196807
6950738,2015,2015-06-18,9135,2015-05-24,1700,16424,,7,2,9,4500,0,3,5,,2,003,"SOUTH SHORE DR","J F KENNEDY MEMORIAL DR",7392.00,W,N,A,-,N,,,,,,,,,,N,3,0,1,1,A,-,17,21712,A,N,H,A,A,A,H,-,A,D,0,,,,,Y,Y,A,01,0,1,0,0,0,0,0,0,0,"- ","- ",40.604289999999999,-122.5564,SHASTA,UNINCORPORATED,-122.55621237,40.604309030000003
6950754,2015,2015-06-18,9135,2015-05-21,1808,18133,,4,2,9,4500,0,3,5,,2,003,"HAPPY VALLEY RD","SHAWN DR",95.00,N,N,A,-,N,,,,,,,,,,Y,3,0,2,1,A,-,01,23152,A,N,F,A,A,A,H,-,A,D,0,,,,,Y,Y,A,07,0,2,0,0,0,0,0,0,0,"- ","- ",40.450229999999998,-122.40259,SHASTA,UNINCORPORATED,-122.40259639999999,40.450245350000003
6962055,2015,2015-06-30,9135,2015-05-30,1051,14761,,6,1,9,4500,0,3,5,,2,004,"AIRPORT DR","DERSCH RD",54.00,S,N,B,-,N,,,,,,,,,,Y,3,0,3,2,A,-,03,22350,,N,C,C,A,A,H,-,A,A,0,,,,,Y,,D,22,0,1,2,0,0,0,0,0,0,"- ","- ",,,SHASTA,UNINCORPORATED,-122.29325421999999,40.480121789999998
6962214,2015,2016-11-02,9135,2015-05-29,2120,018026,,5,2,9,4500,0,1,3,,2,402,"RT 44","AIRPORT WY",236.00,W,N,A,-,Y,SHA,2,44,-,-,35.890,H,-,E,Y,4,0,1,2,A,-,01,23152,A,N,C,C,A,A,H,-,D,D,0,,,,,Y,Y,A,01,0,0,1,0,0,0,0,0,0,"- ","- ",,,SHASTA,UNINCORPORATED,-121.81292792000001,40.513520880000002
6964386,2015,2015-07-10,9135,2015-06-04,0920,013331,,4,1,9,4500,0,3,5,,2,003,"PALM AV","OLIVE ST",229.00,W,N,A,-,N,,,,,,,,,,Y,3,0,1,1,A,-,08,22107,,N,F,A,A,A,H,-,A,D,0,,,,,Y,,A,01,0,1,0,0,0,0,0,0,0,"- ","- ",,,SHASTA,UNINCORPORATED,-122.43652813,40.445848380000001
6976530,2015,2015-07-06,9135,2015-05-04,1330,15627,,1,1,9,4500,0,3,5,,2,003,"DERSCH RD","ASH CREEK RD",242.00,N,N,A,-,N,,,,,,,,,,Y,3,0,1,1,A,-,03,22350,,N,F,A,A,A,H,-,A,D,0,,,Y,,Y,,C,02,0,1,0,0,0,0,0,0,1,"- ","- ",,,SHASTA,UNINCORPORATED,-122.08214459,40.48166595
6982066,2015,2015-07-18,9135,2015-06-19,0115,018026,,5,3,9,4500,0,3,5,,2,004,"KNIGHTON RD","CHURN CREEK RD",1584.00,E,N,A,-,N,,,,,,,,,,Y,3,0,1,1,A,-,08,22107,,N,F,A,A,A,H,-,D,D,0,,,Y,,Y,,C,02,0,1,0,0,0,0,0,0,1,"- ","- ",,,SHASTA,UNINCORPORATED,-122.32848374,40.507352699999998
6984167,2015,2017-01-13,9135,2015-07-01,1412,13861,,3,2,9,4500,0,1,1,,2,056,"RT 5","RIVERVIEW DR",8976.00,N,N,A,-,Y,SHA,2,5,-,R,44.020,H,-,S,Y,2,0,1,1,A,-,08,22107,,N,E,I,A,A,H,-,A,D,1,,,,Y,Y,,G,25,1,0,0,0,0,0,0,0,0,"- ","- ",40.924599999999998,-122.41115000000001,SHASTA,UNINCORPORATED,-122.41070177,40.923838699999997
7006710,2015,2016-07-20,4502,2015-05-29,1724,324,,5,5,5,4502,0,0,0,,0,004,"GRANGE ST","RT 273",100.00,E,N,A,-,Y,SHA,2,273,-,-,15.434,I,6,N,Y,1,1,0,1,A,-,13,22515,A,N,H,A,A,-,A,H,A,D,0,,,,,Y,,A,07,0,0,0,0,0,0,0,0,0,"- ","- ",,,SHASTA,REDDING,-122.38788972,40.568879920000001
7039120,2015,2016-06-08,4500,2015-06-11,1049,196,SHAST,4,5,2,4580,0,0,0,,0,03B,"CASCADE BL","RIDDLE RD",269.00,N,N,A,-,N,,,,,,,,,,Y,3,0,2,2,A,-,05,21460,A,N,A,C,A,A,H,-,A,D,0,,,,,Y,,A,07,0,1,1,0,0,0,0,0,0,"- ","- ",,,SHASTA,"SHASTA LAKE",-122.36087132,40.65311852
7115583,2015,2017-02-01,4501,2015-10-15,1150,A404,,4,5,2,4501,0,0,0,,0,001,"RT 273","OX YOKE RD",0.00,,Y,A,-,Y,SHA,2,273,-,-,6.900,I,5,N,Y,3,0,3,2,A,-,12,21453,A,N,D,C,A,A,H,-,A,A,0,,,,,Y,,-,"- ",0,3,0,0,0,0,0,0,0,"- ","- ",,,SHASTA,ANDERSON,-122.32195555,40.464597159999997
7116989,2015,2015-11-20,4501,2015-10-27,1708,420,SHAST,2,5,2,4501,0,0,0,,0,A02,"MCMURRY DR","BALLS FERRY RD",0.00,,Y,C,-,N,,,,,,,,,,Y,3,0,2,3,A,-,03,22350,,N,C,C,A,B,H,-,A,A,0,,,,,Y,,A,01,0,1,1,0,0,0,0,0,0,"- ","- ",,,SHASTA,ANDERSON,-122.29045988999999,40.4525899
7139542,2014,2016-06-16,4502,2014-11-17,1722,119,,1,5,5,4502,0,0,0,,0,002,"RT 5",CYPRESS,8.00,S,N,A,-,Y,SHA,2,5,-,R,14.665,R,1,S,N,3,0,1,2,A,-,05,21650,1,N,D,G,A,A,H,-,C,A,0,,Y,,,Y,,L,04,0,1,0,0,0,0,1,0,0,SF,"- ",,,SHASTA,REDDING,-122.36068839000001,40.574017429999998
7139550,2014,2016-02-02,4502,2014-11-24,1336,105,,1,5,5,4502,0,0,0,,0,005,"EAST ST","PLACER ST",0.00,,Y,A,-,N,,,,,,,,,,Y,4,0,1,2,A,-,17,21451,A,N,A,C,A,A,H,-,A,A,0,,,,,Y,,A,01,0,0,1,0,0,0,0,0,0,"- ","- ",,,SHASTA,REDDING,-122.38742999999999,40.5830299
7139575,2014,2016-01-09,4502,2014-12-11,2336,176,,4,5,5,4502,0,0,0,,0,002,"SHASTA VIEW DR","WILSON AV",0.00,,Y,C,-,N,,,,,,,,,,Y,4,0,3,2,A,-,01,23152,A,N,D,C,A,B,H,-,C,A,0,,,,,Y,Y,A,01,0,0,3,0,0,0,0,0,0,"- ","- ",,,SHASTA,REDDING,-122.32555995,40.566609960000001
7139579,2014,2016-01-09,4502,2014-12-12,1015,137,4502,5,5,5,4502,0,0,0,,0,005,"PINE ST","PLACER ST",0.00,,Y,C,-,N,,,,,,,,,,N,4,0,1,2,A,-,12,21453,A,N,D,C,A,B,H,-,A,A,0,,,,,Y,,A,01,0,0,1,0,0,0,0,0,0,"- ","- ",,,SHASTA,REDDING,-122.38876992,40.58269997
7139594,2014,2016-06-16,4502,2014-10-24,1338,147,,5,5,5,4502,0,0,0,,0,004,"RT 273","CLEAR CREEK RD",110.00,N,N,A,-,Y,SHA,2,273,-,-,14.490,H,-,S,Y,3,0,4,2,A,-,03,22350,,N,C,C,A,A,H,-,A,A,0,,,,,Y,,A,08,0,1,3,0,0,0,0,0,0,"- ","- ",,,SHASTA,REDDING,-122.38816457,40.554871159999998
7139599,2014,2016-01-09,4502,2014-12-15,0659,105,,1,5,5,4502,0,0,0,,0,004,"EASTSIDE RD","GIRVAN RD",196.00,N,N,C,-,N,,,,,,,,,,Y,2,0,1,2,A,-,11,21956,A,N,G,B,D,B,H,-,D,D,0,Y,,,,Y,Y,N,60,1,0,0,0,1,0,0,0,0,"- ","- ",,,SHASTA,REDDING,-122.38012623,40.513587790000003
7139603,2014,2016-01-09,4502,2014-10-29,1834,166,,3,5,5,4502,0,0,0,,0,002,"CHURN CREEK RD","PRESIDIO ST",104.00,N,N,A,-,N,,,,,,,,,,N,2,0,1,2,A,-,11,21954,A,N,G,B,E,A,H,-,C,D,0,Y,,,,Y,,N,60,1,0,0,0,1,0,0,0,0,"- ","- ",,,SHASTA,REDDING,-122.35431023,40.582375020000001
7139614,2014,2016-01-09,4502,2014-08-05,0856,101,,2,5,5,4502,0,0,0,,0,002,"HARTNELL AV","LAWRENCE RD",0.00,,Y,B,-,N,,,,,,,,,,N,2,0,1,2,A,-,05,21650,1,N,G,G,A,A,H,-,A,A,0,,Y,,,Y,,-,"- ",1,0,0,0,0,0,1,0,0,"- ","- ",,,SHASTA,REDDING,-122.34828991000001,40.563779969999999
7139626,2014,2016-01-09,4502,2014-08-10,0838,147,,7,5,5,4502,0,0,0,,0,002,"HARTNELL AV","NORTHWOODS AV",21.00,W,N,A,-,N,,,,,,,,,,Y,4,0,1,2,A,-,03,22350,,N,C,C,A,A,H,-,A,A,0,,,,,Y,,A,01,0,0,1,0,0,0,0,0,0,"- ","- ",,,SHASTA,REDDING,-122.3564056,40.563819090000003
7139633,2014,2016-04-26,4502,2014-09-11,1605,195,,4,5,5,4502,0,0,0,,0,007,"RT 299","RT 273",50.00,E,N,A,-,Y,SHA,2,299,-,-,24.090,H,-,W,N,4,0,1,2,A,-,03,22350,,N,C,C,A,A,H,-,A,A,0,,,,,Y,,A,07,0,0,1,0,0,0,0,0,0,"- ","- ",,,SHASTA,REDDING,-122.37658971,40.609483060000002
7139634,2014,2016-01-09,4502,2014-08-06,1527,105,,3,5,5,4502,0,0,0,,0,004,"WESTSIDE RD",KENYON,1595.00,S,N,A,-,N,,,,,,,,,,N,3,0,1,2,A,-,05,21202,A,N,B,G,A,A,H,-,A,D,0,,Y,,,Y,,L,04,0,1,0,0,0,0,1,0,0,"- ","- ",,,SHASTA,REDDING,-122.38572709,40.539651749999997
7139657,2014,2016-01-09,4502,2014-09-16,1716,127,,2,5,5,4502,0,0,0,,0,001,"OLD ALTURAS RD","FRIENDLY RD",0.00,,Y,A,-,N,,,,,,,,,,N,4,0,1,2,A,-,12,21453,A,N,D,G,A,A,H,-,A,A,0,,Y,,,Y,,L,04,0,0,1,0,0,0,1,0,0,"- ","- ",,,SHASTA,REDDING,-122.34685992999999,40.587789919999999
7139672,2014,2016-04-06,4502,2014-10-14,2225,180,,2,5,5,4502,0,0,0,,0,002,"CHURN CREEK RD","HARTNELL AV",350.00,N,N,B,-,N,,,,,,,,,,Y,4,0,1,3,A,-,03,22350,,N,C,C,A,A,H,-,A,A,0,,,,,Y,,A,01,0,0,1,0,0,0,0,0,0,"- ","- ",,,SHASTA,REDDING,-122.35312,40.56478104
7139673,2014,2016-01-09,4502,2014-09-14,0229,111,4502,7,5,5,4502,0,0,0,,0,007,"LAKE BL","CLAY ST",540.00,E,N,A,-,N,,,,,,,,,,Y,2,0,1,2,A,-,11,21955,,N,G,B,D,A,H,-,C,D,0,Y,,,,Y,Y,N,60,1,0,0,0,1,0,0,0,0,"- ","- ",,,SHASTA,REDDING,-122.38418634999999,40.612949810000003
7139674,2014,2016-04-26,4502,2014-08-16,1651,107,,6,5,5,4502,0,0,0,,0,004,"S MARKET",CYPRESS,0.00,S,N,A,-,Y,SHA,2,273,-,-,15.950,H,-,N,Y,4,0,2,2,A,-,03,22350,,N,B,C,A,A,H,-,A,-,0,,,,,Y,,A,01,0,0,2,0,0,0,0,0,0,"- ","- ",,,SHASTA,REDDING,-122.38691095,40.57596942
7139693,2014,2016-02-09,4502,2014-08-28,1109,193,,4,5,5,4502,0,0,0,,0,005,"CYPRESS AV","PINE ST",18.00,E,N,A,-,N,,,,,,,,,,N,4,0,2,3,A,-,03,22350,,N,C,C,A,A,H,-,A,A,0,,,,,Y,,A,07,0,0,2,0,0,0,0,0,0,"- ","- ",,,SHASTA,REDDING,-122.38675585999999,40.576262870000001
7150027,2014,2016-03-21,4502,2014-04-03,1620,180,,4,5,5,4502,0,0,0,,0,006,"RT 237","QUARTZ HILL RD",65.00,N,N,B,-,Y,SHA,2,273,-,-,17.340,H,-,S,N,4,0,1,2,A,-,03,22350,,N,C,C,A,A,H,-,A,A,0,,,,,Y,,A,01,0,0,1,0,0,0,0,0,0,"- ","- ",,,SHASTA,REDDING,-122.39003714,40.593901240000001
7150217,2014,2016-01-09,4502,2014-06-25,1603,150,SAME,3,5,5,4502,0,0,0,,0,005,"PINE ST","SACRAMENTO ST",0.00,,Y,B,-,N,,,,,,,,,,Y,4,0,2,2,A,-,12,21453,A,N,D,C,A,A,H,-,A,A,0,,,,,Y,,D,22,0,0,2,0,0,0,0,0,0,"- ","- ",,,SHASTA,REDDING,-122.38827985,40.581689900000001
7150292,2014,2016-01-08,4502,2014-12-26,0941,13,4502,5,5,5,4502,0,0,0,,0,005,"PLACER ST","COURT ST",0.00,,Y,A,-,N,,,,,,,,,,Y,4,0,1,2,A,-,12,21453,A,N,D,C,A,A,H,-,A,A,0,,,,,Y,,A,01,0,0,1,0,0,0,0,0,0,"- ","- ",,,SHASTA,REDDING,-122.39488,40.581189989999999
7150300,2014,2016-01-08,4502,2014-12-11,1841,156,,4,5,5,4502,0,0,0,,0,007,"LAKE BL","OASIS RD",0.00,,Y,C,-,N,,,,,,,,,,Y,4,0,2,2,A,-,12,21453,A,N,A,C,A,B,H,-,C,A,0,,,,,Y,,A,01,0,0,2,0,0,0,0,0,0,"- ","- ",,,SHASTA,REDDING,-122.40522993,40.627369960000003
7150352,2014,2016-06-16,4502,2014-10-06,1424,324,,1,5,5,4502,0,0,0,,0,005,"LINCOLN ST","MARKET ST",0.00,,Y,A,-,Y,SHA,2,273,-,-,16.184,I,5,S,N,4,0,1,2,A,-,09,21802,A,N,D,C,A,A,H,-,A,D,0,,,,,Y,,D,22,0,0,1,0,0,0,0,0,0,"- ","- ",,,SHASTA,REDDING,-122.38850137,40.578815249999998
7150378,2014,2016-01-09,4502,2014-07-08,0941,176,,2,5,5,4502,0,0,0,,0,006,"RIVERSIDE DR","CENTER ST",0.00,,Y,B,-,N,,,,,,,,,,Y,4,0,1,2,A,-,08,22107,,N,D,C,A,A,H,-,A,D,0,,,,,Y,,D,22,0,0,1,0,0,0,0,0,0,"- ","- ",,,SHASTA,REDDING,-122.39617986,40.590269919999997
7150394,2014,2016-01-09,4502,2014-08-23,1437,109,,6,5,5,4502,0,0,0,,0,005,"COURT ST","SHASTA ST",0.00,,Y,A,-,N,,,,,,,,,,Y,4,0,2,2,A,-,09,21801,A,N,D,C,A,A,H,-,A,A,0,,,,,Y,,D,22,0,0,2,0,0,0,0,0,0,"- ","- ",,,SHASTA,REDDING,-122.3965599,40.585159920000002
7151657,2014,2016-04-07,4502,2014-07-06,0522,118,,7,5,5,4502,0,0,0,,0,005,"SHASTA ST","WEST ST",100.00,W,N,A,-,N,,,,,,,,,,Y,4,0,1,1,A,-,08,22107,,M,E,I,A,A,H,-,B,D,0,,,,,Y,Y,A,01,0,0,1,0,0,0,0,0,0,"- ","- ",,,SHASTA,REDDING,-122.39837498999999,40.584691149999998
7153766,2014,2016-01-09,4502,2014-08-04,1321,166,,1,5,5,4502,0,0,0,,0,002,"HARTNELL AV","EAST WY",50.00,W,N,B,-,N,,,,,,,,,,Y,3,0,2,2,A,-,03,22350,,N,C,C,A,A,H,-,A,D,0,,,,,Y,,A,01,0,1,1,0,0,0,0,0,0,"- ","- ",,,SHASTA,REDDING,-122.33506002,40.563830000000003
7153828,2014,2016-01-11,4502,2014-03-25,0740,105,,2,5,5,4502,0,0,0,,0,005,"COURT ST","EUREKA WY",0.00,,Y,C,-,N,,,,,,,,,,N,3,0,1,2,A,-,05,21650,,N,D,G,A,B,H,-,A,A,0,,Y,,,Y,,L,04,0,1,0,0,0,0,1,0,0,"- ","- ",,,SHASTA,REDDING,-122.39715995,40.586459959999999
7153829,2014,2016-01-11,4502,2014-03-24,1419,303,,1,5,5,4502,0,0,0,,0,001,"OLD 44 DR","CARSON DR",0.00,,Y,A,-,N,,,,,,,,,,Y,4,0,1,2,A,-,03,22350,,N,D,C,A,A,H,-,A,D,0,,,,,Y,,D,22,0,0,1,0,0,0,0,0,0,"- ","- ",,,SHASTA,REDDING,-122.29518999,40.563849920000003
7153842,2014,2016-01-11,4502,2014-03-06,0820,193,,4,5,5,4502,0,0,0,,0,003,"AIRPORT RD","ELECTRO WY",71.00,N,N,C,-,N,,,,,,,,,,Y,4,0,1,3,A,-,03,22350,,N,C,C,A,B,H,-,A,A,0,,,,,Y,,D,22,0,0,1,0,0,0,0,0,0,"- ","- ",,,SHASTA,REDDING,-122.30278901,40.530274949999999
7153851,2014,2016-01-11,4502,2014-01-30,1412,180,,4,5,5,4502,0,0,0,,0,006,"SOUTH ST","PINE ST",0.00,,Y,B,-,N,,,,,,,,,,N,4,0,2,2,A,-,12,21453,A,N,D,C,A,A,H,-,A,A,0,,,,,Y,,A,01,0,0,2,0,0,0,0,0,0,"- ","- ",,,SHASTA,REDDING,-122.38804991000001,40.581119979999997
7154046,2014,2016-01-12,4502,2014-02-20,1641,145,,4,5,5,4502,0,0,0,,0,001,"FRIENDLY RD","BROWNING ST",15.00,S,N,A,-,N,,,,,,,,,,N,4,0,1,1,A,-,03,22350,,N,H,A,A,A,H,-,A,A,0,,Y,,,Y,,L,04,0,0,1,0,0,0,1,0,0,"- ","- ",,,SHASTA,REDDING,-122.34442653000001,40.589319060000001
7154101,2014,2016-01-11,4502,2014-03-30,1040,147,,7,5,5,4502,0,0,0,,0,003,"CHURN CREEK RD","S BONNYVIEW AV",0.00,,N,B,-,N,,,,,,,,,,Y,2,0,1,1,A,-,05,21650,,N,E,J,A,A,H,-,A,A,0,,,,,Y,,A,01,1,0,0,0,0,0,0,0,0,"- ","- ",,,SHASTA,REDDING,-122.34897998,40.538099959999997
7154102,2014,2016-02-20,4502,2014-03-28,1227,143,,5,5,5,4502,0,0,0,,0,007,"NORTH MARKET ST","LAKE BL",165.00,S,N,B,C,Y,SHA,2,273,-,-,18.590,H,-,N,Y,4,0,2,2,A,-,03,22350,,N,C,C,A,B,H,-,A,A,0,,,,,Y,,-,,0,0,2,0,0,0,0,0,0,"- ","- ",,,SHASTA,REDDING,-122.37655692,40.608940369999999
7154117,2014,2016-02-20,4502,2014-03-03,1535,105,,1,5,5,4502,0,0,0,,0,007,"RT 273","LAKE BL",139.00,S,N,C,-,Y,SHA,2,273,-,-,18.590,H,-,S,N,4,0,1,2,A,-,03,22350,,N,D,C,A,B,H,-,A,D,0,,,,,Y,,A,01,0,0,1,0,0,0,0,0,0,"- ","- ",,,SHASTA,REDDING,-122.37677857,40.608951779999998
7154166,2014,2016-01-08,4502,2014-03-05,1951,160,,3,5,5,4502,0,0,0,,0,002,"HILLTOP DR","PRESIDIO ST",0.00,,Y,C,-,N,,,,,,,,,,N,4,0,1,2,D,-,00,,,N,D,C,A,B,H,-,C,A,0,,,,,Y,,-,"- ",0,0,1,0,0,0,0,0,0,"- ","- ",,,SHASTA,REDDING,-122.35776989,40.581819930000002
7154192,2014,2016-01-11,4502,2014-04-09,1757,138,,3,5,5,4502,0,0,0,,0,003,"AIRPORT RD","HARTNELL AV",0.00,,Y,A,-,N,,,,,,,,,,Y,4,0,1,2,A,-,09,21802,A,N,D,C,A,A,H,-,A,D,0,,,,,Y,,A,01,0,0,1,0,0,0,0,0,0,"- ","- ",,,SHASTA,REDDING,-122.30173996000001,40.558969959999999
7154267,2014,2016-01-12,4502,2014-05-09,2150,131,4502,5,5,5,4502,0,0,0,,0,005,"PLACER ST","CALIFORNIA ST",0.00,,Y,A,-,N,,,,,,,,,,Y,3,0,1,2,A,-,01,23152,A,F,D,C,A,-,H,-,C,A,0,,,,,Y,Y,A,01,0,1,0,0,0,0,0,0,0,"- ","- ",,,SHASTA,REDDING,-122.39131992999999,40.582059950000001
7154344,2014,2016-01-08,4502,2014-06-13,1707,107,,5,5,5,4502,0,0,0,,0,004,"S BONNYVIEW","E BONNYVIEW",0.00,,Y,A,-,N,,,,,,,,,,N,4,0,2,2,A,-,03,22350,,N,C,C,A,A,H,-,A,A,0,,,,,Y,,A,07,0,0,2,0,0,0,0,0,0,"- ","- ",,,SHASTA,REDDING,-122.37425,40.531679889999999
7154350,2014,2016-04-26,4502,2014-06-07,2117,139,,6,5,5,4502,0,0,0,,0,003,"SOUTH BONNYVIEW RD","RT 5",0.00,,Y,A,-,Y,SHA,2,5,-,R,11.961,R,4,S,N,4,0,1,2,A,-,03,22350,,M,C,C,A,A,H,-,C,A,0,,,,,Y,,A,01,0,0,1,0,0,0,0,0,0,"- ",SO,,,SHASTA,REDDING,-122.3503944,40.53576829
7154356,2014,2016-01-08,4502,2014-06-04,0756,105,,3,5,5,4502,0,0,0,,0,005,"COURT ST","GOLD ST",0.00,,Y,A,-,N,,,,,,,,,,Y,4,0,1,2,A,-,09,21801,A,N,D,C,A,A,H,-,A,D,0,,,,,Y,,A,01,0,0,1,0,0,0,0,0,0,"- ","- ",,,SHASTA,REDDING,-122.39379995,40.578599969999999
7154667,2014,2016-06-16,4502,2014-10-19,1535,111,4502,7,5,5,4502,0,0,0,,0,0B4,"RT 273","BUENA VENTURA",0.00,,Y,A,-,Y,SHA,2,273,-,-,14.470,I,5,S,N,4,0,1,3,A,-,12,21453,A,N,D,C,A,A,H,-,A,A,0,,,,,Y,,A,01,0,0,1,0,0,0,0,0,0,"- ","- ",,,SHASTA,REDDING,-122.38811717999999,40.554575020000001
8006271,2015,2016-11-05,4502,2015-04-15,1512,166,,3,5,5,4502,0,0,0,,0,002,"VICTOR AV","RT 44",30.00,S,N,A,-,Y,SHA,2,44,-,R,1.436,R,4,E,N,4,0,1,3,A,-,03,22350,,N,C,C,A,A,H,-,A,A,0,,,,,Y,,D,22,0,0,1,0,0,0,0,0,0,"- ",EF,,,SHASTA,REDDING,-122.33622754,40.578473549999998
8006273,2015,2016-04-14,4502,2015-01-02,1151,147,,5,5,5,4502,0,0,0,,0,003,"RANCHO RD","ALTA MESA DR",0.00,,Y,A,-,N,,,,,,,,,,Y,4,0,2,2,A,-,08,22107,,N,D,C,A,A,H,-,A,D,0,,,,,Y,,A,07,0,0,2,0,0,0,0,0,0,"- ","- ",,,SHASTA,REDDING,-122.33022989,40.534709909999997
8006277,2015,2016-04-06,4502,2015-01-03,1641,147,,6,5,5,4502,0,0,0,,0,001,"HILLTOP DR","RIDGETOP DR",600.00,N,N,A,-,N,,,,,,,,,,Y,4,0,1,2,A,-,08,22100,5,N,D,C,A,A,H,-,A,D,0,,,,,Y,,D,22,0,0,1,0,0,0,0,0,0,"- ","- ",,,SHASTA,REDDING,-122.37566011,40.604858640000003
8006278,2015,2017-06-15,4502,2015-02-25,0823,321,4502,3,5,5,4502,0,0,0,,0,005,"RT 273","SOUTH ST",0.00,,Y,A,-,Y,SHA,2,273,-,R,16.400,I,5,S,Y,4,0,1,2,A,-,12,21453,A,N,D,C,A,A,H,-,A,A,0,,,,,Y,,A,01,0,0,1,0,0,0,0,0,0,"- ","- ",,,SHASTA,REDDING,-122.39066174,40.580501980000001