CASE_ID,ACCIDENT_YEAR,PROC_DATE,JURIS,COLLISION_DATE,COLLISION_TIME,OFFICER_ID,REPORTING_DISTRICT,DAY_OF_WEEK,CHP_SHIFT,POPULATION,CNTY_CITY_LOC,SPECIAL_COND,BEAT_TYPE,CHP_BEAT_TYPE,CITY_DIVISION_LAPD,CHP_BEAT_CLASS,BEAT_NUMBER,PRIMARY_RD,SECONDARY_RD,DISTANCE,DIRECTION,INTERSECTION,WEATHER_1,WEATHER_2,STATE_HWY_IND,CALTRANS_COUNTY,CALTRANS_DISTRICT,STATE_ROUTE,ROUTE_SUFFIX,POSTMILE_PREFIX,POSTMILE,LOCATION_TYPE,RAMP_INTERSECTION,SIDE_OF_HWY,TOW_AWAY,COLLISION_SEVERITY,NUMBER_KILLED,NUMBER_INJURED,PARTY_COUNT,PRIMARY_COLL_FACTOR,PCF_CODE_OF_VIOL,PCF_VIOL_CATEGORY,PCF_VIOLATION,PCF_VIOL_SUBSECTION,HIT_AND_RUN,TYPE_OF_COLLISION,MVIW,PED_ACTION,ROAD_SURFACE,ROAD_COND_1,ROAD_COND_2,LIGHTING,CONTROL_DEVICE,CHP_ROAD_TYPE,PEDESTRIAN_ACCIDENT,BICYCLE_ACCIDENT,MOTORCYCLE_ACCIDENT,TRUCK_ACCIDENT,NOT_PRIVATE_PROPERTY,ALCOHOL_INVOLVED,STWD_VEHTYPE_AT_FAULT,CHP_VEHTYPE_AT_FAULT,COUNT_SEVERE_INJ,COUNT_VISIBLE_INJ,COUNT_COMPLAINT_PAIN,COUNT_PED_KILLED,COUNT_PED_INJURED,COUNT_BICYCLIST_KILLED,COUNT_BICYCLIST_INJURED,COUNT_MC_KILLED,COUNT_MC_INJURED,PRIMARY_RAMP,SECONDARY_RAMP,LATITUDE,LONGITUDE,COUNTY,CITY,POINT_X,POINT_Y
8948160,2019,2019-10-11,4502,2019-04-12,0823,146,,5,5,5,4502,0,0,0,,0,,"CHURN CREEK RD","DANA DR",0.00,,Y,A,-,N,,,,,,,,,,N,3,0,1,2,A,-,12,21453,A,N,D,C,A,A,H,-,A,A,0,,,,,Y,,A,01,0,1,0,0,0,0,0,0,0,"- ","- ",40.586181640625,-122.35147094726562,SHASTA,REDDING,-122.35151672363281,40.586189270019531
8956638,2019,2020-02-03,4502,2019-05-22,1444,R0201,R04,3,5,5,4502,0,0,0,,0,004,"RT 273","BUENAVENTURA BL",0.00,,Y,A,-,Y,SHA,2,273,-,-,14.470,I,5,S,Y,4,0,3,2,A,-,12,21453,A,N,A,C,A,A,H,-,A,A,0,,,,,Y,,D,22,0,0,3,0,0,0,0,0,0,"- ","- ",40.554588317871094,-122.38816070556641,SHASTA,REDDING,-122.38811492919922,40.554576873779297
8965765,2019,2019-10-30,4502,2019-05-04,1159,R526,R06,6,5,5,4502,0,0,0,,0,006,"NORTH MARKET ST","ARBORETUM DR",1320.00,N,N,A,-,N,,,,,,,,,,Y,3,0,1,2,A,-,03,22350,,N,C,C,A,A,H,-,A,A,0,,,,,Y,,A,01,0,1,0,0,0,0,0,0,0,"- ","- ",,,SHASTA,REDDING,-122.38442230224609,40.599349975585938
8965769,2019,2019-10-30,4502,2019-05-04,1808,YABRA108,,6,5,5,4502,0,0,0,,0,005,"SHASTA ST","OREGON ST",61.00,W,N,A,-,N,,,,,,,,,,Y,3,0,1,2,A,-,08,22107,,N,B,C,A,A,H,-,A,D,0,,,,,Y,,A,01,0,1,0,0,0,0,0,0,0,"- ","- ",40.585468292236328,-122.39530181884766,SHASTA,REDDING,-122.39546203613281,40.585411071777344
8967332,2019,2020-05-28,4502,2019-06-24,1924,R0071,R07,1,5,5,4502,0,0,0,,0,001,"EAST LAKE BL","RT 5",0.00,,Y,A,-,Y,SHA,2,299,-,-,24.690,H,-,W,Y,3,0,2,2,A,-,01,23153,F,F,C,C,A,A,H,-,A,A,0,,,,,Y,,A,07,0,2,0,0,0,0,0,0,0,"- ",SF,40.611049652099609,-122.37013244628906,SHASTA,REDDING,-122.36570739746094,40.611919403076172
8967348,2019,2019-12-03,4502,2019-06-17,0500,R197,R03,1,5,5,4502,0,0,0,,0,003,"DIANE ST",WOODACRE,210.00,N,N,A,-,N,,,,,,,,,,Y,2,0,1,2,A,-,05,21650,,N,A,E,A,A,H,-,D,D,0,,,,,Y,,D,22,1,0,0,0,0,0,0,0,0,"- ","- ",,,SHASTA,REDDING,-122.3582763671875,40.546035766601562
8974236,2019,2020-02-04,4502,2019-04-27,1146,124,,6,5,5,4502,0,0,0,,0,004,"RT 273","SOUTH BONNYVIEW RD",100.00,S,N,A,-,Y,SHA,2,273,-,-,12.610,H,-,S,Y,3,0,1,1,A,-,08,22107,,N,A,I,A,A,H,-,A,D,0,,,,,Y,,A,01,0,1,0,0,0,0,0,0,0,"- ","- ",40.528961181640625,-122.38345336914062,SHASTA,REDDING,-122.38343811035156,40.527973175048828
90006162,2015,2015-10-19,9135,2015-07-20,0640,012264,,1,1,9,4500,0,1,1,,2,056,"I-5 N/B","GILMAN RD",567.00,N,N,A,-,Y,,,5,,,,,,N,Y,4,0,2,1,A,-,08,22107,,N,E,I,A,A,H,-,A,D,0,,,,,Y,,A,01,0,0,2,0,0,0,0,0,0,"- ","- ",40.848730000000003,-122.34047,SHASTA,UNINCORPORATED,-122.34041139,40.84881188
90006252,2015,2015-10-19,9135,2015-07-24,1430,016480,,5,2,5,4502,0,1,3,,2,040,"SR-44 E/B","VICTOR AVE.",562.00,E,N,A,-,Y,,,44,,,,,,E,Y,4,0,1,2,A,-,08,22107,,N,B,C,A,A,H,-,A,D,0,,,,,Y,,A,01,0,0,1,0,0,0,0,0,0,"- ","- ",40.57882,-122.33683000000001,SHASTA,REDDING,-122.33684527,40.578790210000001
90010506,2015,2015-10-19,9135,2015-08-17,1655,016424,,1,2,9,4500,0,3,5,,2,004,"DESCHUTES ROAD","RED BUD LANE",135.00,S,N,A,-,N,,,,,,,,,,Y,3,0,1,1,A,-,01,23152,A,N,E,I,A,A,H,-,A,D,0,,,,,Y,Y,A,07,0,1,0,0,0,0,0,0,0,"- ","- ",40.520200000000003,-122.23849,SHASTA,UNINCORPORATED,-122.23853244,40.519829319999999
90012243,2015,2015-10-19,9135,2015-08-22,1945,015667,,6,2,9,4500,0,3,5,,2,004,"OLD OREGON TRAIL","PICKFORD WAY",165.00,N,N,A,-,N,,,,,,,,,,Y,3,0,1,1,A,-,01,23152,A,N,E,I,A,A,H,-,A,D,0,,,,,Y,Y,A,01,0,1,0,0,0,0,0,0,0,"- ","- ",,,SHASTA,UNINCORPORATED,-122.29568508,40.546303039999998
90013711,2015,2015-10-19,9135,2015-08-24,1610,017698,,1,2,5,4502,0,3,5,,2,003,"CANYON ROAD","CHINA GULCH ROAD",658.00,S,N,A,-,N,,,,,,,,,,Y,2,0,1,1,A,-,08,22107,,N,E,I,A,A,H,-,A,D,0,,,Y,,Y,,C,02,1,0,0,0,0,0,0,0,1,"- ","- ",,,SHASTA,REDDING,-122.39384905,40.486826409999999
90017465,2015,2015-10-19,9135,2015-09-13,1245,012421,,7,1,9,4500,0,3,5,,2,006,"U.S. FOREST SERVICE ROAD 32N13","U.S. FOREST SERVICE 32N12",150.00,E,N,A,-,N,,,,,,,,,,N,3,0,1,1,A,-,03,38305,,N,E,I,A,A,H,-,A,D,0,,,Y,,Y,,C,06,0,1,0,0,0,0,0,0,1,"- ","- ",,,SHASTA,UNINCORPORATED,-121.46949738000001,40.615249419999998
90020331,2015,2015-10-19,9135,2015-09-11,0602,013861,,5,1,9,4500,0,1,3,,2,402,"STATE ROUTE 44","BLACK BUTTE ROAD",1056.00,E,N,A,-,Y,,,44,,,,,,,Y,3,0,1,1,A,-,05,21650,,N,E,I,A,A,H,-,D,D,0,,,,,Y,,D,22,0,1,0,0,0,0,0,0,0,"- ","- ",40.50188,-121.99037,SHASTA,UNINCORPORATED,-121.99039028,40.501652870000001
90022436,2015,2015-10-19,9135,2015-08-30,1730,016087,,7,2,9,4500,0,3,5,,2,003,"MISSOURI LANE","FAIRWIND DRIVE",213.00,N,N,A,-,N,,,,,,,,,,Y,1,2,1,1,A,-,01,23152,,F,E,I,A,A,H,-,A,D,0,,,,,Y,Y,A,01,0,1,0,0,0,0,0,0,0,"- ","- ",,,SHASTA,UNINCORPORATED,-122.32642654999999,40.460223450000001
90035405,2015,2015-10-21,9135,2015-10-11,0910,012978,9135,7,1,9,4500,0,1,1,,2,055,SR-299,"OAK RUN ROAD",29832.00,W,N,A,-,Y,,,299,,,,,,,Y,2,0,1,1,A,-,01,23152,A,N,E,I,A,A,H,-,A,D,0,,,,,Y,Y,A,01,1,0,0,0,0,0,0,0,0,"- ","- ",40.706600000000002,-122.0919,SHASTA,UNINCORPORATED,-122.09192437999999,40.706635439999999
90042670,2015,2015-11-02,9135,2015-10-27,1615,016513,,2,2,9,4500,0,3,5,,2,003,"HAWTHORNE AVE","HAPPY VALLEY RD",850.00,W,N,B,C,N,,,,,,,,,,Y,4,0,1,1,A,-,08,22107,,N,A,I,A,B,H,-,A,D,0,,,,,Y,,A,01,0,0,1,0,0,0,0,0,0,"- ","- ",,,SHASTA,UNINCORPORATED,-122.40043644000001,40.477919999999997
90056337,2015,2015-11-20,9135,2015-11-08,1208,017428,,7,1,9,4500,0,3,5,,2,004,"CHURN CREEK RD.","CHURN CREEK BRIDGE #06C0128",151.00,S,N,B,C,N,,,,,,,,,,Y,2,0,1,1,A,-,08,22107,,N,E,I,A,B,H,-,A,D,0,,,,,Y,,A,01,1,0,0,0,0,0,0,0,0,"- ","- ",,,SHASTA,UNINCORPORATED,,
90067504,2015,2015-12-08,9135,2015-11-27,0000,018133,,5,3,9,4500,0,3,5,,2,001,"TRINITY MOUNTAIN RD",SR-299,52800.00,N,N,A,-,N,,,,,,,,,,Y,3,0,1,1,A,-,08,22107,,N,E,I,A,A,H,-,D,D,0,,,,,Y,,D,22,0,1,0,0,0,0,0,0,0,"- ","- ",,,SHASTA,UNINCORPORATED,-122.63703,40.698830000000001
90067589,2015,2015-12-08,9135,2015-11-28,1045,015627,,6,1,9,4500,0,1,3,,1,301,SR-299,"MIDDLE CREEK ROAD",0.00,,Y,A,-,Y,,,,,,,,,,Y,3,0,1,2,A,-,09,21801,A,N,A,C,A,A,H,-,A,D,0,,,,,Y,,A,01,0,1,0,0,0,0,0,0,0,"- ","- ",,,SHASTA,UNINCORPORATED,,
90068194,2015,2015-12-08,9135,2015-12-03,1203,16461,,4,1,9,4500,0,3,5,,2,004,"DERSCH RD","AIRPORT RD",0.00,,Y,B,C,N,,,,,,,,,,Y,4,0,1,2,A,-,09,21803,A,N,D,C,A,B,H,-,A,A,0,,,,,Y,,D,22,0,0,1,0,0,0,0,0,0,"- ","- ",,,SHASTA,UNINCORPORATED,-122.29325991,40.480269890000002
90072591,2015,2015-12-14,9135,2015-12-11,2225,018433,,5,3,9,4500,0,3,5,,2,004,"MILLVILLE PLAINS RD","7500 MILLVILLE PLAINS PRIVATE RD.",350.00,N,N,E,-,N,,,,,,,,,,Y,3,0,1,1,A,-,08,22107,,N,F,A,A,B,H,-,D,D,0,,,,,Y,,A,01,0,1,0,0,0,0,0,0,0,"- ","- ",,,SHASTA,UNINCORPORATED,-122.19080687,40.507376890000003
90083588,2015,2015-12-28,9135,2015-12-23,1525,019030,,3,2,9,4500,0,1,3,,2,605,"SR-89 S/B",SR-44,7920.00,N,N,A,-,Y,,,,,,,,,,Y,4,0,2,1,A,-,08,22107,,N,E,I,A,A,H,-,D,D,0,,,,,Y,,A,07,0,0,2,0,0,0,0,0,0,"- ","- ",,,SHASTA,UNINCORPORATED,-121.57483657,40.565319969999997
90084368,2015,2015-12-31,9135,2015-12-24,1750,018433,,4,2,5,4502,0,2,S,,2,901,"OLD OREGON TRL","PICKFORD WAY",500.00,N,N,B,-,N,,,,,,,,,,Y,3,0,1,1,A,-,08,22107,,N,E,I,A,A,H,-,D,D,0,,,,,Y,,D,22,0,1,0,0,0,0,0,0,0,"- ","- ",,,SHASTA,REDDING,-122.29573014,40.54722031
90085684,2015,2015-12-30,9135,2015-12-25,1945,018552,,5,2,9,4500,0,3,5,,2,003,"CLOVERDALE RD","PLACER RD",1584.00,S,N,A,-,N,,,,,,,,,,Y,3,0,3,1,A,-,08,22107,,N,E,I,A,A,H,-,D,D,0,,,,,Y,,A,01,0,1,2,0,0,0,0,0,0,"- ","- ",,,SHASTA,UNINCORPORATED,-122.53881,40.506529999999998
90086358,2015,2015-12-31,9135,2015-12-28,0330,016513,,1,3,9,4500,0,1,1,,2,053,"I-5 S/B TO MAIN ST","I-5 N/B O/C",65.00,E,N,A,-,Y,,,,,,,,,,Y,4,0,1,1,A,-,08,22107,,N,E,I,A,A,H,-,C,D,0,,,,,Y,,D,22,0,0,1,0,0,0,0,0,0,"- ","- ",,,SHASTA,UNINCORPORATED,,
90096434,2016,2016-01-15,9135,2016-01-14,1430,012421,,4,2,9,4500,0,1,3,,2,605,SR-89,SR-44,18480.00,N,N,D,-,Y,,,,,,,,,,Y,4,0,1,1,A,-,03,22350,,N,F,A,A,C,H,-,A,D,0,,,,Y,Y,,F,26,0,0,1,0,0,0,0,0,0,"- ","- ",,,SHASTA,UNINCORPORATED,-121.55080096,40.586070909999997
90098064,2016,2016-01-19,9135,2016-01-15,0720,015133,,5,1,9,4500,0,1,3,,1,301,SR-299,"TRINITY MOUNTAIN ROAD",38.00,E,N,A,-,Y,,,299,,,,,,,Y,4,0,1,1,C,-,18,,,N,E,I,A,C,G,-,B,D,0,,,,,Y,,-,"- ",0,0,1,0,0,0,0,0,0,"- ","- ",40.665329999999997,-122.63612000000001,SHASTA,UNINCORPORATED,-122.63627948,40.665079460000001
90110114,2016,2016-02-05,9135,2016-01-23,1820,018433,,6,2,9,4500,0,1,3,,1,201,SR-299,"DESCHUTES RD",528.00,W,N,B,-,Y,,,,,,,,,,Y,4,0,1,2,A,-,05,21460,A,F,A,C,A,A,H,-,D,D,0,,,,,Y,,A,01,0,0,1,0,0,0,0,0,0,"- ","- ",,,SHASTA,UNINCORPORATED,-122.24424723,40.638199810000003
90111462,2016,2016-02-08,9135,2016-01-30,0237,018469,,6,3,9,4500,0,1,1,,2,053,"I-5 S/B","RIVERSIDE AVE",4752.00,N,N,A,-,Y,,,5,,,,,,S,Y,3,0,1,1,A,-,01,23152,A,N,F,I,A,B,H,-,D,D,0,,,,,Y,Y,A,01,0,1,0,0,0,0,0,0,0,"- ","- ",40.47889,-122.31822,SHASTA,UNINCORPORATED,-122.31814786,40.478960020000002
90116945,2016,2016-02-17,9135,2016-02-08,1735,017698,,1,2,5,4502,0,1,3,,2,040,"SR-44 E/B",I-5,528.00,W,N,A,-,Y,,,,,,,,,,Y,4,0,1,2,A,-,03,22350,,N,C,C,A,A,H,-,A,D,0,,,,,Y,,A,01,0,0,1,0,0,0,0,0,0,"- ","- ",,,SHASTA,REDDING,-122.36264194,40.585435889999999
90121920,2016,2016-02-23,9135,2016-02-16,2305,016424,,2,3,9,4500,0,1,3,,2,040,"SR-44 E/B TRANSITION RD TO SHASTA VIEW","SHASTA VIEW DRIVE",350.00,W,N,A,-,Y,,,,,,,,,,Y,2,0,1,1,A,-,01,23152,A,N,E,I,A,A,H,-,D,D,0,,,,,Y,Y,A,01,1,0,0,0,0,0,0,0,0,"- ","- ",40.572279999999999,-122.32667000000001,SHASTA,UNINCORPORATED,,
90123709,2016,2016-02-25,9135,2016-02-08,1336,017428,,1,1,9,4500,0,3,5,,2,004,"BALLS FERRY RD","JIM DANDY LN.",100.00,E,N,A,-,N,,,,,,,,,,Y,3,0,1,1,A,-,01,23152,A,N,F,A,A,A,H,-,A,D,0,,,,,Y,Y,A,01,0,1,0,0,0,0,0,0,0,"- ","- ",,,SHASTA,UNINCORPORATED,-122.25337361,40.397096869999999
90124561,2016,2016-02-26,9135,2016-02-22,1310,012978,9135,1,1,9,4500,0,1,3,,1,301,SR-299,"BUCKHORN SUMMIT",8448.00,E,N,A,-,Y,,,299,,,,,,,Y,4,0,1,1,A,-,08,22107,,N,E,I,A,A,D,-,A,D,0,,,,,Y,,D,22,0,0,1,0,0,0,0,0,0,"- ","- ",40.646520000000002,-122.71881999999999,SHASTA,UNINCORPORATED,-122.71884572,40.646460939999997
90132594,2016,2016-03-09,9135,2016-03-07,1030,016339,,1,1,9,4500,0,1,3,,2,040,SR-44,"MCWEBTH WAY",0.00,,Y,B,-,Y,,,44,,,,,,,Y,3,0,3,2,A,-,06,21755,,N,B,C,A,B,H,-,A,D,0,,,,,Y,,A,01,0,3,0,0,0,0,0,0,0,"- ","- ",40.515830000000001,-122.08228,SHASTA,UNINCORPORATED,-122.08226909,40.515941499999997
90142560,2016,2016-03-24,9135,2016-03-23,0030,018471,,3,3,9,4500,0,1,3,,1,201,SR-299,"BISHOPS WHEEL DR",15.00,E,N,B,-,Y,,,,,,,,,,N,3,0,1,1,C,-,18,,,N,E,H,A,A,H,-,D,D,0,,,,,Y,,-,"- ",0,1,0,0,0,0,0,0,0,"- ","- ",,,SHASTA,UNINCORPORATED,-121.9238694,40.841763999999998
90180571,2016,2016-05-17,9135,2016-05-07,1229,015133,,6,1,9,4500,0,3,5,,2,001,"IRON MOUNTAIN ROAD","MIDDLE CREEK RD",289.00,N,N,B,-,N,,,,,,,,,,Y,4,0,1,1,A,-,08,22107,,N,F,A,A,B,H,-,A,D,0,,,,,Y,,A,01,0,0,1,0,0,0,0,0,0,"- ","- ",40.600380000000001,-122.46508,SHASTA,UNINCORPORATED,-122.46545749000001,40.597364589999998
90183459,2016,2016-05-19,9135,2016-05-17,1130,016087,,2,1,9,4500,0,3,5,,2,003,"SR-36 E/B","SHASTA/TRINITY COUNTY LINE",792.00,E,N,A,-,Y,,,,,,,,,,Y,3,0,1,1,A,-,08,22107,,N,F,A,A,A,H,-,A,D,0,,,Y,,Y,,C,02,0,1,0,0,0,0,0,0,1,"- ","- ",,,SHASTA,UNINCORPORATED,,
90184160,2016,2016-05-20,9135,2016-05-17,1420,013553,,2,2,9,4500,0,1,3,,2,603,SR-299,"PIT NO 1 POWERHOUSE RD",0.00,,N,A,-,Y,,,,,,,,,,Y,3,0,1,1,A,-,08,22107,,N,E,I,A,A,D,-,A,A,0,,,,,Y,,A,07,0,1,0,0,0,0,0,0,0,"- ","- ",,,SHASTA,UNINCORPORATED,-121.50661993999999,41.00189993
90185238,2016,2016-05-23,9135,2016-05-21,1312,16461,,6,1,9,4500,0,3,5,,2,003,"CANYON RD","CHINA GULCH RD",0.20,E,N,B,C,N,,,,,,,,,,Y,4,0,1,1,A,-,08,22107,,N,E,I,A,B,H,-,A,D,0,,,,,Y,,A,01,0,0,1,0,0,0,0,0,0,"- ","- ",,,SHASTA,UNINCORPORATED,-122.39365981,40.488620529999999
90193701,2016,2016-06-02,9135,2016-06-01,1229,016672,,3,1,5,4502,0,1,1,,2,054,"SB I-5 OFF-RAMP TO CYPRESS AVENUE","CYPRESS AVE",300.00,N,N,A,-,Y,,,,,,,,,,Y,4,0,1,2,A,-,03,22350,,N,C,C,A,A,H,-,A,D,0,,,,,Y,,A,01,0,0,1,0,0,0,0,0,0,"- ","- ",,,SHASTA,REDDING,,
90193710,2016,2016-06-02,9135,2016-05-30,0945,012142,9135,1,1,9,4500,0,1,S,,2,600,"STATE ROUTE 89","PONDOSA WAY",528.00,S,N,A,-,Y,,,,,,,,,,Y,3,0,2,1,A,-,08,22107,,N,E,I,A,A,H,-,A,D,0,,,,,Y,,A,01,0,2,0,0,0,0,0,0,0,"- ","- ",,,SHASTA,UNINCORPORATED,-121.70755651,41.178751230000003
90206124,2016,2016-06-21,9146,2016-06-17,1536,013820,,5,2,9,4500,0,1,1,,2,013,"I-5 N/B","FLUME CREEK ROAD",2640.00,S,N,B,C,Y,,,5,,,,,,N,Y,4,0,1,2,A,-,03,22350,,N,C,C,A,B,H,-,A,D,0,,,,Y,Y,,A,01,0,0,1,0,0,0,0,0,0,"- ","- ",41.090960000000003,-122.35189,SHASTA,UNINCORPORATED,-122.35194097999999,41.091019930000002
90207316,2016,2016-06-22,9135,2016-06-19,1100,016339,,7,1,9,4500,0,1,3,,1,301,SR-299,"HIGH ST.",0.00,,Y,A,-,Y,,,,,,,,,,N,2,0,2,2,A,-,03,22350,,N,C,C,A,A,H,-,A,D,0,,,Y,,Y,,C,02,1,1,0,0,0,0,0,0,2,"- ","- ",,,SHASTA,UNINCORPORATED,,
90211120,2016,2016-06-28,9135,2016-06-22,1740,016424,,3,2,9,4500,0,3,5,,2,004,"DESCHUTES ROAD","SUNSHINE DRIVE",109.00,N,N,A,-,N,,,,,,,,,,Y,3,0,1,1,A,-,01,23152,A,N,E,I,A,A,H,-,A,D,0,,,,,Y,Y,D,22,0,1,0,0,0,0,0,0,0,"- ","- ",40.496380000000002,-122.23866,SHASTA,UNINCORPORATED,-122.23863780000001,40.496383250000001
90222310,2016,2016-07-13,9135,2016-07-10,1125,016513,,7,1,9,4500,0,1,1,,2,053,"I-5 S/B","KNIGHTON RD",1584.00,S,N,A,-,Y,,,,,,,,,,Y,3,0,1,1,A,-,08,22107,,N,E,I,A,A,H,-,A,D,0,,,,,Y,,A,07,0,1,0,0,0,0,0,0,0,"- ","- ",,,SHASTA,UNINCORPORATED,-122.33567317000001,40.5016246
90224739,2016,2016-07-18,9135,2016-07-08,0958,015627,,5,1,9,4500,0,1,3,,2,040,"SR-44 E/B TO I-5 N/B","I-5 N/B",249.00,E,N,A,-,Y,,,,,,,,,,N,3,0,1,1,A,-,03,22350,,N,F,I,A,A,H,-,A,D,0,,,Y,,Y,,C,02,0,1,0,0,0,0,0,0,1,"- ","- ",,,SHASTA,UNINCORPORATED,,
90224758,2016,2016-07-18,9135,2016-07-10,2220,016325,,7,3,5,4502,0,3,5,,2,002,"BEAR MOUNTAIN RD","KITTYHAWK LN",1584.00,W,N,A,-,N,,,,,,,,,,Y,4,0,1,1,A,-,08,22107,,M,E,I,A,A,H,-,D,D,0,,,,,Y,Y,A,01,0,0,1,0,0,0,0,0,0,"- ","- ",,,SHASTA,REDDING,-122.30161928,40.678100720000003
90232782,2016,2016-07-28,9135,2016-07-23,1345,16461,,6,1,9,4500,0,3,5,,2,004,"AIRPORT RD","SKYPARK DR",0.00,,Y,A,-,N,,,,,,,,,,Y,3,0,2,2,A,-,09,21802,A,N,D,C,A,A,H,-,A,A,0,,,,,Y,,A,01,0,1,1,0,0,0,0,0,0,"- ","- ",,,SHASTA,UNINCORPORATED,-122.30284999,40.54769993
90246032,2016,2016-09-27,9135,2016-08-09,1235,015640,,2,1,9,4500,0,1,3,,1,201,SR-299,"OAK RUN RD",15840.00,E,N,A,-,Y,,,299,,,,,,,Y,4,0,2,2,A,-,09,21801,A,N,D,C,A,A,H,-,A,D,0,,,,Y,Y,,A,01,0,0,2,0,0,0,0,0,0,"- ","- ",40.778770000000002,-121.99226,SHASTA,UNINCORPORATED,-121.99225903,40.778784469999998
90246063,2016,2016-08-16,9135,2016-08-11,1255,015640,,4,1,9,4500,0,1,3,,1,201,SR-299,"STILLWATER WAY",0.00,,Y,A,-,Y,,,299,,,,,,,Y,4,0,1,2,A,-,09,21802,A,N,D,C,A,A,H,-,A,A,0,,,,,Y,,D,22,0,0,1,0,0,0,0,0,0,"- ","- ",40.625630000000001,-122.29665,SHASTA,UNINCORPORATED,-122.29664037000001,40.625585239999999
90263339,2016,2016-09-07,9135,2016-09-07,0930,012421,,3,1,9,4500,0,1,3,,2,604,SR-44,SR-89,5280.00,E,N,A,-,Y,,,,,,,,,,Y,4,0,1,2,A,-,09,21804,A,N,D,C,A,A,H,-,A,D,0,,,,,Y,,A,08,0,0,1,0,0,0,0,0,0,"- ","- ",,,SHASTA,UNINCORPORATED,-121.57726436,40.558313089999999
90270051,2016,2016-09-19,9135,2016-09-12,0855,015640,,1,1,5,4502,0,1,S,,2,005,"I-5 S/B","LAKE BLVD",792.00,S,N,A,-,Y,,,,,,,,,,Y,4,0,1,1,A,-,03,22350,,N,F,A,A,A,H,-,A,D,0,,,,,Y,,D,22,0,0,1,0,0,0,0,0,0,"- ","- ",,,SHASTA,REDDING,-122.36276447,40.61022715
90275730,2016,2016-09-26,9135,2016-09-18,2020,019030,,7,2,9,4500,0,3,5,,2,006,"20305 ARROWOOD ST","BAILEY AVE",635.00,S,N,A,-,N,,,,,,,,,,N,4,0,1,3,A,-,08,22107,,M,B,E,E,A,H,-,D,D,0,Y,,,,Y,,-,99,0,0,1,0,1,0,0,0,0,"- ","- ",40.879269999999998,-121.65483999999999,SHASTA,UNINCORPORATED,-121.65488319000001,40.879256720000001
90278038,2016,2016-09-28,9135,2016-09-25,1440,014425,,7,2,5,4502,0,1,1,,2,055,"I-5 S/B","SR-299 W/B",20.00,N,N,A,-,Y,,,5,,,,,,S,Y,4,0,1,1,A,-,08,22107,,N,E,I,A,A,H,-,A,D,0,,,,,Y,,A,01,0,0,1,0,0,0,0,0,0,"- ","- ",40.612490000000001,-122.36321,SHASTA,REDDING,-122.36349829,40.612397690000002
90282303,2016,2016-10-03,9135,2016-10-02,1245,014425,,7,1,9,4500,0,1,1,,2,056,"I-5 S/B","GABLES O/C",291.00,N,N,C,-,Y,,,5,,,,,,S,Y,3,0,2,1,A,-,03,22350,,N,F,A,A,B,H,-,A,D,0,,,,,Y,,A,01,0,1,1,0,0,0,0,0,0,"- ","- ",40.958350000000003,-122.43631000000001,SHASTA,UNINCORPORATED,-122.43626358,40.958400429999998
90285332,2016,2016-10-06,9135,2016-10-02,1429,016339,,7,2,9,4500,0,1,1,,2,056,"I-5 N/B","BRIDGE BAY RD",1056.00,N,N,B,C,Y,,,,,,,,,,Y,4,0,1,1,A,-,03,22350,,N,E,I,A,B,H,-,A,D,0,,,,,Y,,A,01,0,0,1,0,0,0,0,0,0,"- ","- ",,,SHASTA,UNINCORPORATED,-122.32178,40.754057930000002
90285500,2016,2016-10-06,9135,2016-10-04,2025,016513,,2,2,9,4500,0,1,1,,2,056,"I-5 S/B","FAWNDALE ROAD",3696.00,N,N,B,-,Y,,,,,,,,,,N,4,0,1,1,C,-,18,,,N,E,H,A,A,H,-,D,D,0,,,,,Y,,-,"- ",0,0,1,0,0,0,0,0,0,"- ","- ",,,SHASTA,UNINCORPORATED,-122.31438412999999,40.740111749999997
90290612,2016,2016-10-12,9135,2016-09-28,1218,015640,,3,1,9,4500,0,1,3,,1,201,SR-299,"SALT CREEK BRIDGE",23866.00,E,N,A,-,Y,,,299,,,,,,,Y,4,0,3,2,A,-,05,21460,A,N,B,C,A,A,H,-,A,D,0,,,,,Y,,A,01,0,0,3,0,0,0,0,0,0,"- ","- ",40.689239999999998,-122.12146,SHASTA,UNINCORPORATED,-122.12147478,40.689353250000003
90293355,2016,2016-10-17,9146,2016-10-16,1615,016858,,7,2,9,4500,0,1,1,,2,013,"I-5 N/B","SWEETBRIER AVENUE",528.00,N,N,C,-,Y,,,5,,,,,,N,Y,4,0,1,1,A,-,03,22350,,N,E,I,A,B,H,-,A,D,0,,,,,Y,,A,01,0,0,1,0,0,0,0,0,0,"- ","- ",41.126539999999999,-122.32374,SHASTA,UNINCORPORATED,-122.32381599999999,41.126583150000002
90307533,2016,2017-03-17,9135,2016-10-21,1631,018520,,5,2,9,4500,0,1,3,,2,040,"SR-44 E/B","DESCHUTES RD",0.00,,Y,A,-,Y,,,,,,,,,,N,4,0,1,2,A,-,09,21802,A,N,D,C,A,A,H,-,A,A,0,,,,,Y,,A,01,0,0,1,0,0,0,0,0,0,"- ","- ",40.576439999999998,-122.30741,SHASTA,UNINCORPORATED,-122.23845991,40.557309959999998
90307627,2016,2016-10-31,9135,2016-10-25,0845,013861,,2,1,9,4500,0,1,1,,2,056,"INTERSTATE 5 NORTHBOUND","VOLLMERS UNDER CROSSING",792.00,N,N,B,C,Y,,,5,,,,,,N,Y,4,0,1,1,A,-,08,22107,,N,E,I,A,B,H,-,A,D,0,,,,,Y,,A,07,0,0,1,0,0,0,0,0,0,"- ","- ",40.941749999999999,-122.43485,SHASTA,UNINCORPORATED,-122.43481181999999,40.941838619999999