CASE_ID,ACCIDENT_YEAR,PROC_DATE,JURIS,COLLISION_DATE,COLLISION_TIME,OFFICER_ID,REPORTING_DISTRICT,DAY_OF_WEEK,CHP_SHIFT,POPULATION,CNTY_CITY_LOC,SPECIAL_COND,BEAT_TYPE,CHP_BEAT_TYPE,CITY_DIVISION_LAPD,CHP_BEAT_CLASS,BEAT_NUMBER,PRIMARY_RD,SECONDARY_RD,DISTANCE,DIRECTION,INTERSECTION,WEATHER_1,WEATHER_2,STATE_HWY_IND,CALTRANS_COUNTY,CALTRANS_DISTRICT,STATE_ROUTE,ROUTE_SUFFIX,POSTMILE_PREFIX,POSTMILE,LOCATION_TYPE,RAMP_INTERSECTION,SIDE_OF_HWY,TOW_AWAY,COLLISION_SEVERITY,NUMBER_KILLED,NUMBER_INJURED,PARTY_COUNT,PRIMARY_COLL_FACTOR,PCF_CODE_OF_VIOL,PCF_VIOL_CATEGORY,PCF_VIOLATION,PCF_VIOL_SUBSECTION,HIT_AND_RUN,TYPE_OF_COLLISION,MVIW,PED_ACTION,ROAD_SURFACE,ROAD_COND_1,ROAD_COND_2,LIGHTING,CONTROL_DEVICE,CHP_ROAD_TYPE,PEDESTRIAN_ACCIDENT,BICYCLE_ACCIDENT,MOTORCYCLE_ACCIDENT,TRUCK_ACCIDENT,NOT_PRIVATE_PROPERTY,ALCOHOL_INVOLVED,STWD_VEHTYPE_AT_FAULT,CHP_VEHTYPE_AT_FAULT,COUNT_SEVERE_INJ,COUNT_VISIBLE_INJ,COUNT_COMPLAINT_PAIN,COUNT_PED_KILLED,COUNT_PED_INJURED,COUNT_BICYCLIST_KILLED,COUNT_BICYCLIST_INJURED,COUNT_MC_KILLED,COUNT_MC_INJURED,PRIMARY_RAMP,SECONDARY_RAMP,LATITUDE,LONGITUDE,COUNTY,CITY,POINT_X,POINT_Y
90644228,2018,2018-01-22,9135,2018-01-18,1805,018829,,4,2,9,4500,0,1,3,,1,201,SR-299,"SUGAR PINE CAMP RD",5280.00,E,N,B,C,Y,,,299,,,,,,,Y,3,0,1,1,A,-,01,23152,A,M,E,I,A,B,H,-,D,D,0,,,,,Y,Y,D,22,0,1,0,0,0,0,0,0,0,"- ","- ",40.722770690917969,-122.08197784423828,SHASTA,UNINCORPORATED,-122.08197021484375,40.722770690917969
90649913,2018,2018-01-29,9135,2018-01-19,1635,012142,,5,2,9,4500,0,1,3,,2,604,"STATE ROUTE 44","RT 89",26400.00,E,N,A,-,Y,,,44,,,,,,,Y,4,0,1,1,C,-,18,,,N,E,I,A,C,G,-,B,D,0,,,,,Y,,-,"- ",0,0,1,0,0,0,0,0,0,"- ","- ",40.696491241455078,-121.38948822021484,SHASTA,UNINCORPORATED,-121.38959503173828,40.696102142333984
90651156,2018,2018-01-30,9135,2018-01-22,1718,018388,,1,2,9,4500,0,1,1,,2,054,"I-5 S/B","SMITH RD",1056.00,S,N,B,-,Y,,,5,,,,,,S,Y,4,0,1,2,A,-,03,22350,,N,C,C,A,A,H,-,B,D,0,,,,,Y,,A,01,0,0,1,0,0,0,0,0,0,"- ","- ",40.517189025878906,-122.34458160400391,SHASTA,UNINCORPORATED,-122.34454345703125,40.517200469970703
90652732,2018,2018-02-01,9135,2018-01-30,1255,013553,,2,1,9,4500,0,1,3,,2,603,SR-299,"CASSEL RD",528.00,W,N,A,-,Y,,,299,,,,,,,Y,3,0,1,1,A,-,08,22107,,N,E,I,A,A,H,-,A,D,0,,,,,Y,,A,07,0,1,0,0,0,0,0,0,0,"- ","- ",40.961200714111328,-121.58003997802734,SHASTA,UNINCORPORATED,-121.57997894287109,40.961135864257812
90652865,2018,2018-02-01,9146,2018-01-28,2245,016763,,7,3,9,4500,0,1,1,,2,014,"I-5 N/B","SIMS RD.",7392.00,S,N,A,-,Y,,,5,,,,,,N,Y,4,0,1,1,A,-,08,22107,,N,E,J,A,A,H,-,D,D,0,,,,,Y,,A,01,0,0,1,0,0,0,0,0,0,"- ","- ",41.055938720703125,-122.37500762939453,SHASTA,UNINCORPORATED,-122.37510681152344,41.056228637695312
90654620,2018,2018-02-05,9135,2018-01-27,2133,013331,,6,2,5,4502,0,1,3,,2,040,"SR-44 W/B","CONTINENTAL ST",352.00,E,N,A,-,Y,,,44,,,,,,W,Y,2,0,1,1,A,-,01,23152,A,N,E,I,A,A,H,-,C,D,0,,,,,Y,Y,A,01,1,0,0,0,0,0,0,0,0,"- ","- ",40.586498260498047,-122.385498046875,SHASTA,REDDING,-122.385498046875,40.586502075195312
90659791,2018,2018-02-12,9135,2018-02-10,1325,16461,,6,1,5,4502,0,1,1,,2,055,"I-5 S/B TO LAKE BLVD OFFRAMP","LAKE BLVD",1056.00,N,N,A,-,Y,,,5,,,,R,,S,Y,3,0,1,1,A,-,08,22107,,N,F,A,A,A,H,-,A,D,0,,,Y,,Y,,C,02,0,1,0,0,0,0,0,0,1,"- ","- ",40.613880157470703,-122.36492156982422,SHASTA,REDDING,-122.36492156982422,40.613880157470703
90672415,2018,2018-03-01,9135,2018-02-23,2230,019030,,5,3,9,4500,0,3,5,,2,004,"WILDCAT RD","RANCHERIA CREEK RD",4752.00,S,N,A,-,N,,,,,,,,,,Y,3,0,1,1,A,-,01,23152,A,N,E,I,A,A,H,-,D,D,0,,,,,Y,Y,D,22,0,1,0,0,0,0,0,0,0,"- ","- ",40.44512939453125,-121.99614715576172,SHASTA,UNINCORPORATED,-122.04879760742188,40.459861755371094
90674603,2018,2018-03-05,9135,2018-02-26,1615,016513,,1,2,9,4500,0,3,5,,2,003,"GAS POINT RD","SHIRLEY ST",528.00,E,N,A,-,N,,,,,,,,,,Y,4,0,1,1,A,-,08,22107,,N,E,I,A,A,H,-,A,D,0,,,,,Y,,A,01,0,0,1,0,0,0,0,0,0,"- ","- ",40.389278411865234,-122.30377960205078,SHASTA,UNINCORPORATED,-122.31013488769531,40.389270782470703
90674715,2018,2018-03-05,9135,2018-03-01,2022,018829,,4,2,9,4500,0,3,5,,2,001,"DRY CREEK ROAD","LILLY LN",2640.00,S,N,B,-,N,,,,,,,,,,Y,4,0,1,1,A,-,08,22107,,N,F,A,A,B,H,-,D,D,0,,,,,Y,,A,07,0,0,1,0,0,0,0,0,0,"- ","- ",40.655078887939453,-122.24076843261719,SHASTA,UNINCORPORATED,-122.2406005859375,40.655551910400391
90675264,2018,2018-03-05,9135,2018-03-05,0645,016513,,1,1,9,4500,0,3,5,,2,004,"KNIGHTON RD","CHURN CREEK RD",35.00,W,N,A,-,N,,,,,,,,,,Y,4,0,1,3,A,-,03,22350,,N,C,C,A,A,H,-,A,D,0,,,,,Y,,A,01,0,0,1,0,0,0,0,0,0,"- ","- ",40.505619049072266,-122.33383178710938,SHASTA,UNINCORPORATED,-122.33375549316406,40.505641937255859
90682297,2018,2018-03-14,9146,2018-03-13,1450,015150,,2,2,9,4500,0,1,1,,2,013,"I-5 S/B","FLUME CREEK RD.",1056.00,S,N,C,-,Y,,,5,,,,,,S,Y,4,0,1,1,A,-,03,22350,,N,E,I,A,B,H,-,A,D,0,,,,Y,Y,,G,25,0,0,1,0,0,0,0,0,0,"- ","- ",41.092639923095703,-122.34822845458984,SHASTA,UNINCORPORATED,-122.34823608398438,41.092647552490234
90684762,2018,2018-03-19,9135,2018-03-13,1509,016960,,2,2,5,4502,0,1,1,,2,054,"INTERSTATE 5 NORTHBOUND","SR-44 W/B ON RAMP",0.00,,N,B,-,Y,,,5,,,,,,N,Y,4,0,1,1,A,-,08,22107,,N,E,I,A,A,H,-,A,A,0,,,,,Y,,A,07,0,0,1,0,0,0,0,0,0,"- ","- ",40.587059020996094,-122.36054229736328,SHASTA,REDDING,-122.36045074462891,40.587059020996094
90695565,2018,2018-03-30,9146,2018-03-21,1015,015588,,3,1,9,4500,0,1,1,,2,014,"I-5 S/B (GOLDEN STATE FREEWAY)","SIMS RD.",8976.00,S,N,B,C,Y,,,5,,,,,,S,N,4,0,1,1,A,-,03,22350,,M,E,I,A,B,H,-,A,D,0,,,,,Y,,A,01,0,0,1,0,0,0,0,0,0,"- ","- ",41.053569793701172,-122.37949371337891,SHASTA,UNINCORPORATED,-122.37948608398438,41.053569793701172
90699251,2018,2018-04-05,9135,2018-03-31,1142,018021,,6,1,9,4500,0,1,1,,2,055,"I-5 N/B",SR-151,1200.00,S,N,A,-,Y,,,,,,,,,,Y,4,0,1,1,A,-,08,22107,,N,E,I,A,A,H,-,A,D,0,,,,,Y,,A,08,0,0,1,0,0,0,0,0,0,"- ","- ",40.676010131835938,-122.34909057617188,SHASTA,UNINCORPORATED,,
90699690,2018,2018-04-05,9135,2018-04-05,1035,018133,,4,1,9,4500,0,1,1,,2,053,"I-5 S/B","1ST ST",528.00,N,N,B,-,Y,,,5,,,,,,S,N,4,0,1,1,C,-,18,,,N,E,H,A,A,H,-,A,D,0,,,,,Y,,-,"- ",0,0,1,0,0,0,0,0,0,"- ","- ",40.387218475341797,-122.2852783203125,SHASTA,UNINCORPORATED,-122.28536987304688,40.387214660644531
90702643,2018,2018-04-10,9135,2018-04-03,1605,017698,,2,2,9,4500,0,1,3,,2,040,SR-44,"GILBERT DRIVE",230.00,E,N,A,-,Y,,,44,,,,,,,Y,2,0,1,1,A,-,01,23152,A,N,E,I,A,A,H,-,A,D,0,,,,,Y,Y,A,01,1,0,0,0,0,0,0,0,0,"- ","- ",40.561138153076172,-122.25733184814453,SHASTA,UNINCORPORATED,-122.25732421875,40.561073303222656
90708091,2018,2018-04-18,9135,2018-04-11,1835,018469,,3,2,9,4500,0,1,3,,2,040,SR-44,"PONDEROSA WAY",1056.00,E,N,F,-,Y,,,44,,,,,,,Y,4,0,2,1,A,-,03,22350,,N,F,A,A,B,H,-,A,D,0,,,,,Y,,A,07,0,0,2,0,0,0,0,0,0,"- ","- ",40.507919311523438,-121.93370056152344,SHASTA,UNINCORPORATED,-121.93356323242188,40.508041381835938
90730718,2018,2018-05-21,9135,2018-05-17,1139,016672,,4,1,5,4502,0,1,1,,2,054,"INTERSTATE 5 N/B","CYPRESS AVE",1056.00,N,N,A,-,Y,,,5,,,,,,N,Y,3,0,1,1,A,-,08,22107,,N,E,I,A,A,H,-,A,D,0,,,,,Y,,A,01,0,1,0,0,0,0,0,0,0,"- ","- ",40.574588775634766,-122.36009979248047,SHASTA,REDDING,-122.36030578613281,40.574588775634766
90748438,2018,2018-06-14,9135,2018-06-07,1945,019030,,4,2,9,4500,0,1,3,,1,401,"SR-44 W/B","SILVER BRIDGE RD",6.00,E,N,A,-,Y,,,44,,,,,,W,N,3,0,1,2,A,-,09,21801,A,N,B,C,A,A,H,-,A,D,0,,,Y,,Y,,-,99,0,1,0,0,0,0,0,0,1,"- ","- ",40.553459167480469,-122.2197265625,SHASTA,UNINCORPORATED,-122.21973419189453,40.553443908691406
90750325,2018,2018-06-18,9135,2018-06-08,0845,015627,,5,1,9,4500,0,1,3,,2,601,SR-299,"WOODHILL DR",0.00,,N,A,-,Y,,,,,,,,,,Y,4,0,1,2,A,-,03,22350,,N,F,A,A,A,H,-,A,D,0,,,,Y,Y,,G,25,0,0,1,0,0,0,0,0,0,"- ","- ",,,SHASTA,UNINCORPORATED,-121.91314697265625,40.861968994140625
90755917,2018,2018-06-26,9135,2018-06-21,1648,016672,,4,2,9,4500,0,3,5,,2,003,"INTERSTATE 5 SB OFF-RAMP TO KNIGHTON RD","KNIGHTON ROAD",0.00,,Y,A,-,Y,,,5,,,,R,,S,N,4,0,1,1,A,-,21,22106,,N,F,A,A,D,H,-,A,A,0,,,Y,,Y,,C,02,0,0,1,0,0,0,0,0,1,"- ","- ",40.505588531494141,-122.33982849121094,SHASTA,UNINCORPORATED,-122.33982849121094,40.505588531494141
9075864,2019,2020-05-13,4502,2019-09-16,1301,149,TRF,1,5,5,4502,0,0,0,,0,004,"CYPRESS AV","ATHENS AV",200.00,W,N,A,-,N,,,,,,,,,,Y,4,0,1,1,A,-,00,21650,I,N,E,I,A,A,H,-,A,D,0,,,,,Y,,A,07,0,0,1,0,0,0,0,0,0,"- ","- ",40.573688507080078,-122.37803649902344,SHASTA,REDDING,-122.37744903564453,40.573284149169922
9075892,2019,2020-05-13,4502,2019-09-04,1145,110,R07,3,5,5,4502,0,0,0,,0,007,"LAKE BL","MASONIC AV",245.00,W,N,A,-,N,,,,,,,,,,N,4,0,1,2,A,-,03,22350,I,N,C,C,A,A,H,-,A,A,0,,,,,Y,,A,01,0,0,1,0,0,0,0,0,0,"- ","- ",40.609951019287109,-122.37947082519531,SHASTA,REDDING,-122.38014984130859,40.610401153564453
90762950,2018,2018-07-05,9135,2018-06-24,1308,016790,,7,1,9,4500,0,1,3,,1,201,"SR-299 W/B","HELENA LN",0.00,,Y,A,-,Y,,,299,,,,,,W,Y,4,0,3,2,A,-,03,22350,,N,C,C,A,A,H,-,A,D,0,,,,,Y,,D,22,0,0,3,0,0,0,0,0,0,"- ","- ",40.630508422851562,-122.27335357666016,SHASTA,UNINCORPORATED,-122.27335357666016,40.630519866943359
9076969,2019,2020-05-05,4502,2019-09-15,1522,127,,7,5,5,4502,0,0,0,,0,005,"OLD EUREKA WY","WALNUT AV",0.00,,Y,A,-,N,,,,,,,,,,Y,1,1,0,1,A,-,05,21650,,N,E,I,A,A,H,-,A,D,0,,,,,Y,,D,22,0,0,0,0,0,0,0,0,0,"- ","- ",40.585670471191406,-122.40753936767578,SHASTA,REDDING,-122.40778350830078,40.585811614990234
9076989,2019,2020-04-22,4502,2019-09-22,1408,R0539,R05,7,5,5,4502,0,0,0,,0,005,"TEHAMA ST","PINE ST",0.00,,Y,A,-,N,,,,,,,,,,Y,2,0,2,2,A,-,12,21453,A,N,D,C,A,A,H,-,A,A,0,,,,,Y,,D,22,2,0,0,0,0,0,0,0,0,"- ","- ",40.585678100585938,-122.38999938964844,SHASTA,REDDING,-122.39000701904297,40.585670471191406
90773260,2018,2018-07-20,9135,2018-07-19,1752,016672,,4,2,9,4500,0,3,5,,2,001,"LAKE BOULEVARD","STATE ROUTE 151",1350.00,N,N,A,-,N,,,,,,,,,,Y,3,0,1,1,A,-,08,22107,,N,E,I,A,A,H,-,A,D,0,,,,,Y,,A,01,0,1,0,0,0,0,0,0,0,"- ","- ",40.713939666748047,-122.41165924072266,SHASTA,UNINCORPORATED,-122.40727233886719,40.713619232177734
90779771,2018,2018-07-30,9135,2018-07-25,1255,016339,,3,1,9,4500,0,1,3,,1,201,SR-299,"SUGAR PINE CAMP RD.",4752.00,E,N,A,-,Y,,,,,,,,,,Y,4,0,1,1,A,-,08,22107,,N,E,J,A,A,H,-,A,D,0,,,,,Y,,A,01,0,0,1,0,0,0,0,0,0,"- ","- ",,,SHASTA,UNINCORPORATED,-122.08190155029297,40.722244262695312
90780840,2018,2018-07-31,9135,2018-07-30,0235,018890,,1,3,9,4500,0,1,3,,1,302,"GAS POINT RD.","WEST ANDERSON DR.",362.00,W,N,A,-,N,,,,,,,,,,Y,4,0,1,1,A,-,01,23152,A,N,E,I,A,A,H,-,D,D,0,,,,,Y,Y,A,01,0,0,1,0,0,0,0,0,0,"- ","- ",40.389759063720703,-122.35140991210938,SHASTA,UNINCORPORATED,-122.35128784179688,40.389675140380859
9078915,2019,2020-04-17,4502,2019-10-11,1715,R539,R02,5,5,5,4502,0,0,0,,0,002,"PARSONS DR","BECHELLI LN",23.00,W,N,A,-,N,,,,,,,,,,N,3,0,1,2,D,-,00,,,N,D,C,A,A,H,-,A,D,0,,,,,Y,,-,"- ",0,1,0,0,0,0,0,0,0,"- ","- ",40.565639495849609,-122.36255645751953,SHASTA,REDDING,-122.3626708984375,40.564731597900391
9078947,2019,2020-04-17,4502,2019-10-22,0724,R0090,R03,2,5,5,4502,0,0,0,,0,,"PIT RD","PLATINUM WY",100.00,E,N,A,-,N,,,,,,,,,,N,3,0,1,1,B,-,22,,,N,H,J,A,A,H,-,A,D,0,,,,,Y,,D,22,0,1,0,0,0,0,0,0,0,"- ","- ",40.506130218505859,-122.37075805664062,SHASTA,REDDING,-122.37063598632812,40.506332397460938
9079552,2019,2020-05-13,4502,2019-11-08,1934,R0063,R02,5,5,5,4502,0,0,0,,0,002,"BECHELLI LN","MARKWOOD DR",500.00,S,N,A,-,N,,,,,,,,,,N,3,0,1,2,A,-,05,21650,1,N,D,G,A,A,H,-,C,D,0,,Y,,,Y,,L,04,0,1,0,0,0,0,1,0,0,"- ","- ",40.566989898681641,-122.36290740966797,SHASTA,REDDING,-122.36269378662109,40.566535949707031
9079583,2019,2020-06-23,4502,2019-11-24,2301,R0192,R01,7,5,5,4502,0,0,0,,0,R01,"HILLTOP DR","LAKE BL",1000.00,S,N,A,-,N,,,,,,,,,,Y,3,0,1,1,A,-,05,21650,,N,F,J,A,A,H,-,C,D,0,,,,,Y,,A,01,0,1,0,0,0,0,0,0,0,"- ","- ",40.609458923339844,-122.37489318847656,SHASTA,REDDING,-122.37607574462891,40.608638763427734
90796066,2018,2018-10-30,9135,2018-08-21,0855,016513,,2,1,9,4500,0,3,5,,2,004,"BALLS FERRY RD","BLUE JAY LANE",470.00,N,N,A,-,N,,,,,,,,,,Y,3,0,2,2,A,-,09,21802,A,N,D,C,A,A,H,-,A,D,0,,,,,Y,,A,01,0,2,0,0,0,0,0,0,0,"- ","- ",40.42156982421875,-122.2186279296875,SHASTA,UNINCORPORATED,-122.21856689453125,40.421543121337891
9080545,2019,2020-04-21,4502,2019-11-26,1748,R0026,R02,2,5,5,4502,0,0,0,,0,0R2,"SHASTA VIEW DR","WILSON AV",0.00,,Y,D,-,N,,,,,,,,,,Y,2,0,1,2,A,-,12,22450,A,N,D,C,A,C,H,-,C,D,0,,,,,Y,,D,22,1,0,0,0,0,0,0,0,0,"- ","- ",40.566619873046875,-122.32554626464844,SHASTA,REDDING,-122.3255615234375,40.566608428955078
9080553,2019,2020-04-21,4502,2019-11-30,1747,530,2,6,5,5,4502,0,0,0,,0,,"EAST CYPRESS AV","LARKSPURL LN",180.00,W,N,C,-,N,,,,,,,,,,N,2,0,2,2,A,-,03,22350,,N,C,C,A,B,H,-,C,D,0,,,,,Y,,D,22,2,0,0,0,0,0,0,0,0,"- ","- ",40.570869445800781,-122.35671997070312,SHASTA,REDDING,-122.3560791015625,40.571033477783203
90808464,2018,2018-09-10,9135,2018-09-06,2356,018174,,4,3,5,4502,0,1,3,,2,040,"SR-44 E/B","CHURN CREEK RD",1584.00,E,N,A,-,Y,,,44,,,,,,E,Y,3,0,2,1,A,-,01,23152,A,N,E,I,A,A,H,-,D,D,0,,,,,Y,Y,A,07,0,2,0,0,0,0,0,0,0,"- ","- ",40.583961486816406,-122.34815216064453,SHASTA,REDDING,-122.34813690185547,40.584018707275391
90808511,2018,2018-09-10,9135,2018-09-08,0856,018133,,6,1,9,4500,0,1,3,,2,020,SR-299,"JIM HARVEY RD",212.00,W,N,A,-,Y,,,299,,,,,,,Y,3,0,2,2,A,-,05,21460,A,N,D,C,A,A,H,-,A,A,0,,,,Y,Y,,D,22,0,2,0,0,0,0,0,0,0,"- ","- ",40.626289367675781,-122.29350280761719,SHASTA,UNINCORPORATED,-122.29349517822266,40.626262664794922
90808719,2018,2018-09-10,9135,2018-09-08,1547,014425,,6,2,9,4500,0,1,3,,1,301,SR-299,"CRYSTAL CREEK ROAD",430.00,E,N,A,-,Y,,,299,,,,,,,Y,2,0,2,2,A,-,05,21460,A,N,A,C,A,A,H,-,A,D,0,,,,,Y,,A,07,2,0,0,0,0,0,0,0,0,"- ","- ",40.668201446533203,-122.64459991455078,SHASTA,UNINCORPORATED,-122.64460754394531,40.668190002441406
90809714,2018,2018-09-11,9135,2018-09-05,1510,018388,,3,2,9,4500,0,1,3,,1,201,SR-299,"SECOND ST",75.00,E,N,A,-,Y,,,299,,,,,,,Y,4,0,1,1,C,-,18,,,N,E,I,A,A,H,-,A,D,0,,,,,Y,,-,"- ",0,0,1,0,0,0,0,0,0,"- ","- ",40.595970153808594,-122.48757934570312,SHASTA,UNINCORPORATED,-122.48760986328125,40.595932006835938
9081466,2019,2020-05-13,4502,2019-12-17,1810,R0026,R04,2,5,5,4502,0,0,0,,0,004,"ATHENS AV","CYPRESS AV",0.00,,Y,A,-,N,,,,,,,,,,N,4,0,1,2,A,-,12,21453,A,N,B,C,A,A,H,-,A,A,0,,,,,Y,,-,,0,0,1,0,0,0,0,0,0,"- ","- ",40.573028564453125,-122.376708984375,SHASTA,REDDING,-122.37679290771484,40.57305908203125
90814826,2018,2018-09-17,9135,2018-09-05,1830,013331,,3,2,9,4500,0,1,1,,2,055,"I-5 S/B","OASIS RD",2640.00,S,N,A,-,Y,,,,,,,,,,Y,3,0,1,2,A,-,03,22350,,N,C,C,A,A,H,-,A,D,0,,,,,Y,Y,A,01,0,1,0,0,0,0,0,0,0,"- ","- ",,,SHASTA,UNINCORPORATED,-122.36766052246094,40.634651184082031
9081616,2019,2020-04-23,4502,2019-12-10,0747,524,R01,2,5,5,4502,0,0,0,,0,001,"OLD OREGON TRAIL & OLD 44 DR","SOUTH ROAD EDGE OLD OREGON TRAIL",2.00,W,N,A,-,N,,,,,,,,,,Y,3,0,1,2,A,-,09,21804,A,N,D,C,A,A,H,-,A,D,0,,,,,Y,,A,01,0,1,0,0,0,0,0,0,0,"- ","- ",40.563919067382812,-122.29895782470703,SHASTA,REDDING,-122.29895782470703,40.563919067382812
90817380,2018,2018-09-20,9135,2018-09-14,1500,020361,,5,2,9,4500,0,3,5,,2,004,"AIRPORT ROAD","LUPINE DR",0.00,,Y,A,-,N,,,,,,,,,,Y,3,0,1,2,A,-,09,21804,A,N,E,C,A,A,H,-,A,A,0,,,Y,,Y,,A,01,0,1,0,0,0,0,0,0,1,"- ","- ",40.542911529541016,-122.30281066894531,SHASTA,UNINCORPORATED,-122.30280303955078,40.542888641357422
9082201,2019,2020-06-04,4502,2019-12-22,1752,R127,,7,5,5,4502,0,0,0,,0,004,"EASTSIDE RD","SOUTH BONNYVIEW RD",0.00,,Y,B,-,N,,,,,,,,,,Y,3,0,2,3,A,-,12,21453,A,N,D,C,A,B,H,-,C,A,0,,,,,Y,,A,07,0,2,0,0,0,0,0,0,0,"- ","- ",40.529850006103516,-122.38031768798828,SHASTA,REDDING,-122.38034057617188,40.529941558837891
9082273,2019,2020-07-13,4502,2019-12-16,1556,524,E07,1,5,5,4502,0,0,0,,0,007,"TWIN VIEW BL","TWIM VIEW BL 1045",0.00,,Y,A,-,N,,,,,,,,,,Y,2,0,3,3,A,-,08,22107,,N,D,C,-,A,H,-,B,D,0,Y,,,Y,Y,,A,07,2,1,0,0,1,0,0,0,0,"- ","- ",40.622348785400391,-122.368896484375,SHASTA,REDDING,-122.368543,40.622585000000001
9082613,2019,2020-05-13,4502,2019-12-09,1703,132,R01,1,5,5,4502,0,0,0,,0,001,"FRIENDLY LN","DANA DR",225.00,N,N,A,-,N,,,,,,,,,,Y,4,0,1,2,A,-,09,21804,A,N,D,C,A,A,H,-,A,B,0,,,,,Y,,A,01,0,0,1,0,0,0,0,0,0,"- ","- ",40.585891723632812,-122.34722900390625,SHASTA,REDDING,-122.34732055664062,40.586368560791016
90837288,2018,2018-10-16,9135,2018-10-11,0825,017157,,4,1,9,4500,0,1,3,,2,040,SR-44,"OLD 44 DR",0.00,,Y,A,-,Y,,,44,,,,,,,Y,2,0,3,2,A,-,09,21802,A,N,D,C,A,A,H,-,A,A,0,,,,,Y,,A,01,1,0,2,0,0,0,0,0,0,"- ","- ",40.538471221923828,-122.17430114746094,SHASTA,UNINCORPORATED,-122.17430114746094,40.538414001464844
90849812,2018,2018-10-31,9135,2018-10-10,1042,014425,,3,1,9,4500,0,1,3,,1,301,SR-299,"LOWER SPRINGS ROAD",0.00,,Y,A,-,Y,,,299,,,,,,,Y,1,1,0,2,A,-,09,21801,A,N,D,C,A,A,H,-,A,D,0,,,Y,,Y,,A,08,0,0,0,0,0,0,0,1,0,"- ","- ",40.5843505859375,-122.44651794433594,SHASTA,UNINCORPORATED,-122.44650268554688,40.584426879882812
9087656,2020,2020-08-17,4502,2020-01-01,1333,R526,R06,3,5,5,4502,0,0,0,,0,006,"SHASTA ST","LIBERTY ST",40.00,W,N,A,-,Y,SHA,2,44,-,L,0.300,H,-,W,Y,4,0,1,1,A,-,03,22350,,N,F,A,A,A,H,-,A,D,0,,,Y,,Y,,C,02,0,0,1,0,0,0,0,0,1,"- ","- ",40.587261199951172,-122.38777923583984,SHASTA,REDDING,-122.38787078857422,40.587249755859375
9087666,2019,2020-09-25,4502,2019-12-12,1222,538,,4,5,5,4502,0,0,0,,0,004,"SOUTH MARKET ST","ELLIS ST",67.00,N,N,C,-,Y,SHA,2,273,-,-,15.150,H,-,S,N,4,0,1,2,A,-,03,22350,,N,C,C,A,B,H,-,C,A,0,,,,,Y,,A,01,0,0,1,0,0,0,0,0,0,"- ","- ",,,SHASTA,REDDING,-122.38776397705078,40.564418792724609
9088170,2020,2020-06-10,4501,2020-02-01,1754,226,A02,6,5,2,4501,0,0,0,,0,002,"DESCHUTES RD","ICELAND DR",48.00,N,N,A,-,N,,,,,,,,,,N,3,0,1,2,A,-,03,22350,I,N,C,C,A,A,H,-,C,D,0,,,Y,,Y,,C,02,0,1,0,0,0,0,0,0,1,"- ","- ",40.44110107421875,-122.27831268310547,SHASTA,ANDERSON,-122.27845001220703,40.441154479980469
90884053,2018,2018-12-17,9135,2018-12-07,1428,018021,,5,2,9,4500,0,1,3,,2,040,"SR-44 E/B",I-5,280.00,W,N,A,-,Y,,,,,,,,,,N,4,0,2,2,A,-,03,22350,,N,C,C,A,A,H,-,A,D,0,,,,,Y,,A,01,0,0,2,0,0,0,0,0,0,"- ","- ",40.585411071777344,-122.36186981201172,SHASTA,UNINCORPORATED,-122.36175537109375,40.585365295410156
90886243,2018,2018-12-19,9135,2018-12-16,1445,012142,,7,2,9,4500,0,3,5,,2,006,"BLACK RANCH RD.","STATE ROUTE 299",15840.00,N,N,C,-,N,,,,,,,,,,Y,3,0,1,1,A,-,08,22107,,N,E,I,A,B,H,-,A,D,0,,,,,Y,Y,A,07,0,1,0,0,0,0,0,0,0,"- ","- ",40.935848236083984,-121.64288330078125,SHASTA,UNINCORPORATED,-121.64242553710938,40.935802459716797
90886613,2018,2018-12-19,9135,2018-12-12,1340,016960,,3,1,9,4500,0,1,3,,1,201,"STATE ROUTE 299","WOODMAN LANE",0.00,,N,A,-,Y,,,299,,,,,,,Y,2,0,4,2,A,-,06,21751,,N,A,C,A,A,H,-,A,A,0,,,,,Y,,A,07,3,1,0,0,0,0,0,0,0,"- ","- ",40.680160522460938,-122.15836334228516,SHASTA,UNINCORPORATED,-122.15835571289062,40.680141448974609
90908411,2019,2019-01-22,9135,2019-01-11,1544,019030,,5,2,9,4500,0,3,5,,2,001,"LAKE BLVD","AARLY LN",384.00,S,N,A,-,N,,,,,,,,,,Y,4,0,1,2,A,-,03,22350,,M,D,C,A,A,H,-,A,D,0,,,,,Y,,A,01,0,0,1,0,0,0,0,0,0,"- ","- ",40.638351440429688,-122.40206909179688,SHASTA,UNINCORPORATED,-122.40396118164062,40.636741638183594