CASE_ID,ACCIDENT_YEAR,PROC_DATE,JURIS,COLLISION_DATE,COLLISION_TIME,OFFICER_ID,REPORTING_DISTRICT,DAY_OF_WEEK,CHP_SHIFT,POPULATION,CNTY_CITY_LOC,SPECIAL_COND,BEAT_TYPE,CHP_BEAT_TYPE,CITY_DIVISION_LAPD,CHP_BEAT_CLASS,BEAT_NUMBER,PRIMARY_RD,SECONDARY_RD,DISTANCE,DIRECTION,INTERSECTION,WEATHER_1,WEATHER_2,STATE_HWY_IND,CALTRANS_COUNTY,CALTRANS_DISTRICT,STATE_ROUTE,ROUTE_SUFFIX,POSTMILE_PREFIX,POSTMILE,LOCATION_TYPE,RAMP_INTERSECTION,SIDE_OF_HWY,TOW_AWAY,COLLISION_SEVERITY,NUMBER_KILLED,NUMBER_INJURED,PARTY_COUNT,PRIMARY_COLL_FACTOR,PCF_CODE_OF_VIOL,PCF_VIOL_CATEGORY,PCF_VIOLATION,PCF_VIOL_SUBSECTION,HIT_AND_RUN,TYPE_OF_COLLISION,MVIW,PED_ACTION,ROAD_SURFACE,ROAD_COND_1,ROAD_COND_2,LIGHTING,CONTROL_DEVICE,CHP_ROAD_TYPE,PEDESTRIAN_ACCIDENT,BICYCLE_ACCIDENT,MOTORCYCLE_ACCIDENT,TRUCK_ACCIDENT,NOT_PRIVATE_PROPERTY,ALCOHOL_INVOLVED,STWD_VEHTYPE_AT_FAULT,CHP_VEHTYPE_AT_FAULT,COUNT_SEVERE_INJ,COUNT_VISIBLE_INJ,COUNT_COMPLAINT_PAIN,COUNT_PED_KILLED,COUNT_PED_INJURED,COUNT_BICYCLIST_KILLED,COUNT_BICYCLIST_INJURED,COUNT_MC_KILLED,COUNT_MC_INJURED,PRIMARY_RAMP,SECONDARY_RAMP,LATITUDE,LONGITUDE,COUNTY,CITY,POINT_X,POINT_Y
92358416,2024,2024-04-08,9135,2024-03-23,1951,019710,,6,2,9,4500,0,3,5,,2,004,"DESCHUTES ROAD","BALLS FERRY ROAD",1550.00,S,N,B,-,N,,,,,,,,,,Y,2,0,1,2,A,-,01,23152,A,N,A,C,A,C,H,-,D,D,0,,,,,Y,Y,A,07,1,0,0,0,0,0,0,0,0,"- ","- ",40.443950653076172,-122.26220703125,SHASTA,UNINCORPORATED,-122.26219177246094,40.443981170654297
9236426,2020,2021-03-08,4502,2020-04-08,1321,525,R03,3,5,5,4502,0,0,0,,0,003,"CHURN CREEK RD","HUNTINGTON DR",748.00,W,N,A,-,N,,,,,,,,,,N,3,0,1,1,A,-,03,22350,,N,E,I,A,A,H,-,A,D,0,,,,,Y,,-,,0,1,0,0,0,0,0,0,0,"- ","- ",40.534709930419922,-122.33992767333984,SHASTA,REDDING,-122.34262084960938,40.534740447998047
92378793,2024,2024-04-30,9135,2024-04-24,1525,018388,,3,2,9,4500,0,1,3,,2,040,"WHITMORE RD","OLD MILLVILLE WHITMORE RD",1056.00,W,N,A,-,N,,,,,,,,,,Y,3,0,1,1,A,-,08,22107,,N,F,I,A,A,H,-,A,D,0,,,Y,,Y,,C,02,0,1,0,0,0,0,0,0,1,"- ","- ",40.602649688720703,-122.06355285644531,SHASTA,UNINCORPORATED,,
92385743,2024,2024-05-09,9135,2024-05-04,"155 ",021265,,6,3,9,4500,0,1,3,,2,601,"SR-299 W/B","IVEN MARX RD",6336.00,W,N,A,-,Y,SHA,,299," "," ",70.845,H,,L,Y,2,0,1,1,A,-,08,22107,,N,E,I,A,A,H,-,D,D,0,,,,,Y,,-,"- ",1,0,0,0,0,0,0,0,0,"- ","- ",40.876911163330078,-121.74018096923828,SHASTA,UNINCORPORATED,-121.74007415771484,40.876811981201172
92394023,2024,2024-05-20,9135,2024-05-01,2034,019710,,3,2,9,4500,0,2,S,,2,841,"GAS POINT RD","HAPPY VALLEY RD",2750.00,E,N,A,-,N,,,,,,,,,,N,3,0,1,2,A,-,08,22107,,F,G,G,A,A,H,-,B,D,0,,Y,,,Y,,-,99,0,1,0,0,0,0,1,0,0,"- ","- ",40.388671875,-122.3968505859375,SHASTA,UNINCORPORATED,-122.39693450927734,40.388656616210938
92394053,2024,2024-05-20,9135,2024-04-19,1825,020224,,5,2,9,4500,0,3,5,,2,006,"DAY RD","IRIS RD",5610.00,N,N,A,-,N,,,,,,,,,,Y,1,1,0,1,A,-,08,22107,,N,E,I,A,A,H,-,A,D,0,,,,,Y,,D,22,0,0,0,0,0,0,0,0,0,"- ","- ",,,SHASTA,UNINCORPORATED,-121.35369110107422,41.151710510253906
92394153,2024,2024-05-20,9135,2024-05-11,1135,017698,,6,1,9,4500,0,3,5,,2,003,"GAS POINT ROAD","BLACK PINE ROAD",4224.00,E,N,A,-,N,,,,,,,,,,N,2,0,1,1,A,-,08,22107,,N,E,I,A,A,H,-,A,D,0,,,Y,,Y,,C,02,1,0,0,0,0,0,0,0,1,"- ","- ",40.391860961914062,-122.50282287597656,SHASTA,UNINCORPORATED,-122.50283813476562,40.391845703125
92394263,2024,2024-05-20,9135,2024-05-16,2100,020363,,4,2,9,4500,0,3,5,,2,002,"DRY CREEK RD.","ARGONAUT TRL.",20.00,N,N,A,-,N,,,,,,,,,,N,3,0,1,1,C,-,18,,,N,E,H,A,A,H,-,A,D,0,,,Y,,Y,,-,"- ",0,1,0,0,0,0,0,0,1,"- ","- ",40.709091186523438,-122.24343872070312,SHASTA,UNINCORPORATED,-122.24348449707031,40.709091186523438
92395459,2024,2024-05-21,9135,2024-04-15,1420,019257,,1,2,9,4500,0,1,3,,2,604,"STATE ROUTE 44","MILE POST MARKER 44 SHA 67.89",821.00,W,N,A,-,Y,SHA,,44," "," ",67.728,H,,R,Y,1,1,0,1,A,-,08,22107,,N,E,I,A,A,H,-,A,D,0,,,,,Y,,A,07,0,0,0,0,0,0,0,0,0,"- ","- ",40.684539794921875,-121.37526702880859,SHASTA,UNINCORPORATED,-121.37531280517578,40.68450927734375
92400358,2024,2024-05-28,9135,2024-05-20,"550 ",019257,,1,3,9,4500,0,1,3,,2,604,"STATE ROUTE 44","ESKIMO HILL PARKING LOT ROAD",200.00,E,N,A,-,Y,SHA,,44," "," ",50.566,H,,R,Y,2,0,3,2,A,-,08,22107,,N,A,C,A,A,H,-,A,D,0,,,,Y,Y,,D,22,1,1,1,0,0,0,0,0,0,"- ","- ",40.563148498535156,-121.57556915283203,SHASTA,UNINCORPORATED,-121.57561492919922,40.563159942626953
92400391,2024,2024-05-28,9135,2024-05-23,1645,020361,,4,2,9,4500,0,3,5,,2,003,"SWASEY DRIVE","DELANO DRIVE",2236.00,N,N,A,-,N,,,,,,,,,,Y,2,0,1,1,A,-,08,22107,,N,F,A,A,A,H,-,A,D,0,,,Y,,Y,,C,02,1,0,0,0,0,0,0,0,1,"- ","- ",40.560909271240234,-122.47406768798828,SHASTA,UNINCORPORATED,-122.47346496582031,40.557918548583984
92400514,2024,2024-05-28,9135,2024-05-24,2330,020363,,5,3,9,4500,0,1,3,,1,201,SR-299,"299 SHA 43.56",100.00,E,N,A,-,Y,SHA,,299," "," ",43.438,H,,R,N,3,0,1,1,A,-,01,23152,A,N,F,I,A,A,H,-,D,D,0,,,,,Y,Y,A,07,0,1,0,0,0,0,0,0,0,"- ","- ",40.732841491699219,-122.07376098632812,SHASTA,UNINCORPORATED,-122.07388305664062,40.732891082763672
92409985,2024,2024-06-10,9135,2024-05-28,1035,023792,,2,1,9,4500,0,3,5,,2,003,"OLINDA RD","PETER PAN GULCH RD",528.00,W,N,A,-,N,,,,,,,,,,Y,2,0,2,2,A,-,09,21804,A,N,D,C,A,A,H,-,A,D,0,,,Y,,Y,,A,01,1,1,0,0,0,0,0,0,1,"- ","- ",40.441471099853516,-122.32524108886719,SHASTA,UNINCORPORATED,-122.32032775878906,40.441429138183594
92411932,2024,2024-06-11,9135,2024-06-07,"819 ",021571,,5,1,9,4500,0,1,3,,2,601,SR-299,"HUDSON STREET",0.00,,Y,A,-,Y,SHA,,299," "," ",75.275,H,,R,N,3,0,1,2,A,-,10,21950,A,N,G,B,B,A,H,-,A,A,0,Y,,,,Y,,A,07,0,1,0,0,1,0,0,0,0,"- ","- ",40.882431030273438,-121.66148376464844,SHASTA,UNINCORPORATED,-121.66146087646484,40.882396697998047
92414192,2024,2024-06-25,9146,2024-03-22,"520 ",021049,,5,3,9,4500,0,1,1,,2,013,"INTERSTATE 5 NORTHBOUND","SODA CREEK ROAD",2492.00,N,N,B,-,Y,SHA,,5," "," ",65.875,H,,R,Y,1,1,16,1,A,-,08,22107,,F,E,I,A,A,H,-,D,D,0,,,,,Y,,I,12,4,10,2,0,0,0,0,0,0,"- ","- ",41.169139862060547,-122.29759979248047,SHASTA,UNINCORPORATED,-122.29773712158203,41.169136047363281
92422000,2024,2024-06-24,9146,2024-06-12,"610 ",020819,,3,1,9,4500,0,1,1,,2,013,"I-5 S/B","FLUME CREEK RD",1162.00,N,N,A,-,Y,SHA,,5," "," ",59.576,H,,L,Y,3,0,1,1,A,-,08,22107,,N,E,I,A,A,H,-,A,D,0,,,,Y,Y,,G,25,0,1,0,0,0,0,0,0,0,"- ","- ",41.098640441894531,-122.34468078613281,SHASTA,UNINCORPORATED,-122.34458923339844,41.098617553710938
9242270,2020,2021-03-30,4502,2020-06-01,1602,537,R03,1,5,5,4502,0,0,0,,0,003,"SHIRLEY LN","SCHOOL ST",7.00,W,N,A,-,N,,,,,,,,,,Y,3,0,1,1,A,-,03,22350,,N,E,I,A,A,H,-,A,D,0,,,,,Y,,D,22,0,1,0,0,0,0,0,0,0,"- ","- ",40.558441162109375,-122.35430908203125,SHASTA,REDDING,-122.35434722900391,40.558441162109375
9242306,2020,2021-04-07,4502,2020-06-25,1805,537,R06,4,5,5,4502,0,0,0,,0,006,"EUREKA WY","WILDWOOD LN",484.00,W,N,A,-,Y,SHA,2,299,-,-,21.760,H,-,W,Y,4,0,1,4,A,-,03,22350,,N,C,C,A,A,H,-,A,D,0,,,,,Y,,A,01,0,0,1,0,0,0,0,0,0,"- ","- ",40.581279754638672,-122.43695068359375,SHASTA,REDDING,-122.43573760986328,40.582054138183594
9242385,2020,2021-03-30,4502,2020-06-01,1158,R526,R01,1,5,5,4502,0,0,0,,0,001,"LYNBROOK LOOP","CARSON DR",0.00,,Y,A,-,N,,,,,,,,,,N,4,0,3,2,A,-,09,21800,A,N,D,C,A,A,H,-,A,D,0,,,,,Y,,A,08,0,0,3,0,0,0,0,0,0,"- ","- ",40.561161041259766,-122.29385375976562,SHASTA,REDDING,-122.2938232421875,40.561161041259766
92427821,2024,2024-07-01,9135,2024-06-23,1635,019485,,7,2,9,4500,0,1,1,,2,056,"INTERSTATE 5 N/B","O'BRIEN RD",2640.00,N,N,A,-,Y,SHA,,5," ",R,33.768,H,,R,Y,3,0,1,1,A,-,01,23152,A,N,E,I,A,A,H,-,A,D,0,,,,,Y,Y,D,22,0,1,0,0,0,0,0,0,0,"- ","- ",40.829780578613281,-122.32575988769531,SHASTA,UNINCORPORATED,-122.32565307617188,40.829807281494141
92429817,2024,2024-07-09,9135,2024-06-27,"9   ",020683,,4,3,9,4500,0,3,5,,2,001,"OASIS ROAD","RANDOLPH ROAD",528.00,E,N,A,-,N,,,,,,,,,,Y,3,0,1,1,A,-,08,22107,,N,E,8,A,A,H,-,D,D,0,,,,,Y,,A,01,0,1,0,0,0,0,0,0,0,"- ","- ",40.641159057617188,-122.37418365478516,SHASTA,UNINCORPORATED,-122.37384796142578,40.641315460205078
92439007,2024,2024-07-15,9135,2024-07-01,1130,018388,,1,1,5,4502,0,1,3,,2,040,"SR-44 WESTBOUND FROM FRIENDLY",FRIENDLY,300.00,W,N,A,-,Y,SHA,,44," ",R,0.579,H,,L,Y,3,0,1,1,A,-,01,23152,A,N,E,I,A,A,H,-,A,D,0,,,,,Y,Y,A,07,0,1,0,0,0,0,0,0,0,"- ","- ",40.584678649902344,-122.34953308105469,SHASTA,REDDING,-122.34957885742188,40.584529876708984
92439126,2024,2024-07-15,9135,2024-07-09,"620 ",018388,,2,1,9,4500,0,1,3,,2,040,SR-44,"SKYLIGHT RIDGE",1056.00,E,N,A,-,Y,SHA,,44," ",R,13.269,H,,R,Y,3,0,1,1,A,-,08,22107,,N,E,I,A,A,H,-,A,D,0,,,,,Y,,-,"- ",0,1,0,0,0,0,0,0,0,"- ","- ",40.532958984375,-122.13031005859375,SHASTA,UNINCORPORATED,-122.13030242919922,40.532901763916016
92442530,2024,2024-07-18,9135,2024-07-15,1240,019801,,1,1,9,4500,0,3,5,,2,004,"DERSCH RD","LARDANEL LN",84.00,W,N,A,-,N,,,,,,,,,,Y,2,0,1,1,A,-,08,22107,,N,E,I,A,A,H,-,A,D,0,,,,,Y,,A,07,1,0,0,0,0,0,0,0,0,"- ","- ",40.476478576660156,-122.24822235107422,SHASTA,UNINCORPORATED,-122.24815368652344,40.476551055908203
9248145,2020,2021-04-09,4502,2020-07-26,1401,530,,7,5,5,4502,0,0,0,,0,006,"EUREKA WY","WEST ST",0.00,,Y,A,-,N,,,,,,,,,,Y,3,0,1,2,A,-,09,21801,A,N,D,C,A,A,H,-,A,A,0,,,,,Y,,D,22,0,1,0,0,0,0,0,0,0,"- ","- ",40.586200714111328,-122.39865875244141,SHASTA,REDDING,-122.39865112304688,40.586200714111328
92492903,2024,2024-07-22,9135,2024-07-10,1425,018388,,3,2,9,4500,0,1,1,,2,056,"I-5 SB","LAKESHORE DR",528.00,S,N,A,-,Y,SHA,,5," ",M,40.273,H,,L,Y,4,0,1,2,A,-,07,21658,A,N,B,C,A,A,H,-,A,D,0,,,,Y,Y,,A,01,0,0,1,0,0,0,0,0,0,"- ","- ",40.882209777832031,-122.38185119628906,SHASTA,UNINCORPORATED,-122.38212585449219,40.882106781005859
9250266,2021,2021-04-28,4501,2021-04-06,1533,228,A01,2,5,2,4501,0,0,0,,0,CITY,"RT 273","3RD ST",0.00,,Y,A,-,Y,SHA,2,273,-,-,6.400,I,5,S,N,4,0,1,2,A,-,12,21453,A,N,D,C,A,A,H,-,A,A,0,,,,,Y,,D,22,0,0,1,0,0,0,0,0,0,"- ","- ",,,SHASTA,ANDERSON,-122.31504058837891,40.459667205810547
9252220,2020,2021-04-26,4502,2020-05-15,1633,530,,5,5,5,4502,0,0,0,,0,001,"HILLTOP DR","SANDPOINT DR",46.00,S,N,B,-,N,,,,,,,,,,N,3,0,1,1,A,-,03,22350,,N,H,I,A,B,H,-,A,A,0,,,Y,,Y,,C,02,0,1,0,0,0,0,0,0,1,"- ","- ",,,SHASTA,REDDING,-122.3668212890625,40.596660614013672
9253053,2020,2021-04-19,4502,2020-07-28,1606,529,R02,2,5,5,4502,0,0,0,,0,,"MARAGLIA ST","CHURCN CREEK RD",0.00,,Y,A,-,N,,,,,,,,,,N,4,0,1,2,A,-,05,21650,1,N,D,G,A,A,H,-,A,D,0,,,Y,,Y,,O,05,0,0,1,0,0,0,0,0,1,"- ","- ",40.567428588867188,-122.35310363769531,SHASTA,REDDING,-122.35308999999999,40.567430000000002
9253054,2020,2021-04-19,4502,2020-07-29,1621,155,,3,5,5,4502,0,0,0,,0,005,"PINE ST","LOCUST ST",361.00,E,N,A,-,N,,,,,,,,,,N,3,0,1,2,A,-,11,21954,A,N,G,B,D,A,H,-,A,A,0,Y,,,,Y,,N,60,0,1,0,0,1,0,0,0,0,"- ","- ",40.576869964599609,-122.38630676269531,SHASTA,REDDING,-122.386208,40.577488000000002
9253057,2020,2021-04-19,4502,2020-07-25,1444,R539,R04,6,5,5,4502,0,0,0,,0,004,"SOUTH BONNYVIEW RD","BONNYVIEW RD",669.00,E,N,A,-,N,,,,,,,,,,N,4,0,1,2,A,-,03,22350,I,M,C,C,A,A,H,-,A,A,0,,,,,Y,,A,01,0,0,1,0,0,0,0,0,0,"- ","- ",40.542510986328125,-122.37615966796875,SHASTA,REDDING,-122.38117218017578,40.529544830322266
9256487,2021,2021-08-12,4502,2021-02-24,1827,R0158,R02,3,5,5,4502,0,0,0,,0,002,"HARTNELL AV","VICTOR AV",386.00,W,N,A,G,N,,,,,,,,,,Y,1,1,0,2,A,-,11,21954,A,N,G,B,D,A,H,-,C,D,0,Y,,,,Y,,N,60,0,0,0,1,0,0,0,0,0,"- ","- ",40.563728332519531,-122.3394775390625,SHASTA,REDDING,-122.34088897705078,40.563751220703125
92595566,2024,2024-07-23,9135,2024-07-20,"620 ",020157,,6,1,9,4500,0,3,5,,2,003,"JOHN F KENNEDY MEMORIAL DR.","PAIGE BAR RD",7920.00,N,N,A,-,N,,,,,,,,,,Y,3,0,2,1,A,-,03,22350,,N,E,I,A,A,H,-,A,D,0,,,,,Y,Y,A,08,0,2,0,0,0,0,0,0,0,"- ","- ",40.606571197509766,-122.55795288085938,SHASTA,UNINCORPORATED,-122.53507995605469,40.600269317626953
9266498,2020,2021-06-07,4502,2020-09-29,1821,537,R06,2,5,5,4502,0,0,0,,0,006,"HARLAN DR","LAKE REDDING DR",63.00,E,N,A,-,N,,,,,,,,,,Y,4,0,1,2,A,-,05,21650,,N,B,E,A,A,H,-,B,D,0,,,,,Y,,A,01,0,0,1,0,0,0,0,0,0,"- ","- ",40.597068786621094,-122.04563903808594,SHASTA,REDDING,-122.41812896728516,40.595470428466797
9266510,2020,2021-06-07,4502,2020-09-03,1902,529,R01,4,5,5,4502,0,0,0,,0,001,"OLD ALTURAS RD","CHURN CREEK RD",0.00,,Y,A,-,N,,,,,,,,,,Y,4,0,1,2,A,-,12,21453,A,N,D,C,A,A,H,-,B,A,0,,,,,Y,,D,22,0,0,1,0,0,0,0,0,0,"- ","- ",40.58843994140625,-122.35099029541016,SHASTA,REDDING,-122.35106658935547,40.588420867919922
9266534,2020,2021-06-07,4502,2020-09-01,1447,524,R07,2,5,5,4502,0,0,0,,0,007,"OASIS RD","OLD OREGON TRAIL",5.00,N,N,A,-,N,,,,,,,,,,Y,3,0,1,2,A,-,12,22450,A,N,H,A,A,A,H,-,A,A,0,,,,,Y,,A,01,0,1,0,0,0,0,0,0,0,"- ","- ",40.652439117431641,-122.33748626708984,SHASTA,REDDING,-122.33750152587891,40.652450561523438
9269941,2020,2021-06-07,4502,2020-10-01,1809,524,R05,4,5,5,4502,0,0,0,,0,005,"MESA ST","PLACER ST",9.00,N,N,A,-,N,,,,,,,,,,Y,3,0,1,2,A,-,01,23153,A,M,A,G,A,A,H,-,B,D,0,,Y,,,Y,,D,22,0,1,0,0,0,0,1,0,0,"- ","- ",40.577468872070312,-122.41082763671875,SHASTA,REDDING,-122.41081237792969,40.577522277832031
9269958,2020,2021-06-09,4502,2020-08-20,0715,183,R02,4,5,5,4502,0,0,0,,0,002,"EAST CYPRESS AV","BECHELLI LN",0.00,,Y,A,-,N,,,,,,,,,,Y,3,0,2,3,A,-,12,21453,A,N,D,C,A,A,H,-,A,A,0,,,,,Y,,A,01,0,2,0,0,0,0,0,0,0,"- ","- ",,,SHASTA,REDDING,-122.36273956298828,40.571048736572266
9271557,2020,2021-06-10,4502,2020-10-14,1127,R523,R04,3,5,5,4502,0,0,0,,0,004,"RT 273","BRESLAUER WY",0.00,,Y,A,-,Y,SHA,2,273,-,-,14.180,I,5,S,N,4,0,1,2,A,-,12,21453,A,N,D,C,A,A,H,-,A,A,0,,,,,Y,,A,01,0,0,1,0,0,0,0,0,0,"- ","- ",40.550670623779297,-122.38729095458984,SHASTA,REDDING,-122.38743591308594,40.550685882568359
9271918,2020,2021-06-18,4502,2020-11-03,1027,R0078,TRF,2,5,5,4502,0,0,0,,0,002,"EAST CYPRESS AV","CHURN CREEK RD",645.00,E,N,A,-,N,,,,,,,,,,Y,2,0,1,2,A,-,09,21804,A,N,D,C,A,A,H,-,A,A,0,,,Y,,Y,,D,22,1,0,0,0,0,0,0,0,1,"- ","- ",40.571399688720703,-122.3509521484375,SHASTA,REDDING,-122.35077667236328,40.571052551269531
9273026,2020,2021-06-28,4502,2020-08-05,1041,R0026,,3,5,5,4502,0,0,0,,0,004,"SOUTH BONNYVIEW RD","RENO LN",132.00,W,N,A,-,N,,,,,,,,,,Y,2,0,1,2,A,-,05,21650,,N,H,G,A,A,H,-,A,D,0,,Y,,,Y,,L,04,1,0,0,0,0,0,1,0,0,"- ","- ",40.530990600585938,-122.37645721435547,SHASTA,REDDING,-122.37685394287109,40.530963897705078
9273027,2020,2021-06-16,4502,2020-08-22,1657,R523,R07,6,5,5,4502,0,0,0,,0,007,"LAKE BL","ST MARKS ST",0.00,,Y,A,-,N,,,,,,,,,,N,2,0,2,2,A,-,03,22350,,N,D,C,A,A,H,-,A,D,0,,,Y,,Y,,C,02,1,0,1,0,0,0,0,0,1,"- ","- ",40.616348266601562,-122.39222717285156,SHASTA,REDDING,-122.39218902587891,40.616340637207031
9273030,2020,2021-06-16,4502,2020-08-27,1451,R0026,R04,4,5,5,4502,0,0,0,,0,004,"EASTSIDE RD","NORTH DR",200.00,N,N,A,-,N,,,,,,,,,,Y,3,0,1,2,A,-,05,21650,,N,C,E,A,A,H,-,A,D,0,,,,,Y,,A,07,0,1,0,0,0,0,0,0,0,"- ","- ",,,SHASTA,REDDING,-122.38223266601562,40.525356292724609
9273031,2020,2021-06-16,4502,2020-08-31,1414,524,R02,1,5,5,4502,0,0,0,,0,002,"PRESIDIO ST","CHURN CREEK RD",16.00,S,N,A,-,N,,,,,,,,,,N,2,0,1,2,A,-,11,21954,A,N,G,B,E,A,H,-,A,A,0,Y,,,,Y,,N,60,1,0,0,0,1,0,0,0,0,"- ","- ",40.582099914550781,-122.35424041748047,SHASTA,REDDING,-122.35428619384766,40.582088470458984
9273222,2020,2021-06-18,4502,2020-11-18,1036,R523,R03,3,5,5,4502,0,0,0,,0,003,"CHURN CREEK RD","LE BRUN LN",0.00,,Y,C,-,N,,,,,,,,,,N,4,0,2,2,A,-,03,22350,,N,D,C,A,B,H,-,A,D,0,,,,,Y,,A,01,0,0,2,0,0,0,0,0,0,"- ","- ",40.560901641845703,-122.35308837890625,SHASTA,REDDING,-122.35308074951172,40.560871124267578
9276914,2021,2021-06-15,4501,2021-04-12,2141,231,A02,1,5,2,4501,0,0,0,,0,002,"RAVENWOOD LN","DAISY ST",0.00,,Y,A,-,N,,,,,,,,,,N,3,0,1,1,A,-,17,21235,G,N,E,I,A,A,G,-,D,D,0,,,,,Y,,-,,0,1,0,0,0,0,0,0,0,"- ","- ",,,SHASTA,ANDERSON,-122.29399108886719,40.46612548828125
9277842,2020,2021-06-28,4502,2020-10-12,1224,R526,R02,1,5,5,4502,0,0,0,,0,002,"HILLTOP DR","PRESIDIO ST",418.00,S,N,A,-,N,,,,,,,,,,Y,2,0,1,2,A,-,09,21801,A,N,D,C,A,A,H,-,A,D,0,,,Y,,Y,,A,01,1,0,0,0,0,0,0,0,1,"- ","- ",40.581871032714844,-122.35777282714844,SHASTA,REDDING,-122.35779571533203,40.580673217773438
9277850,2020,2021-07-07,4502,2020-10-14,1733,537,R02,3,5,5,4502,0,0,0,,0,002,"HILLTOP DR","RT 5",0.00,,Y,A,-,Y,SHA,2,5,-,R,15.265,R,1,N,N,3,0,1,2,A,-,17,21228,A,N,D,J,A,A,H,-,A,A,0,,,,,Y,,M,94,0,1,0,0,0,0,0,0,0,"- ",NF,40.583118438720703,-122.35759735107422,SHASTA,REDDING,-122.36040496826172,40.582710266113281
9277875,2020,2021-07-15,4502,2020-09-08,1251,R523,R02,2,5,5,4502,0,0,0,,0,002,"HARTNELL AV","ROBERT CT",17.00,S,N,A,-,N,,,,,,,,,,N,4,0,1,2,A,-,09,21801,A,N,D,C,A,A,D,-,A,D,0,,,,,Y,,A,01,0,0,1,0,0,0,0,0,0,"- ","- ",40.563899993896484,-122.34102630615234,SHASTA,REDDING,-122.34060668945312,40.563751220703125
9277888,2020,2021-06-11,4502,2020-09-25,1404,R0078,TRF,5,5,5,4502,0,0,0,,0,004,"RANCHO RD","ALTA MESA",0.00,,Y,A,-,N,,,,,,,,,,Y,3,0,1,3,A,-,09,21802,A,N,D,C,A,A,H,-,A,A,0,,,,,Y,,A,07,0,1,0,0,0,0,0,0,0,"- ","- ",40.534709930419922,-122.33026885986328,SHASTA,REDDING,-122.33023071289062,40.534709930419922
9277904,2020,2021-06-11,4502,2020-09-07,0858,R0026,R06,1,5,5,4502,0,0,0,,0,006,"PLACER ST","REGENT AV",51.00,W,N,A,-,N,,,,,,,,,,Y,3,0,1,1,A,-,05,21650,,N,E,I,A,A,H,-,A,D,0,,,,,Y,,-,"- ",0,1,0,0,0,0,0,0,0,"- ","- ",40.573188781738281,-122.42362213134766,SHASTA,REDDING,-122.42307281494141,40.573139190673828
9277908,2020,2021-07-15,4502,2020-09-08,1259,R0078,4,2,5,5,4502,0,0,0,,0,,"SOUTH BONNYVIEW RD",I5,0.00,,Y,A,-,N,,,,,,,,,,Y,3,0,1,2,A,-,12,21453,A,N,D,C,A,A,H,-,A,A,0,,,,,Y,,A,07,0,1,0,0,0,0,0,0,0,"- ",SF,40.538288116455078,-122.35015869140625,SHASTA,REDDING,-122.35124206542969,40.538459777832031
9279261,2021,2021-06-28,4501,2021-05-28,1837,225,AO1,5,5,2,4501,0,0,0,,0,AO1,"RHONDA RD","PLEASANT HILL DR",0.00,,N,A,-,N,,,,,,,,,,Y,2,0,2,2,A,-,09,21802,A,N,D,C,A,A,H,-,A,-,0,,,,,Y,,A,01,1,1,0,0,0,0,0,0,0,"- ","- ",40.43218994140625,-122.28723907470703,SHASTA,ANDERSON,-122.28988647460938,40.433544158935547
9279303,2020,2021-06-09,4502,2020-11-14,1741,530,,6,5,5,4502,0,0,0,,0,001,"CHURN CREEK RD","COLLEGE VIEW DR",60.00,S,N,A,-,N,,,,,,,,,,Y,3,0,1,2,A,-,11,21954,A,N,G,B,D,B,H,-,C,A,0,Y,,,,Y,,N,60,0,1,0,0,1,0,0,0,0,"- ","- ",40.613258361816406,-122.34918212890625,SHASTA,REDDING,-122.34915161132812,40.613094329833984
9279305,2020,2021-06-09,4502,2020-11-12,1505,529,R02,4,5,5,4502,0,0,0,,0,002,"CHURN CREEK RD","PRESIDIO ST",9.00,S,N,A,-,N,,,,,,,,,,N,4,0,1,2,A,-,10,21950,A,N,G,B,C,A,H,-,A,D,0,Y,,,,Y,,A,07,0,0,1,0,1,0,0,0,0,"- ","- ",40.581569671630859,-122.35439300537109,SHASTA,REDDING,-122.35428619384766,40.582065582275391
9279306,2020,2021-06-09,4502,2020-11-10,1719,524,R02,2,5,5,4502,0,0,0,,0,002,"CHURN CREEK RD","PREDIDIO ST",28.00,S,N,A,-,N,,,,,,,,,,Y,4,0,2,2,A,-,03,22350,,N,C,C,A,A,H,-,C,A,0,,,,,Y,,A,07,0,0,2,0,0,0,0,0,0,"- ","- ",40.582099914550781,-122.35424041748047,SHASTA,REDDING,-122.35428,40.582011000000001