CASE_ID,ACCIDENT_YEAR,PROC_DATE,JURIS,COLLISION_DATE,COLLISION_TIME,OFFICER_ID,REPORTING_DISTRICT,DAY_OF_WEEK,CHP_SHIFT,POPULATION,CNTY_CITY_LOC,SPECIAL_COND,BEAT_TYPE,CHP_BEAT_TYPE,CITY_DIVISION_LAPD,CHP_BEAT_CLASS,BEAT_NUMBER,PRIMARY_RD,SECONDARY_RD,DISTANCE,DIRECTION,INTERSECTION,WEATHER_1,WEATHER_2,STATE_HWY_IND,CALTRANS_COUNTY,CALTRANS_DISTRICT,STATE_ROUTE,ROUTE_SUFFIX,POSTMILE_PREFIX,POSTMILE,LOCATION_TYPE,RAMP_INTERSECTION,SIDE_OF_HWY,TOW_AWAY,COLLISION_SEVERITY,NUMBER_KILLED,NUMBER_INJURED,PARTY_COUNT,PRIMARY_COLL_FACTOR,PCF_CODE_OF_VIOL,PCF_VIOL_CATEGORY,PCF_VIOLATION,PCF_VIOL_SUBSECTION,HIT_AND_RUN,TYPE_OF_COLLISION,MVIW,PED_ACTION,ROAD_SURFACE,ROAD_COND_1,ROAD_COND_2,LIGHTING,CONTROL_DEVICE,CHP_ROAD_TYPE,PEDESTRIAN_ACCIDENT,BICYCLE_ACCIDENT,MOTORCYCLE_ACCIDENT,TRUCK_ACCIDENT,NOT_PRIVATE_PROPERTY,ALCOHOL_INVOLVED,STWD_VEHTYPE_AT_FAULT,CHP_VEHTYPE_AT_FAULT,COUNT_SEVERE_INJ,COUNT_VISIBLE_INJ,COUNT_COMPLAINT_PAIN,COUNT_PED_KILLED,COUNT_PED_INJURED,COUNT_BICYCLIST_KILLED,COUNT_BICYCLIST_INJURED,COUNT_MC_KILLED,COUNT_MC_INJURED,PRIMARY_RAMP,SECONDARY_RAMP,LATITUDE,LONGITUDE,COUNTY,CITY,POINT_X,POINT_Y
6731959,2014,2015-02-04,9135,2014-12-01,1340,13861,,1,1,9,4500,0,3,5,,2,003,"HAPPY VALLEY RD","PALM AV",1162.00,N,N,B,C,N,,,,,,,,,,N,4,0,1,1,A,-,03,22350,,N,E,I,A,B,H,-,A,A,0,,,,,Y,,A,01,0,0,1,0,0,0,0,0,0,"- ","- ",40.449629999999999,-122.40682,SHASTA,UNINCORPORATED,-122.40730363,40.449669489999998
6731972,2014,2015-02-03,9135,2014-12-01,1829,015245,,1,2,9,4500,0,3,5,,2,003,"HAWTHORNE AV","HAPPY VALLEY RD",528.00,W,N,B,-,N,,,,,,,,,,Y,3,0,1,1,A,-,01,23152,A,N,E,I,A,B,H,-,D,D,0,,,,,Y,Y,D,22,0,1,0,0,0,0,0,0,0,"- ","- ",,,SHASTA,UNINCORPORATED,-122.39927858,40.47792209
6732519,2014,2016-06-16,9146,2014-11-30,1140,16763,,7,1,9,4500,0,1,1,,2,014,"RT 5 S","SIMS RD",7392.00,S,N,B,C,Y,SHA,2,5,-,-,56.010,H,-,S,Y,3,0,1,1,A,-,03,22350,,N,E,I,A,B,H,-,A,D,1,,,,,Y,,D,22,0,1,0,0,0,0,0,0,0,"- ","- ",,,SHASTA,UNINCORPORATED,-122.3744949,41.056629299999997
6735475,2014,2015-02-09,9135,2014-12-29,0650,016325,,1,1,9,4500,0,3,5,,2,003,"CLEAR CREEK RD","EVANS LN",1584.00,W,N,A,-,N,,,,,,,,,,Y,3,0,2,2,A,-,"- ",,,N,D,C,A,A,H,-,A,D,0,,,,Y,Y,,A,01,0,1,1,0,0,0,0,0,0,"- ","- ",40.511670000000002,-122.38746999999999,SHASTA,UNINCORPORATED,-122.38940187,40.5100622
6735499,2014,2016-06-14,9135,2014-12-24,2010,015363,,3,2,9,4500,0,1,3,,2,402,"RT 44","AIRPORT WY",1320.00,E,N,A,F,Y,SHA,2,44,-,-,36.200,H,-,E,Y,4,0,2,1,A,-,03,22350,,N,F,A,A,C,H,-,D,D,0,,,,,Y,,D,22,0,0,2,0,0,0,0,0,0,"- ","- ",,,SHASTA,UNINCORPORATED,-121.80773066,40.515695149999999
6742126,2014,2014-12-31,4501,2014-11-15,1735,A415,,6,5,2,4501,0,0,0,,0,002,"BAY ST","STINGY LN",165.00,W,N,A,-,N,,,,,,,,,,Y,4,0,1,3,A,-,08,22107,,N,C,E,A,A,H,-,C,D,0,,,,,Y,,A,01,0,0,1,0,0,0,0,0,0,"- ","- ",,,SHASTA,ANDERSON,-122.2881999,40.459755389999998
6742324,2014,2016-06-16,4501,2014-10-31,2252,419,,5,5,2,4501,0,0,0,,0,00I,"PLEASANT HILL DR","RT 273",0.00,,Y,A,-,Y,SHA,2,273,-,-,4.130,I,6,S,Y,4,0,1,2,A,-,03,22350,,N,C,C,A,A,H,-,C,A,0,,,,,Y,,A,01,0,0,1,0,0,0,0,0,0,"- ","- ",,,SHASTA,ANDERSON,-122.28755394,40.433091490000002
6754607,2014,2015-01-29,4502,2014-12-05,2011,101,,5,5,5,4502,0,0,0,,0,002,"EAST CYPRESS AV","LARKSPUR LN",150.00,W,N,C,-,N,,,,,,,,,,Y,3,0,2,3,A,-,09,21804,,N,D,C,A,B,H,-,C,D,0,,,,,Y,Y,A,08,0,1,1,0,0,0,0,0,0,"- ","- ",,,SHASTA,REDDING,-122.35596012000001,40.571042050000003
6754615,2014,2016-06-14,4502,2014-12-01,1801,146,,1,5,5,4502,0,0,0,,0,006,"EUREKA WY","MAGNOLIA AV",200.00,E,N,C,-,Y,SHA,2,299,-,-,23.500,H,-,W,N,3,0,1,2,A,-,03,22350,,N,C,C,A,B,H,-,C,A,0,,,,,Y,,A,01,0,1,0,0,0,0,0,0,0,"- ","- ",,,SHASTA,REDDING,-122.40278815000001,40.58662666
6754627,2014,2015-01-29,4502,2014-12-09,0924,100,,2,5,5,4502,0,0,0,,0,002,"CHURN CREEK RD",MERCHANT,0.00,,Y,B,-,N,,,,,,,,,,Y,4,0,1,2,A,-,12,21453,A,N,D,C,A,B,H,-,A,A,0,,,,,Y,,A,01,0,0,1,0,0,0,0,0,0,"- ","- ",,,SHASTA,REDDING,-122.35312985,40.573479890000002
6755946,2014,2015-01-28,9135,2014-11-28,1550,015627,,5,2,9,4500,0,3,5,,2,001,"GRANITE DR","TRINITY ALY",739.00,W,N,B,-,N,,,,,,,,,,Y,4,0,1,2,A,-,03,22350,,N,A,C,A,B,H,-,A,D,0,,,,,Y,,D,22,0,0,1,0,0,0,0,0,0,"- ","- ",,,SHASTA,UNINCORPORATED,-122.4905768,40.602912480000001
6755962,2014,2016-06-16,9135,2014-12-10,2050,012468,,3,2,9,4500,0,1,1,,2,056,"RT 5","DOG CREEK RD",3168.00,S,N,B,C,Y,SHA,2,5,-,R,45.160,H,-,N,Y,4,0,1,1,A,-,03,22350,,N,E,I,A,B,H,-,D,D,1,,,,Y,Y,,G,27,0,0,1,0,0,0,0,0,0,"- ","- ",,,SHASTA,UNINCORPORATED,-122.42041781,40.936931250000001
6767121,2014,2015-02-04,9135,2014-12-18,0820,018133,,4,1,9,4500,0,3,5,,2,003,"OLINDA RD","PAULINA LN",45.00,E,N,B,C,N,,,,,,,,,,Y,3,0,1,1,A,-,03,22350,,N,E,I,A,B,H,-,A,D,0,,,,,Y,,A,01,0,1,0,0,0,0,0,0,0,"- ","- ",40.446199999999997,-122.34152,SHASTA,UNINCORPORATED,-122.34140743,40.440531669999999
6773466,2014,2016-06-16,9135,2014-12-19,1825,16424,,5,2,9,4500,0,1,1,,2,054,"RT 5","RT 299",15.00,S,N,B,-,Y,SHA,2,5,-,R,17.110,R,1,N,N,4,0,1,2,A,-,03,22350,,N,C,C,A,B,H,-,C,D,1,,,,,Y,,A,01,0,0,1,0,0,0,0,0,0,TO,"- ",,,SHASTA,UNINCORPORATED,-122.36215111999999,40.60937551
6773474,2014,2015-02-13,9135,2014-12-21,0908,14761,,7,1,9,4500,0,3,5,,2,003,"OLINDA RD","FERRY ST",1478.00,W,N,B,-,N,,,,,,,,,,Y,3,0,1,1,A,-,08,22107,,M,E,I,A,B,H,-,A,D,0,,,,,Y,,A,07,0,1,0,0,0,0,0,0,0,"- ","- ",40.440770000000001,-122.31189999999999,SHASTA,UNINCORPORATED,-122.31198799000001,40.440755799999998
6773510,2014,2016-06-16,9135,2014-12-29,0750,12978,,1,1,9,4500,0,1,1,,2,054,"RT 5","SOUTH BONNYVIEW RD",3.00,N,N,A,-,Y,SHA,2,5,-,R,12.298,R,1,S,N,4,0,1,2,A,-,03,22350,,N,C,C,A,A,H,-,A,A,1,,,,,Y,,A,07,0,0,1,0,0,0,0,0,0,"- ","- ",,,SHASTA,UNINCORPORATED,-122.35192905,40.540515419999998
6781592,2015,2016-09-07,9135,2015-01-02,2005,16424,,5,2,9,4500,0,1,3,,1,301,"RT 299","CRYSTAL CREEK RD",8976.00,W,N,A,-,Y,SHA,2,299,-,-,6.320,H,-,E,Y,2,0,1,1,A,-,01,23152,A,N,F,I,A,A,H,-,D,D,0,,,,,Y,Y,D,22,1,0,0,0,0,0,0,0,0,"- ","- ",,,SHASTA,UNINCORPORATED,-122.67433482,40.67319182
6781600,2015,2016-09-07,9135,2015-01-02,1030,12264,,5,1,9,4500,0,1,3,,1,401,"RT 44","STILLWATER RD",582.00,W,N,A,-,Y,SHA,2,44,-,R,4.880,H,-,E,Y,3,0,2,2,A,-,08,22107,,N,A,C,A,A,H,-,A,D,0,,,,,Y,,A,01,0,2,0,0,0,0,0,0,0,"- ","- ",40.559330000000003,-122.27791000000001,SHASTA,UNINCORPORATED,-122.27769794,40.559300890000003
6781676,2015,2015-02-25,9135,2015-01-01,1741,018133,,4,2,5,4502,0,3,5,,2,004,"AIRPORT RD","TERRY LN",45.00,S,N,A,-,N,,,,,,,,,,N,2,0,1,2,A,-,03,22350,,N,C,G,A,A,H,-,D,D,0,,Y,,,Y,,L,04,1,0,0,0,0,0,1,0,0,"- ","- ",40.482959999999999,-122.29326,SHASTA,REDDING,-122.29327807,40.482896449999998
6781689,2015,2015-02-25,9135,2015-01-02,1530,015627,,5,2,9,4500,0,3,5,,2,004,"WILSON HILL RD","ROCKY OAKS RD",1056.00,N,N,A,-,N,,,,,,,,,,Y,3,0,1,1,A,-,01,23152,A,N,E,I,A,A,H,-,A,D,0,,,,,Y,Y,D,22,0,1,0,0,0,0,0,0,0,"- ","- ",,,SHASTA,UNINCORPORATED,-121.89943,40.457638369999998
6783706,2015,2015-03-25,9135,2015-03-03,0713,14761,,2,1,9,4500,0,3,5,,2,003,"GAS POINT RD","CHARLES ST",8.00,E,N,A,-,N,,,,,,,,,,N,4,0,1,2,A,-,03,22350,,N,C,C,A,A,H,-,A,D,0,,,,,Y,,D,22,0,0,1,0,0,0,0,0,0,"- ","- ",40.389220000000002,-122.32141,SHASTA,UNINCORPORATED,-122.32148127000001,40.389209999999999
6792250,2015,2016-09-07,9135,2015-01-01,1605,012142,,4,2,9,4500,0,1,3,,2,605,"RT 89","WILCOX RD",11616.00,S,N,A,-,Y,SHA,2,89,-,-,4.860,H,-,N,Y,4,0,1,1,A,-,08,22107,,N,E,I,A,A,H,-,B,D,0,,,,,Y,,A,01,0,0,1,0,0,0,0,0,0,"- ","- ",,,SHASTA,UNINCORPORATED,-121.45732467000001,40.736873809999999
6792636,2015,2016-04-13,9135,2015-01-04,2143,16461,,7,2,9,4500,0,3,5,,2,002,"DRY CREEK RD","RT 299",6230.00,N,N,A,-,N,,,,,,,,,,Y,3,0,1,1,A,-,01,23152,A,N,E,I,A,A,H,-,D,D,0,,,,,Y,Y,A,01,0,1,0,0,0,0,0,0,0,"- ","- ",40.656149999999997,-122.24106999999999,SHASTA,UNINCORPORATED,-122.24070124000001,40.655751270000003
6793281,2014,2015-02-09,9135,2014-12-31,1455,018026,,3,2,9,4500,0,1,3,,2,604,"RT 44","RT 89",1056.00,W,N,A,-,Y,,,,,,,,,,Y,4,0,1,2,A,-,09,21802,A,N,D,C,A,A,H,-,A,D,0,,,,,Y,,A,01,0,0,1,0,0,0,0,0,0,"- ","- ",,,SHASTA,UNINCORPORATED,-121.58003887,40.54237371
6797417,2015,2016-09-02,9135,2015-01-26,1712,16461,,1,2,9,4500,0,1,1,,2,054,"RT 5","SMITH RD",528.00,N,N,A,-,Y,SHA,2,5,-,R,10.950,H,-,N,Y,3,0,1,2,A,-,03,22350,,N,C,C,A,A,H,-,B,D,1,,,,,Y,,D,22,0,1,0,0,0,0,0,0,0,"- ","- ",,,SHASTA,UNINCORPORATED,-122.34550812000001,40.52148648
6798066,2015,2016-09-07,9135,2015-01-09,1400,015627,,5,2,9,4500,0,1,3,,2,402,"RT 44","BROOKSIDE MEADOWS LN",1056.00,E,N,A,-,Y,SHA,2,44,-,-,43.370,H,-,W,Y,4,0,2,1,A,-,03,22350,,N,E,I,A,A,H,-,A,D,0,,,,,Y,,A,01,0,0,2,0,0,0,0,0,0,"- ","- ",,,SHASTA,UNINCORPORATED,-121.68078242,40.522868119999998
6798068,2015,2015-02-23,9135,2015-01-15,0033,017956,,4,3,9,4500,0,3,5,,2,001,"HAPPY VALLEY RD","MAJESTIC VIEW DR",2112.00,N,N,A,-,N,,,,,,,,,,Y,2,0,2,1,A,-,03,22350,,F,E,I,A,A,H,-,D,D,0,,,,,Y,,A,01,2,0,0,0,0,0,0,0,0,"- ","- ",,,SHASTA,UNINCORPORATED,-122.37465413,40.488766689999999
6798069,2015,2016-09-02,9135,2015-01-15,1130,012264,,4,1,5,4502,0,1,1,,2,055,"RT 5","TWIN VIEW BL",1056.00,S,N,B,-,Y,SHA,2,5,-,R,17.870,H,-,S,Y,4,0,1,1,A,-,08,22107,,N,E,I,A,A,H,-,A,D,1,,,,,Y,,A,01,0,0,1,0,0,0,0,0,0,"- ","- ",,,SHASTA,REDDING,-122.36590063,40.619995400000001
6798070,2015,2015-02-23,9135,2015-01-13,1940,013553,,2,2,9,4500,0,3,5,,2,006,"GLENBURN RD","GOMEZ RD",357.00,S,N,A,-,N,,,,,,,,,,Y,3,0,1,1,A,-,08,22107,,N,E,I,A,C,H,-,A,D,0,,,,,Y,,A,07,0,1,0,0,0,0,0,0,0,"- ","- ",,,SHASTA,UNINCORPORATED,-121.49204571,41.034606940000003
6799843,2015,2016-09-07,9135,2015-01-31,1703,15133,,6,2,9,4500,0,1,3,,1,302,"RT 273","EASTSIDE RD",0.00,,Y,A,-,Y,SHA,2,273,-,-,10.350,I,5,N,Y,4,0,1,2,A,-,09,21802,A,N,D,C,A,A,H,-,A,A,0,,,,,Y,,D,22,0,0,1,0,0,0,0,0,0,"- ","- ",40.498080000000002,-122.37033,SHASTA,UNINCORPORATED,-122.37086155999999,40.498030159999999
6799962,2015,2015-03-03,9135,2015-01-20,1620,015418,,2,2,9,4500,0,3,5,,2,003,"GAS POINT RD","RHONDA RD",0.00,,Y,A,-,N,,,,,,,,,,Y,4,0,1,2,A,-,12,21453,A,N,D,C,A,A,H,-,A,A,0,,,,,Y,,A,01,0,0,1,0,0,0,0,0,0,"- ","- ",,,SHASTA,UNINCORPORATED,-122.28780990999999,40.389329959999998
6799963,2015,2016-09-07,9135,2015-01-23,2100,017956,,5,2,9,4500,0,1,3,,1,302,"RT 273","WHITE HOUSE DR",0.00,,Y,A,-,Y,SHA,2,273,-,-,10.350,I,5,S,Y,2,0,2,2,A,-,09,21802,A,N,D,C,A,A,H,-,C,A,0,,,,,Y,,A,01,1,0,1,0,0,0,0,0,0,"- ","- ",,,SHASTA,UNINCORPORATED,-122.37103172,40.497938509999997
6799965,2015,2015-03-02,9135,2015-01-31,1930,012864,,6,2,9,4500,0,3,5,,2,002,"OAK RUN TO FERN RD","PHILLIPS RD",5808.00,W,N,B,-,N,,,,,,,,,,N,3,0,2,1,A,-,08,22107,,N,F,A,A,A,H,-,D,D,0,,,Y,,Y,,C,02,0,2,0,0,0,0,0,0,2,"- ","- ",,,SHASTA,UNINCORPORATED,-121.96526885,40.709189510000002
6804899,2015,2016-09-07,9135,2015-01-08,1618,15627,,4,2,9,4500,0,1,3,,1,302,"RT 273","BANIGAN RD",785.00,N,N,A,-,Y,SHA,2,273,-,-,9.310,H,-,N,Y,3,0,3,1,A,-,01,23152,A,N,F,I,A,A,H,-,A,A,0,,,,,Y,Y,A,01,0,3,0,0,0,0,0,0,0,"- ","- ",,,SHASTA,UNINCORPORATED,-122.35617569,40.487987769999997
6815043,2015,2015-04-28,9135,2015-03-22,1606,14761,,7,2,9,4500,0,3,5,,2,001,"PETERSON LN","LAKE BL",22.00,W,N,B,C,N,,,,,,,,,,N,4,0,1,2,A,-,03,22350,,N,E,I,A,B,H,-,A,D,0,,,,,Y,,A,01,0,0,1,0,0,0,0,0,0,"- ","- ",40.64226,-122.398,SHASTA,UNINCORPORATED,-122.39787843000001,40.642298910000001
6821594,2015,2015-03-10,9135,2015-02-02,1612,14761,,1,2,9,4500,0,3,5,,2,003,"EASTSIDE RD","RIVER VIEW RD",0.00,,Y,A,B,N,,,,,,,,,,N,4,0,1,1,A,-,03,22350,,N,F,A,A,B,H,-,A,D,0,,,Y,,Y,,C,02,0,0,1,0,0,0,0,0,1,"- ","- ",40.487940000000002,-122.35527999999999,SHASTA,UNINCORPORATED,-122.35524504999999,40.487901729999997
6823115,2015,2015-03-04,9135,2015-02-10,2225,016672,,2,3,9,4500,0,3,5,,2,004,"ASH CREEK RD","DERSCH RD",24552.00,S,N,A,-,N,,,,,,,,,,Y,2,0,1,1,A,-,01,23152,A,N,E,I,A,A,H,-,D,D,0,,,,,Y,Y,A,07,1,0,0,0,0,0,0,0,0,"- ","- ",,,SHASTA,UNINCORPORATED,-122.13718084,40.440013800000003
6823834,2015,2016-09-02,4501,2015-02-02,1702,405,SCMC,1,5,2,4501,0,0,0,,0,002,"NORTH ST","RT 5",0.00,,Y,B,-,Y,SHA,2,5,-,R,5.833,R,4,S,Y,3,0,2,2,A,-,12,22450,A,N,D,C,A,B,H,-,A,D,0,,,,,Y,,-,,0,1,1,0,0,0,0,0,0,"- ",SF,,,SHASTA,ANDERSON,-122.29745490000001,40.457792050000002
6824146,2015,2015-03-04,4501,2015-01-30,1616,A413,ANDER,5,5,2,4501,0,0,0,,0,TWO,"MCMURRY DR","GANYON DR",262.00,N,N,A,-,N,,,,,,,,,,Y,4,0,1,2,A,-,03,22350,,N,C,C,A,A,H,-,A,A,0,,,,,Y,,A,07,0,0,1,0,0,0,0,0,0,"- ","- ",,,SHASTA,ANDERSON,-122.29289109,40.455017789999999
6824362,2015,2016-09-07,4501,2015-02-09,1735,403,,1,5,2,4501,0,0,0,,0,001,"PLEASANT HILL DR","RT 273",40.00,W,N,B,-,Y,SHA,2,273,-,-,4.130,I,6,S,N,4,0,3,2,A,-,03,22350,,N,C,C,A,B,H,-,A,D,0,,,,,Y,,A,01,0,0,3,0,0,0,0,0,0,"- ","- ",,,SHASTA,ANDERSON,-122.28755394,40.433091490000002
6826129,2015,2015-03-13,9135,2015-02-07,0655,012264,,6,1,9,4500,0,3,5,,2,004,"DESCHUTES RD","LOS ALTOS DR",222.00,S,N,B,-,N,,,,,,,,,,Y,4,0,1,1,C,-,18,,,N,E,H,A,B,H,-,D,D,0,,,,,Y,,-,"- ",0,0,1,0,0,0,0,0,0,"- ","- ",40.501750000000001,-122.23788999999999,SHASTA,UNINCORPORATED,-122.23776081,40.501721830000001
6837654,2015,2016-09-02,9135,2015-02-14,1740,018133,,6,2,5,4502,0,1,1,,2,054,"RT 5","HILLTOP DR",2112.00,N,N,A,-,Y,SHA,2,5,-,R,16.550,H,-,S,Y,4,0,1,1,A,-,08,22107,,N,F,A,A,A,H,-,B,D,1,,,,,Y,,A,01,0,0,1,0,0,0,0,0,0,"- ","- ",40.600949999999997,-122.36113,SHASTA,REDDING,-122.36083708,40.601333480000001
6837666,2015,2015-03-18,9135,2015-02-22,1440,021978,,7,2,9,4500,0,3,5,,2,002,"OLD 44 DR","DESCHUTES RD",5280.00,W,N,A,-,N,,,,,,,,,,Y,3,0,1,1,A,-,01,23152,A,N,F,A,A,A,H,-,A,D,0,,,,,Y,Y,A,01,0,1,0,0,0,0,0,0,0,"- ","- ",,,SHASTA,UNINCORPORATED,-122.25630771,40.562029430000003
6852021,2015,2016-09-02,9135,2015-02-25,1324,015627,,3,1,5,4502,0,1,1,,2,054,"RT 5","LAKE BL",3168.00,S,N,A,-,Y,SHA,2,5,-,R,16.930,H,-,S,Y,3,0,1,2,A,-,07,21658,A,N,B,C,A,A,H,-,A,A,1,,,,,Y,,A,08,0,1,0,0,0,0,0,0,0,"- ","- ",,,SHASTA,REDDING,-122.36173359,40.60677802
6853980,2015,2015-03-25,9135,2015-03-03,2348,016087,,2,3,9,4500,0,3,5,,2,003,"CANYON RD","CHINA GULCH RD",50.00,S,N,A,-,N,,,,,,,,,,Y,4,0,1,1,A,-,08,22107,,N,E,J,A,A,H,-,D,D,0,,,,,Y,,A,01,0,0,1,0,0,0,0,0,0,"- ","- ",,,SHASTA,UNINCORPORATED,-122.39366031,40.48848271
6854338,2014,2015-04-21,4501,2014-10-15,2042,A409,4501,3,5,2,4501,0,0,0,,0,0II,"RIVERSIDE DR","ODLE LN",15.00,W,N,A,-,N,,,,,,,,,,N,1,1,0,1,D,-,00,,,N,A,J,A,A,H,-,D,D,0,,,,,Y,,-,"- ",0,0,0,0,0,0,0,0,0,"- ","- ",,,SHASTA,ANDERSON,-122.30117315,40.469096960000002
6854492,2014,2015-07-02,4502,2014-06-07,2000,321,,6,5,5,4502,0,0,0,,0,003,"HARTNELL AV","ARGYLE RD",719.00,E,N,A,-,N,,,,,,,,,,Y,1,1,3,1,A,-,01,23152,B,N,E,I,A,A,H,-,A,A,0,,,,,Y,Y,A,01,0,2,1,0,0,0,0,0,0,"- ","- ",,,SHASTA,REDDING,-122.30712517000001,40.563765760000003
6854632,2015,2015-06-01,9135,2015-05-02,1715,18133,,6,2,9,4500,0,3,5,,2,003,"OLINDA RD","PAULINA LN",200.00,E,N,A,-,N,,,,,,,,,,N,1,1,1,1,A,-,01,23152,A,N,E,I,A,A,H,-,A,D,0,,,Y,,Y,Y,C,02,1,0,0,0,0,0,0,1,1,"- ","- ",40.440199999999997,-122.34059000000001,SHASTA,UNINCORPORATED,-122.34088862999999,40.440379880000002
6854713,2015,2015-07-15,9135,2015-05-13,0810,12264,,3,1,9,4500,0,1,3,,1,201,"RT 299","BUZZARD ROOST RD",7920.00,W,N,A,-,Y,SHA,2,299,-,-,50.810,H,-,W,Y,1,1,1,2,A,-,05,21460,A,N,E,I,A,A,H,-,A,A,0,,,,Y,Y,,G,25,0,1,0,0,0,0,0,0,0,"- ","- ",40.781059999999997,-121.97526999999999,SHASTA,UNINCORPORATED,-121.97539078,40.78086278
6856265,2015,2016-09-02,9135,2015-02-02,1120,014761,,1,1,9,4500,0,1,1,,2,053,"RT 5","TEHAMA CO LINE",829.00,N,N,B,-,Y,SHA,2,5,-,-,0.160,H,-,N,Y,3,0,2,1,A,-,08,22107,,N,E,I,A,B,H,-,A,D,1,,,,,Y,,A,01,0,2,0,0,0,0,0,0,0,"- ","- ",40.377870000000001,-122.2846,SHASTA,UNINCORPORATED,-122.28470608000001,40.378726620000002
6861446,2015,2016-09-02,9135,2015-03-11,1010,016339,,3,1,9,4500,0,1,1,,2,056,"RT 5","SIDEHILL BRIDGE",20.00,N,N,B,C,Y,SHA,2,5,-,R,29.730,H,-,S,Y,4,0,1,1,A,-,08,22107,,N,E,I,A,B,H,-,A,D,1,,,,,Y,,D,22,0,0,1,0,0,0,0,0,0,"- ","- ",,,SHASTA,UNINCORPORATED,-122.31843634000001,40.776943009999997
6871824,2015,2016-09-07,9135,2015-03-26,1440,012421,,4,2,9,4500,0,1,3,,2,601,"RT 299","TAMARACK RD",15.00,E,N,A,-,Y,SHA,2,299,-,-,73.140,H,-,W,Y,4,0,1,2,A,-,05,21752,D,N,B,C,A,A,H,-,A,D,0,,,,,Y,,A,01,0,0,1,0,0,0,0,0,0,"- ","- ",,,SHASTA,UNINCORPORATED,-121.69747652,40.872866309999999
6871831,2015,2015-04-27,9135,2015-04-01,0750,013331,,3,1,9,4500,0,3,5,,2,002,"OLD OREGON TRL","COLLEGE VIEW DR",0.00,,Y,A,-,N,,,,,,,,,,Y,4,0,1,2,A,-,09,21802,A,N,D,C,A,A,H,-,A,A,0,,,,,Y,,D,22,0,0,1,0,0,0,0,0,0,"- ","- ",,,SHASTA,UNINCORPORATED,-122.31841987999999,40.619229990000001
6875965,2015,2017-02-21,9135,2015-03-22,1655,016325,,7,2,9,4500,0,1,1,,2,056,"RT 5","VOLLMERS RD",3168.00,S,N,B,C,Y,SHA,2,5,-,R,45.160,H,-,S,Y,4,0,1,2,A,-,03,22350,,N,E,I,A,B,H,-,A,D,1,,,,,Y,,A,01,0,0,1,0,0,0,0,0,0,"- ","- ",,,SHASTA,UNINCORPORATED,-122.42063165,40.936814120000001
6875969,2015,2016-09-02,9135,2015-03-23,0710,012864,,1,1,9,4500,0,1,1,,2,056,"RT 5","GABLES BRIDGE 6-183",1056.00,N,N,B,-,Y,SHA,2,5,-,R,47.560,H,-,S,Y,4,0,1,1,A,-,08,22107,,N,E,I,A,B,H,-,A,D,1,,,,,Y,,A,01,0,0,1,0,0,0,0,0,0,"- ","- ",40.959119999999999,-122.43747999999999,SHASTA,UNINCORPORATED,-122.4382818,40.959578690000001
6875989,2015,2016-09-02,9135,2015-03-17,0855,012978,,2,1,9,4500,0,1,1,,2,053,"RT 5","NORTH ST",207.00,S,N,A,-,Y,SHA,2,5,-,R,5.600,H,-,N,Y,4,0,2,3,A,-,03,22350,,N,C,C,A,A,H,-,A,D,1,,,,,Y,,A,07,0,0,2,0,0,0,0,0,0,"- ","- ",40.455120000000001,-122.29447999999999,SHASTA,UNINCORPORATED,-122.29459233,40.455267499999998
6877480,2015,2016-09-02,9135,2015-03-25,1435,012264,,3,2,5,4502,0,1,1,,2,054,"RT 5","HILLTOP DR",482.00,S,N,A,-,Y,SHA,2,5,-,R,16.060,H,-,N,Y,4,0,1,2,A,-,17,23114,A,M,E,J,A,A,H,-,A,D,1,,,Y,,Y,,D,22,0,0,1,0,0,0,0,0,1,"- ","- ",40.59404,-122.36031,SHASTA,REDDING,-122.36041092000001,40.594233459999998
6878061,2015,2015-04-11,4502,2015-02-28,1645,,,6,5,5,4502,0,0,0,,0,,"KESWICK DAM RD","LAKE BL",2640.00,W,N,A,-,N,,,,,,,,,,Y,2,0,1,1,A,-,01,23152,A,N,E,I,A,A,H,-,A,D,0,,,,,Y,Y,D,22,1,0,0,0,0,0,0,0,0,"- ","- ",,,SHASTA,REDDING,-122.41454783,40.62598852
6881241,2015,2015-09-10,9135,2015-03-15,1054,14761,,7,1,9,4500,0,3,5,,2,003,"GAS POINT RD","SHIRLEY ST",0.00,W,N,A,-,N,,,,,,,,,,N,4,0,1,2,A,-,03,22350,,N,C,C,A,A,H,-,A,D,0,,,Y,,Y,,C,02,0,0,1,0,0,0,0,0,1,"- ","- ",40.389290000000003,-122.31223,SHASTA,UNINCORPORATED,-122.31202987,40.389259889999998
6881374,2015,2015-04-24,9135,2015-03-24,1515,13861,,2,2,9,4500,0,3,5,,2,003,"RHONDA RD","LINDA LN",65.00,S,N,A,-,N,,,,,,,,,,N,3,0,1,1,A,-,03,22350,,N,F,A,A,A,H,-,A,D,0,,,Y,,Y,,C,02,0,1,0,0,0,0,0,0,1,"- ","- ",40.395679999999999,-122.28909,SHASTA,UNINCORPORATED,-122.28906232,40.395721530000003
6881378,2015,2015-04-24,9135,2015-03-24,1446,014761,,2,2,9,4500,0,3,5,,2,003,"HAPPY VALLEY RD","GAS POINT RD",0.00,,Y,A,-,N,,,,,,,,,,Y,4,0,1,2,A,-,09,21802,A,N,D,C,A,A,H,-,A,A,0,,,,,Y,,A,07,0,0,1,0,0,0,0,0,0,"- ","- ",,,SHASTA,UNINCORPORATED,-122.40680986,40.388639900000001
6881382,2015,2016-09-07,9135,2015-03-20,2353,017428,,5,3,9,4500,0,1,3,,1,401,"RT 44","STILLWATER RD",0.00,W,N,B,-,Y,SHA,2,44,-,R,4.710,H,-,W,Y,3,0,1,2,A,-,03,22350,,F,B,C,A,A,H,-,D,D,0,,,,,Y,,A,01,0,1,0,0,0,0,0,0,0,"- ","- ",,,SHASTA,UNINCORPORATED,-122.28082144,40.559028619999999