CASE_ID,ACCIDENT_YEAR,PROC_DATE,JURIS,COLLISION_DATE,COLLISION_TIME,OFFICER_ID,REPORTING_DISTRICT,DAY_OF_WEEK,CHP_SHIFT,POPULATION,CNTY_CITY_LOC,SPECIAL_COND,BEAT_TYPE,CHP_BEAT_TYPE,CITY_DIVISION_LAPD,CHP_BEAT_CLASS,BEAT_NUMBER,PRIMARY_RD,SECONDARY_RD,DISTANCE,DIRECTION,INTERSECTION,WEATHER_1,WEATHER_2,STATE_HWY_IND,CALTRANS_COUNTY,CALTRANS_DISTRICT,STATE_ROUTE,ROUTE_SUFFIX,POSTMILE_PREFIX,POSTMILE,LOCATION_TYPE,RAMP_INTERSECTION,SIDE_OF_HWY,TOW_AWAY,COLLISION_SEVERITY,NUMBER_KILLED,NUMBER_INJURED,PARTY_COUNT,PRIMARY_COLL_FACTOR,PCF_CODE_OF_VIOL,PCF_VIOL_CATEGORY,PCF_VIOLATION,PCF_VIOL_SUBSECTION,HIT_AND_RUN,TYPE_OF_COLLISION,MVIW,PED_ACTION,ROAD_SURFACE,ROAD_COND_1,ROAD_COND_2,LIGHTING,CONTROL_DEVICE,CHP_ROAD_TYPE,PEDESTRIAN_ACCIDENT,BICYCLE_ACCIDENT,MOTORCYCLE_ACCIDENT,TRUCK_ACCIDENT,NOT_PRIVATE_PROPERTY,ALCOHOL_INVOLVED,STWD_VEHTYPE_AT_FAULT,CHP_VEHTYPE_AT_FAULT,COUNT_SEVERE_INJ,COUNT_VISIBLE_INJ,COUNT_COMPLAINT_PAIN,COUNT_PED_KILLED,COUNT_PED_INJURED,COUNT_BICYCLIST_KILLED,COUNT_BICYCLIST_INJURED,COUNT_MC_KILLED,COUNT_MC_INJURED,PRIMARY_RAMP,SECONDARY_RAMP,LATITUDE,LONGITUDE,COUNTY,CITY,POINT_X,POINT_Y
84772977,2024,2025-07-22,4502,2024-12-30,1202,541,,1,5,5,4502,0,0,0,,0,R01,"HILLTOP DR","BROWNING ST",715.00,N,N,A,-,N,,,,,,,,,,Y,4,0,1,1,A,-,03,22350,,N,E,8,A,B,H,-,A,D,0,,,,,Y,,A,01,0,0,1,0,0,0,0,0,0,"- ","- ",,,SHASTA,REDDING,-122.35873413085938,40.594890594482422
84772986,2024,2025-07-22,4502,2024-12-30,1756,524,,1,5,5,4502,0,0,0,,0,R05,"MARKET ST","SHASTA ST",0.00,,Y,A,-,N,,,,,,,,,,Y,4,0,1,2,A,-,12,21453,A,N,D,C,A,A,H,-,C,A,0,,,,,Y,,A,01,0,0,1,0,0,0,0,0,0,"- ","- ",,,SHASTA,REDDING,-122.39170837402344,40.586345672607422
84772993,2025,2025-07-22,4502,2025-01-01,1741,541,,3,5,5,4502,0,0,0,,0,,"CYPRESS AVE","OAK ST",406.00,W,N,A,-,N,,,,,,,,,,Y,4,0,1,2,A,-,09,21804,A,N,D,C,A,B,H,-,A,D,0,,,,,Y,,-,"- ",0,0,1,0,0,0,0,0,0,"- ","- ",,,SHASTA,REDDING,-122.51079559326172,37.523452758789062
84772999,2025,2025-07-22,4502,2025-01-08,1757,537,,3,5,5,4502,0,0,0,,0,R02,"BECHELLI LN.","N. CURB PROLONGATION LINE OF HARTNELL AVE",157.00,N,N,A,-,N,,,,,,,,,,Y,3,0,1,2,A,-,01,23153,A,N,D,C,A,A,H,-,C,D,0,,,,,Y,Y,A,01,0,1,0,0,0,0,0,0,0,"- ","- ",,,SHASTA,REDDING,,
84773004,2024,2025-07-22,4502,2024-12-30,1655,159,,1,5,5,4502,0,0,0,,0,R02,"HARTNELL AVE",,0.00,,Y,A,-,N,,,,,,,,,,N,4,0,1,2,A,-,17,21235,G,N,D,C,A,A,H,-,B,D,0,,,Y,,Y,,C,03,0,0,1,0,0,0,0,0,1,"- ","- ",40.563701629638672,-122.35164642333984,SHASTA,REDDING,,
84773010,2025,2025-07-22,4502,2025-01-13,1334,539,,1,5,5,4502,0,0,0,,0,R01,"OLD ALTURAS RD","BRADFORD WY",35.00,W,N,A,-,N,,,,,,,,,,Y,4,0,1,1,C,-,18,,,N,E,I,A,A,H,-,A,A,0,,,,,Y,,-,"- ",0,0,1,0,0,0,0,0,0,"- ","- ",,,SHASTA,REDDING,-122.34392547607422,40.586963653564453
84773011,2025,2025-07-22,4502,2025-01-09,1307,539,,4,5,5,4502,0,0,0,,0,R05,"SOUTH MARKET ST","HILL ST",16.00,S,N,A,-,Y,,,,,,,,,,Y,2,0,1,2,A,-,11,21954,A,N,F,J,E,A,H,-,A,D,0,Y,,Y,,Y,,N,60,1,0,0,0,0,0,0,0,1,"- ","- ",,,SHASTA,REDDING,-122.38787078857422,40.577266693115234
84773012,2025,2025-07-22,4502,2025-01-14,1857,537,,2,5,5,4502,0,0,0,,0,R06,"1925 EUREKA WAY PARKING LOT","W. ROADWAY SURFACE EDGE PROLONGATION LINE OF ROSE",30.00,W,N,A,-,N,,,,,,,,,,Y,3,0,1,2,A,-,01,23152,B,N,C,E,A,A,H,-,C,D,0,,,,,Y,Y,D,22,0,1,0,0,0,0,0,0,0,"- ","- ",,,SHASTA,REDDING,-122.39916229248047,40.586250305175781
84773015,2025,2025-07-22,4502,2025-01-16,1350,526,,4,5,5,4502,0,0,0,,0,R04,"BUENAVENTURA BOULEVARD","WEST PROLONGED CURB LINE OF SR 273",60.00,W,N,A,-,Y,,,,,,,,,,N,4,0,3,2,A,-,08,22107,,N,B,C,A,A,H,-,A,A,0,,,,,Y,,-,"- ",0,0,3,0,0,0,0,0,0,"- ","- ",,,SHASTA,REDDING,-122.38835906982422,40.554561614990234
84773017,2025,2025-07-22,4502,2025-01-20,1340,526,,1,5,5,4502,0,0,0,,0,R05,"SHASTA STREET","PINE STREET",0.00,,Y,A,-,Y,,,,,,,,,,Y,4,0,1,2,A,-,12,21453,A,N,D,C,A,A,H,-,A,A,0,,,,,Y,,D,22,0,0,1,0,0,0,0,0,0,"- ","- ",,,SHASTA,REDDING,-122.39044189453125,40.586677551269531
84774053,2025,2025-07-23,4502,2025-01-29,1900,524,,3,5,5,4502,0,0,0,,0,R02,"HILLTOP DRIVE","MISTLETOE LANE",332.00,N,N,A,-,N,,,,,,,,,,N,3,0,2,1,C,-,18,,,N,E,I,A,A,H,-,C,D,0,,,,,Y,,-,"- ",0,1,1,0,0,0,0,0,0,"- ","- ",,,SHASTA,REDDING,-122.35784912109375,40.579349517822266
84774060,2025,2025-07-23,4502,2025-01-31,1755,104,,5,5,5,4502,0,0,0,,0,R05,"1229 ORANGE AVE","SOUTH ST",135.00,S,N,C,-,N,,,,,,,,,,N,4,0,1,2,A,-,03,22350,,N,B,C,A,B,H,-,B,D,0,,,,,Y,,A,01,0,0,1,0,0,0,0,0,0,"- ","- ",,,SHASTA,REDDING,,
84774062,2025,2025-07-23,4502,2025-01-16,"146 ",144,,4,5,5,4502,0,0,0,,0,R02,"HARTNELL AVENUE","SHASTA VIEW",0.00,,Y,A,-,N,,,,,,,,,,N,3,0,1,1,A,-,01,23152,A,N,H,A,A,A,H,-,C,D,0,,,Y,,Y,,C,02,0,1,0,0,0,0,0,0,1,"- ","- ",,,SHASTA,REDDING,-122.32546997070312,40.563774108886719
84774063,2025,2025-07-23,4502,2025-02-04,1105,526,,2,5,5,4502,0,0,0,,0,R01,"CHURN CREEK ROAD","OLD ALTURAS ROAD",0.00,,Y,C,-,N,,,,,,,,,,Y,4,0,2,2,A,-,12,21453,A,N,D,C,A,B,H,-,A,A,0,,,,,Y,,A,01,0,0,2,0,0,0,0,0,0,"- ","- ",,,SHASTA,REDDING,-122.35107421875,40.588417053222656
84774068,2025,2025-07-23,4502,2025-02-06,2018,524,,4,5,5,4502,0,0,0,,0,R06,"EAST ST","NCPL BUTTE ST",28.00,N,N,C,-,N,,,,,,,,,,Y,3,0,1,1,A,-,03,22350,,N,E,J,A,B,H,-,B,D,0,,,,,Y,,A,01,0,1,0,0,0,0,0,0,0,"- ","- ",,,SHASTA,REDDING,-122.3883056640625,40.5850830078125
84774188,2025,2025-07-23,4502,2025-02-06,1645,537,,4,5,5,4502,0,0,0,,0,R05,"MARKET ST. (SR-273)","N. CURB PROLONGATION LINE OF TEHAMA ST.",92.00,N,N,A,-,Y,,,,,,,,,,N,3,0,1,2,A,-,03,22350,,F,C,C,A,A,H,-,A,A,0,,,,,Y,,A,01,0,1,0,0,0,0,0,0,0,"- ","- ",,,SHASTA,REDDING,,
84774193,2025,2025-07-23,4502,2025-02-13,1402,524,,4,5,5,4502,0,0,0,,0,R05,"ROSALINE AVENUE","WEST ST",36.00,W,N,C,-,N,,,,,,,,,,N,4,0,1,2,A,-,09,21802,A,N,B,C,A,B,H,-,A,D,0,,,,,Y,,A,01,0,0,1,0,0,0,0,0,0,"- ","- ",,,SHASTA,REDDING,-122.39385986328125,40.573326110839844
84774197,2025,2025-07-23,4502,2025-02-15,1500,537,,6,5,5,4502,0,0,0,,0,R05,"MARKET ST. (SR-273)","TRINITY ST.",0.00,,Y,A,-,Y,,,,,,,,,,Y,4,0,1,2,A,-,12,21453,A,N,D,C,A,A,H,-,A,A,0,,,,,Y,,-,"- ",0,0,1,0,0,0,0,0,0,"- ","- ",,,SHASTA,REDDING,-122.39269256591797,40.588642120361328
84774201,2025,2025-07-23,4502,2025-02-18,1249,539,,2,5,5,4502,0,0,0,,0,R03,"BECHELLI LN","RAFAEL ST",128.00,N,N,B,-,N,,,,,,,,,,Y,4,0,2,3,A,-,03,22350,,N,C,C,A,A,H,-,A,A,0,,,,,Y,,A,07,0,0,2,0,0,0,0,0,0,"- ","- ",,,SHASTA,REDDING,-122.36245727539062,40.548191070556641
84774204,2025,2025-07-23,4502,2025-02-21,1441,529,,5,5,5,4502,0,0,0,,0,R02,"CHURN CREEK RD","PRESIDIO ST",32.00,S,N,A,-,N,,,,,,,,,,Y,3,0,2,2,D,-,00,,,N,B,C,A,A,H,-,A,A,0,,,Y,,Y,,-,"- ",0,1,1,0,0,0,0,0,1,"- ","- ",,,SHASTA,REDDING,-122.35427856445312,40.58203125
84774209,2025,2025-07-23,4502,2025-02-25,1326,151,,2,5,5,4502,0,0,0,,0,R06,"BENTON DRIVE","RIVER PARK DRIVE",510.00,E,N,A,-,N,,,,,,,,,,Y,3,0,1,2,A,-,01,23152,F,N,C,C,A,A,H,-,A,D,0,,,,,Y,,A,01,0,1,0,0,0,0,0,0,0,"- ","- ",,,SHASTA,REDDING,-122.39736938476562,40.599704742431641
84774559,2025,2025-07-23,4502,2025-03-04,1517,537,,2,5,5,4502,0,0,0,,0,R01,"HILLTOP DR","ST. THOMAS PKWY",0.00,,Y,B,-,N,,,,,,,,,,Y,4,0,1,2,A,-,09,21802,A,N,D,C,A,A,H,-,A,A,0,,,,,Y,,A,01,0,0,1,0,0,0,0,0,0,"- ","- ",,,SHASTA,REDDING,-122.37049865722656,40.598064422607422
84774563,2025,2025-07-23,4502,2025-03-07,1540,529,,5,5,5,4502,0,0,0,,0,R06,"EUREKA WY","OLIVE AV",0.00,,Y,A,-,N,,,,,,,,,,N,4,0,1,2,A,-,03,22350,,N,C,C,A,A,H,-,A,D,0,,,,,Y,,A,01,0,0,1,0,0,0,0,0,0,"- ","- ",,,SHASTA,REDDING,-122.40641784667969,40.586338043212891
84774571,2025,2025-07-23,4502,2025-03-10,1119,151,,1,5,5,4502,0,0,0,,0,R05,"MARKET STREET / SR 273","GOLD STREET",85.00,S,N,A,-,Y,,,,,,,,,,N,2,0,1,1,A,-,03,22350,,N,F,-,A,A,H,-,A,A,0,,,Y,,Y,,C,03,1,0,0,0,0,0,0,0,1,"- ","- ",,,SHASTA,REDDING,-122.3902587890625,40.579498291015625
84774575,2025,2025-07-23,4502,2025-03-12,"604 ",526,,3,5,5,4502,0,0,0,,0,R03,"3411 CHURN CREEK ROAD","SOUTH PROLONGED CURB LINE OF SHIRLEY LANE",377.00,S,N,B,-,N,,,,,,,,,,Y,4,0,1,2,A,-,01,23152,F,N,D,C,A,A,H,-,C,D,0,,,,,Y,,A,01,0,0,1,0,0,0,0,0,0,"- ","- ",,,SHASTA,REDDING,,
84774578,2025,2025-07-23,4502,2025-03-14,1638,529,,5,5,5,4502,0,0,0,,0,R06,"PRIVATE LOT","EUREKA WY",126.00,S,N,C,-,N,,,,,,,,,,N,4,0,2,2,B,-,22,,,N,D,C,A,B,H,-,A,D,0,,,,,Y,,A,08,0,0,2,0,0,0,0,0,0,"- ","- ",,,SHASTA,REDDING,,
84774579,2025,2025-07-23,4502,2025-03-14,1712,529,,5,5,5,4502,0,0,0,,0,R04,"PARKVIEW AV","AKARD AV",0.00,,Y,B,C,N,,,,,,,,,,Y,4,0,2,2,A,-,09,21802,A,N,A,C,A,B,H,-,A,A,0,,,,,Y,,A,01,0,0,2,0,0,0,0,0,0,"- ","- ",,,SHASTA,REDDING,-122.38333892822266,40.572296142578125
84774604,2025,2025-07-23,4502,2025-03-18,1558,524,,2,5,5,4502,0,0,0,,0,R03,"RANCHO ROAD","SHASTA VIEW DRIVE",259.00,W,N,A,-,N,,,,,,,,,,Y,4,0,1,1,B,-,22,,,N,A,I,A,A,H,-,A,D,0,,,,,Y,,A,01,0,0,1,0,0,0,0,0,0,"- ","- ",,,SHASTA,REDDING,-122.31867980957031,40.53472900390625
84774608,2025,2025-07-23,4502,2025-03-22,1115,529,,6,5,5,4502,0,0,0,,0,R01,"OLD ALTURAS RD","VICTOR AV",15.00,W,N,B,-,N,,,,,,,,,,N,4,0,2,2,A,-,03,22350,,F,C,C,A,A,H,-,A,A,0,,,,,Y,,A,08,0,0,2,0,0,0,0,0,0,"- ","- ",,,SHASTA,REDDING,-122.33912658691406,40.587581634521484
84774612,2025,2025-07-23,4502,2025-03-25,"742 ",539,,2,5,5,4502,0,0,0,,0,R02,"KNOLLCREST DR","BECHELLI LN",193.00,W,N,A,-,N,,,,,,,,,,N,3,0,1,2,A,-,05,21202,A,N,A,G,A,A,H,-,A,D,0,,Y,,,Y,,L,04,0,1,0,0,0,0,1,0,0,"- ","- ",,,SHASTA,REDDING,-122.36347961425781,40.572589874267578
84774616,2025,2025-07-23,4502,2025-03-27,"754 ",526,,4,5,5,4502,0,0,0,,0,R02,"HARTNELL AVENUE","WEST PROLONGED CURB LINE OF BECHELLI LANE",165.00,W,N,B,-,N,,,,,,,,,,N,4,0,1,2,A,-,08,22107,,N,B,G,A,A,H,-,A,A,0,,Y,,,Y,,A,01,0,0,1,0,0,0,1,0,0,"- ","- ",,,SHASTA,REDDING,-122.33653259277344,40.563835144042969
84774624,2025,2025-07-23,4502,2025-04-07,"21  ",168,,1,5,5,4502,0,0,0,,0,R01,"OLD ALTURAS RD","EDGEWOOD DR",0.00,,Y,B,C,N,,,,,,,,,,N,3,0,1,1,C,-,18,,,N,H,A,A,B,B,-,C,D,0,,,,,Y,,-,"- ",0,1,0,0,0,0,0,0,0,"- ","- ",,,SHASTA,REDDING,-122.33406829833984,40.588504791259766
84774627,2025,2025-07-23,4502,2025-04-07,1420,524,,1,5,5,4502,0,0,0,,0,R02,"HARTNELL AVE","LAWRENCE ROAD",130.00,E,N,B,-,N,,,,,,,,,,N,3,0,1,2,A,-,10,21950,A,N,G,B,C,A,H,-,A,B,0,Y,,,,Y,,-,"- ",0,1,0,0,1,0,0,0,0,"- ","- ",,,SHASTA,REDDING,-122.34782409667969,40.563777923583984
84774628,2025,2025-07-23,4502,2025-03-24,1340,537,,1,5,5,4502,0,0,0,,0,R04,SR-273,"S. CURB PROLONGATION LINE OF S. BONNYVIEW RD.",55.00,S,N,A,-,Y,,,,,,,,,,N,4,0,1,2,A,-,03,22350,,M,C,C,A,A,H,-,A,A,0,,,,,Y,,A,01,0,0,1,0,0,0,0,0,0,"- ","- ",,,SHASTA,REDDING,,
84774633,2025,2025-07-23,4502,2025-04-10,1259,526,,4,5,5,4502,0,0,0,,0,R07,"LAKE BOULEVARD","WEST PROLONGED CURB LINE OF CLAY STREET",710.00,W,N,A,-,N,,,,,,,,,,Y,3,0,2,3,A,-,03,22350,,N,G,B,E,A,H,-,A,D,0,Y,,,,Y,,A,07,0,1,1,0,1,0,0,0,0,"- ","- ",,,SHASTA,REDDING,,
84774634,2025,2025-07-23,4502,2025-04-11,1423,529,,5,5,5,4502,0,0,0,,0,R05,"PINE ST","PLACER ST",35.00,S,N,A,-,N,,,,,,,,,,N,4,0,1,2,A,-,03,22350,,N,C,C,A,A,H,-,A,A,0,,,,,Y,,A,01,0,0,1,0,0,0,0,0,0,"- ","- ",,,SHASTA,REDDING,-122.38872528076172,40.582611083984375
84774640,2025,2025-07-23,4502,2025-04-26,1748,529,,6,5,5,4502,0,0,0,,0,R01,"CHURN CREEK RD","DANA DR",36.00,S,N,B,-,N,,,,,,,,,,Y,4,0,1,2,A,-,01,23153,A,N,C,C,A,A,H,-,A,A,0,,,,,Y,Y,A,01,0,0,1,0,0,0,0,0,0,"- ","- ",,,SHASTA,REDDING,-122.35160064697266,40.586112976074219
84774641,2025,2025-07-23,4502,2025-04-28,1107,539,,1,5,5,4502,0,0,0,,0,R05,"SOUTH MARKET ST","LINCOLN ST",0.00,,Y,A,-,Y,,,,,,,,,,N,3,0,1,2,A,-,12,22450,A,N,D,C,A,A,H,-,A,A,0,,,,,Y,,A,01,0,1,0,0,0,0,0,0,0,"- ","- ",,,SHASTA,REDDING,-122.38848876953125,40.578804016113281
84774654,2025,2025-07-23,4502,2025-05-21,2303,130,,3,5,5,4502,0,0,0,,0,R05,"CYPRESS AVENUE","MARKET STREET",0.00,,Y,A,-,N,,,,,,,,,,N,3,0,1,1,A,-,03,22350,,N,H,-,A,A,H,-,C,D,0,,Y,,,Y,,L,04,0,1,0,0,0,0,1,0,0,"- ","- ",,,SHASTA,REDDING,-122.38681793212891,40.576267242431641
84774657,2025,2025-07-23,4502,2025-05-18,1929,168,,7,5,5,4502,0,0,0,,0,R01,"DANA DR","HILLTOP DR",12.64,E,N,A,-,N,,,,,,,,,,Y,3,0,1,4,A,-,01,23152,B,M,C,C,A,A,H,-,A,A,0,,,,,Y,Y,A,07,0,1,0,0,0,0,0,0,0,"- ","- ",,,SHASTA,REDDING,-122.35797119140625,40.586479187011719
84774658,2025,2025-07-23,4502,2025-05-25,"714 ",135,,7,5,5,4502,0,0,0,,0,R05,"4075 RAILROAD","BUENAVENTURA BLVD",394.80,N,N,A,-,N,,,,,,,,,,Y,4,0,1,1,A,-,01,23152,A,N,A,I,A,A,H,-,A,D,0,,,,,Y,Y,-,"- ",0,0,1,0,0,0,0,0,0,"- ","- ",,,SHASTA,REDDING,-122.38930511474609,40.555477142333984
84777661,2025,2025-07-25,4502,2025-07-14,1403,541,,1,5,5,4502,0,0,0,,0,R02,"CYPRESS AVE","BECHELLI LN",300.00,E,N,A,-,N,,,,,,,,,,N,4,0,1,3,D,-,00,,,M,C,C,A,A,H,-,A,D,0,,,,,Y,,-,"- ",0,0,1,0,0,0,0,0,0,"- ","- ",,,SHASTA,REDDING,-122.36165618896484,40.571041107177734
84784521,2025,2025-07-31,4502,2025-07-03,1027,526,,4,5,5,4502,0,0,0,,0,R03,"SHASTA VIEW DRIVE","WILSON AVENUE",0.00,,Y,A,-,N,,,,,,,,,,Y,4,0,2,2,A,-,09,21801,A,N,A,C,A,A,H,-,A,D,0,,,,,Y,,A,01,0,0,2,0,0,0,0,0,0,"- ","- ",,,SHASTA,REDDING,-122.3255615234375,40.566608428955078
84785112,2025,2025-07-31,4502,2025-07-14,2145,124,,1,5,5,4502,0,0,0,,0,,"NORTH BOUND HWY 273 AND GIRVAN",GIRVAN,0.00,,Y,A,-,Y,,,,,,,,,,N,3,0,1,2,A,-,11,21955,,N,A,B,D,A,H,-,D,A,0,Y,,,,Y,Y,N,60,0,1,0,0,1,0,0,0,0,"- ","- ",,,SHASTA,REDDING,-122.38072967529297,40.513050079345703
84785117,2025,2025-07-31,4502,2025-07-03,1342,526,,4,5,5,4502,0,0,0,,0,R04,"S BONNYVIEW ROAD","E BONNYVIEW ROAD",0.00,,Y,A,-,N,,,,,,,,,,Y,4,0,1,2,A,-,12,21453,A,N,D,C,A,A,H,-,A,A,0,,,,,Y,,D,22,0,0,1,0,0,0,0,0,0,"- ","- ",,,SHASTA,REDDING,-122.37425231933594,40.531681060791016
84785124,2025,2025-07-31,4502,2025-07-19,"900 ",537,,6,5,5,4502,0,0,0,,0,R07,"OASIS RD.","W. ROADWAY SURFACE PROLONGATION LINE OF CASCADE BL",198.00,W,N,A,-,N,,,,,,,,,,N,3,0,1,2,A,-,09,21804,A,N,G,G,A,A,H,-,A,A,0,,Y,,,Y,,L,04,0,1,0,0,0,0,1,0,0,"- ","- ",,,SHASTA,REDDING,,
84790696,2025,2025-08-05,4502,2025-08-02,"910 ",529,,6,5,5,4502,0,0,0,,0,R05,"PLACER ST","PINE ST",0.00,,Y,A,-,N,,,,,,,,,,N,2,0,1,2,A,-,12,21453,A,N,D,G,A,A,H,-,A,A,0,,Y,,,Y,,M,91,1,0,0,0,0,0,1,0,0,"- ","- ",,,SHASTA,REDDING,-122.38877105712891,40.58270263671875
84790700,2025,2025-08-05,4502,2025-07-19,2254,197,,6,5,5,4502,0,0,0,,0,,"PINE STREET","TEHEMA STREET",0.00,,Y,A,-,N,,,,,,,,,,N,4,0,1,2,A,-,01,23152,A,N,D,C,A,A,H,-,C,A,0,,,,,Y,Y,A,01,0,0,1,0,0,0,0,0,0,"- ","- ",,,SHASTA,REDDING,-122.39000701904297,40.585670471191406
84790701,2025,2025-08-05,4502,2025-07-27,1956,104,,7,5,5,4502,0,0,0,,0,R02,"HARTNELL AVE","CHURN CREEK RD",0.00,,Y,A,-,N,,,,,,,,,,N,4,0,1,2,A,-,09,21800,A,N,D,G,A,A,H,-,A,A,0,,Y,,Y,Y,,L,04,0,0,1,0,0,0,1,0,0,"- ","- ",,,SHASTA,REDDING,-122.35311889648438,40.563819885253906
84790703,2025,2025-08-05,4502,2025-07-22,1044,514,,2,5,5,4502,0,0,0,,0,R04,"PARKVIEW AVENUE","PARK MARINA DRIVE",0.00,,Y,A,-,N,,,,,,,,,,Y,4,0,2,2,A,-,09,21804,A,N,D,C,A,A,H,-,A,A,0,,,,,Y,,D,22,0,0,2,0,0,0,0,0,0,"- ","- ",,,SHASTA,REDDING,-122.37709808349609,40.571830749511719
84790704,2025,2025-08-05,4502,2025-05-24,1930,196,,6,5,5,4502,0,0,0,,0,R03,"TEMPLETON DRIVE","PACIFIC AVENUE",0.00,,Y,A,-,N,,,,,,,,,,N,3,0,1,2,A,-,09,21800,B,F,D,G,A,A,H,-,A,D,0,,Y,,Y,Y,,F,26,0,1,0,0,0,0,1,0,0,"- ","- ",,,SHASTA,REDDING,-122.32199859619141,40.540554046630859
84808487,2025,2025-08-19,4502,2025-08-11,1821,541,,1,5,5,4502,0,0,0,,0,R03,"CYPRESS AVE","ROSEMARY AVE",16.00,E,N,A,-,N,,,,,,,,,,Y,4,0,3,2,A,-,01,23152,A,N,A,C,A,A,H,-,A,D,0,,,,,Y,Y,A,01,0,0,3,0,0,0,0,0,0,"- ","- ",,,SHASTA,REDDING,-122.36485290527344,40.571060180664062
84809446,2025,2025-08-19,4502,2025-06-23,2106,107,,1,5,5,4502,0,0,0,,0,R04,"CANYON ROAD","NB HIGHWAY 273",436.00,S,N,A,-,N,,,,,,,,,,Y,1,1,0,1,A,-,03,22350,,N,E,I,A,A,H,-,D,D,0,,,Y,,Y,,-,"- ",0,0,0,0,0,0,0,1,0,"- ","- ",,,SHASTA,REDDING,-122.37942504882812,40.505577087402344
84809448,2025,2025-08-19,4502,2025-08-11,"733 ",526,,1,5,5,4502,0,0,0,,0,R06,"LOCUST STREET","PARK MARINA DRIVE",0.00,,Y,A,-,N,,,,,,,,,,N,3,0,1,2,A,-,10,21950,A,N,G,B,B,A,H,-,A,D,0,Y,,,,Y,,A,07,0,1,0,0,1,0,0,0,0,"- ","- ",,,SHASTA,REDDING,-122.37362670898438,40.574069976806641
84812370,2025,2025-08-21,4502,2025-08-01,2331,197,,5,5,5,4502,0,0,0,,0,R05,"BUENAVENTURA BLVD.","CAL ORE DR.",0.00,,N,A,-,N,,,,,,,,,,Y,4,0,1,1,D,-,00,,,N,H,-,A,A,H,-,C,D,0,,,Y,,Y,,-,"- ",0,0,1,0,0,0,0,0,1,"- ","- ",,,SHASTA,REDDING,-122.42436218261719,40.578697204589844
84814630,2025,2025-08-22,4502,2025-08-19,1831,541,,2,5,5,4502,0,0,0,,0,R02,"1275 CHURN CREEK RD","OLD ALTURAS RD",0.00,,Y,A,-,N,,,,,,,,,,N,4,0,1,2,A,-,21,22106,,N,C,C,A,A,H,-,A,D,0,,,,,Y,,A,07,0,0,1,0,0,0,0,0,0,"- ","- ",,,SHASTA,REDDING,-122.35107421875,40.588417053222656
84825338,2025,2025-09-01,4502,2025-08-30,1514,537,,6,5,5,4502,0,0,0,,0,R04,"S. MARKET ST.","S. CURB PROLONGATION LINE OF GRANGE ST.",40.00,S,N,A,-,Y,,,,,,,,,,Y,4,0,2,2,A,-,01,23153,A,N,C,C,A,A,H,-,A,A,0,,,,,Y,Y,A,01,0,0,2,0,0,0,0,0,0,"- ","- ",,,SHASTA,REDDING,,
84827930,2025,2025-09-03,4502,2025-08-09,1500,514,,6,5,5,4502,0,0,0,,0,R07,"LAKE BLVD","BOULDER DRIVE",0.00,,Y,A,-,Y,,,,,,,,,,Y,2,0,2,2,A,-,12,21453,A,N,D,C,A,A,H,-,A,A,0,,,,,Y,,D,22,1,1,0,0,0,0,0,0,0,"- ","- ",,,SHASTA,REDDING,-122.37008666992188,40.611076354980469
84837779,2025,2025-09-09,4502,2025-09-07,1730,539,,7,5,5,4502,0,0,0,,0,R03,"CHURN CREEK RD","BOND ST",10.00,W,N,A,-,N,,,,,,,,,,Y,2,0,1,1,D,-,00,,,N,F,A,A,A,G,-,A,D,0,,,Y,,Y,Y,-,"- ",1,0,0,0,0,0,0,0,1,"- ","- ",,,SHASTA,REDDING,-122.35311126708984,40.562480926513672
84851461,2025,2025-09-19,4502,2025-09-10,"801 ",539,,3,5,5,4502,0,0,0,,0,R02,"1670 HARTNELL AVE","HARTNELL AVE",0.00,,Y,A,-,N,,,,,,,,,,N,4,0,1,2,B,-,22,,,F,G,B,F,A,H,-,A,D,0,Y,,,,Y,Y,A,07,0,0,1,0,1,0,0,0,0,"- ","- ",,,SHASTA,REDDING,,
84859959,2025,2025-09-25,4502,2025-09-10,1955,150,,3,5,5,4502,0,0,0,,0,R07,"827 TWIN VIEW BLVD","NCLP OF VALLEY RIDGE",877.00,N,N,A,-,N,,,,,,,,,,N,3,0,1,2,A,-,05,21650,,N,A,G,A,A,H,-,B,D,0,,Y,,,Y,,L,04,0,1,0,0,0,0,1,0,0,"- ","- ",40.618991851806641,-122.37152862548828,SHASTA,REDDING,-122.37164306640625,40.618988037109375
84867883,2025,2025-10-01,4502,2025-08-07,2058,110,,4,5,5,4502,0,0,0,,0,R04,SR273,"BRANSTETTER LANE",0.00,,N,A,-,Y,,,,,,,,,,Y,1,1,0,2,D,-,00,,,N,G,B,F,A,H,-,D,A,0,Y,,,,Y,,-,"- ",0,0,0,1,0,0,0,0,0,"- ","- ",,,SHASTA,REDDING,-122.38477325439453,40.535404205322266
84869760,2025,2025-10-02,4502,2025-09-16,1221,526,,2,5,5,4502,0,0,0,,0,R01,"HILLTOP DRIVE","SOUTH PROLONGED CURB LINE OF ROCKAWAY DRIVE",10.00,N,N,A,-,N,,,,,,,,,,Y,4,0,1,4,A,-,09,21804,A,N,D,C,A,A,H,-,A,D,0,,,,,Y,,A,07,0,0,1,0,0,0,0,0,0,"- ","- ",,,SHASTA,REDDING,-122.35828399658203,40.591011047363281
84871732,2025,2025-10-03,4502,2025-09-23,1547,541,,2,5,5,4502,0,0,0,,0,,"OREGON ST","SHASTA ST",0.00,,Y,A,-,N,,,,,,,,,,N,3,0,1,2,A,-,10,21950,A,N,G,B,E,A,H,-,A,D,0,Y,,,,Y,,A,08,0,1,0,0,1,0,0,0,0,"- ","- ",,,SHASTA,REDDING,-122.39527130126953,40.585472106933594
84871734,2025,2025-10-03,4502,2025-09-10,1250,107,,3,5,5,4502,0,0,0,,0,R06,"EUREKA WAY","11 STREET",0.00,,Y,A,-,N,,,,,,,,,,Y,4,0,1,2,A,-,08,22107,,N,A,C,A,A,H,-,A,A,0,,,,,Y,,A,01,0,0,1,0,0,0,0,0,0,"- ","- ",,,SHASTA,REDDING,-122.40042877197266,40.586452484130859