CASE_ID,ACCIDENT_YEAR,PROC_DATE,JURIS,COLLISION_DATE,COLLISION_TIME,OFFICER_ID,REPORTING_DISTRICT,DAY_OF_WEEK,CHP_SHIFT,POPULATION,CNTY_CITY_LOC,SPECIAL_COND,BEAT_TYPE,CHP_BEAT_TYPE,CITY_DIVISION_LAPD,CHP_BEAT_CLASS,BEAT_NUMBER,PRIMARY_RD,SECONDARY_RD,DISTANCE,DIRECTION,INTERSECTION,WEATHER_1,WEATHER_2,STATE_HWY_IND,CALTRANS_COUNTY,CALTRANS_DISTRICT,STATE_ROUTE,ROUTE_SUFFIX,POSTMILE_PREFIX,POSTMILE,LOCATION_TYPE,RAMP_INTERSECTION,SIDE_OF_HWY,TOW_AWAY,COLLISION_SEVERITY,NUMBER_KILLED,NUMBER_INJURED,PARTY_COUNT,PRIMARY_COLL_FACTOR,PCF_CODE_OF_VIOL,PCF_VIOL_CATEGORY,PCF_VIOLATION,PCF_VIOL_SUBSECTION,HIT_AND_RUN,TYPE_OF_COLLISION,MVIW,PED_ACTION,ROAD_SURFACE,ROAD_COND_1,ROAD_COND_2,LIGHTING,CONTROL_DEVICE,CHP_ROAD_TYPE,PEDESTRIAN_ACCIDENT,BICYCLE_ACCIDENT,MOTORCYCLE_ACCIDENT,TRUCK_ACCIDENT,NOT_PRIVATE_PROPERTY,ALCOHOL_INVOLVED,STWD_VEHTYPE_AT_FAULT,CHP_VEHTYPE_AT_FAULT,COUNT_SEVERE_INJ,COUNT_VISIBLE_INJ,COUNT_COMPLAINT_PAIN,COUNT_PED_KILLED,COUNT_PED_INJURED,COUNT_BICYCLIST_KILLED,COUNT_BICYCLIST_INJURED,COUNT_MC_KILLED,COUNT_MC_INJURED,PRIMARY_RAMP,SECONDARY_RAMP,LATITUDE,LONGITUDE,COUNTY,CITY,POINT_X,POINT_Y
9042217,2019,2020-02-07,4502,2019-08-13,0851,R0158,R05,2,5,5,4502,0,0,0,,0,005,"PLACER ST","WEST ST",0.00,,Y,A,-,N,,,,,,,,,,Y,3,0,1,2,A,-,09,21802,A,N,D,C,A,A,H,-,A,A,0,,,,,Y,,A,01,0,1,0,0,0,0,0,0,0,"- ","- ",40.580810546875,-122.39637756347656,SHASTA,REDDING,-122.39633178710938,40.580818176269531
90426070,2017,2017-04-03,9135,2017-03-24,0120,018829,,5,3,5,4502,0,1,1,,2,055,"I-5 S/B FROM OASIS ROAD E/B","OASIS ROAD",7.00,S,N,B,C,Y,,,5,,,,R,,S,Y,4,0,1,1,A,-,08,22107,,N,E,I,A,B,H,-,C,D,0,,,,,Y,,A,01,0,0,1,0,0,0,0,0,0,"- ","- ",40.64179,-122.36629000000001,SHASTA,REDDING,-122.36629000000001,40.64179
90426250,2017,2017-04-03,9135,2017-03-25,2215,018829,,6,3,9,4500,0,3,5,,2,004,"HAWES RD","BOZEMAN STREET",706.00,E,N,A,-,N,,,,,,,,,,Y,3,0,1,1,A,-,01,23152,A,N,E,I,A,A,H,-,D,D,0,,,,,Y,Y,A,01,0,1,0,0,0,0,0,0,0,"- ","- ",40.433669999999999,-122.25537,SHASTA,UNINCORPORATED,-122.25543221,40.433677090000003
90426274,2017,2017-04-03,9135,2017-03-29,2045,018471,,3,2,5,4502,0,3,5,,2,002,"OAK RUN ROAD","FERN ROAD",3696.00,W,N,B,-,N,,,,,,,,,,Y,3,0,1,1,A,-,01,23152,A,N,E,J,A,A,H,-,D,D,0,,,,,Y,Y,A,01,0,1,0,0,0,0,0,0,0,"- ","- ",,,SHASTA,REDDING,-122.21135169,40.566221460000001
90427214,2017,2017-04-04,9135,2017-04-02,1515,014425,,7,2,9,4500,0,1,3,,1,201,SR-299,"WILDWOOD LANE",5280.00,W,N,A,-,Y,,,299,,,,,,,Y,4,0,1,1,A,-,08,22107,,N,F,A,A,A,H,-,A,D,0,,,Y,,Y,,C,02,0,0,1,0,0,0,0,0,1,"- ","- ",40.583649999999999,-122.44018,SHASTA,UNINCORPORATED,-122.44018303,40.583636869999999
90430519,2017,2017-04-10,9135,2017-04-06,1855,019030,,4,2,9,4500,0,1,1,,2,053,"I-5 N/B","NORTH STREET",63.00,N,N,C,-,Y,,,,,,,,,,Y,4,0,2,1,A,-,03,22350,,N,E,I,A,B,H,-,D,D,0,,,,,Y,,A,01,0,0,2,0,0,0,0,0,0,"- ","- ",40.452489999999997,-122.29204,SHASTA,UNINCORPORATED,-122.29531747,40.456007470000003
90430546,2017,2017-04-10,9135,2017-04-06,1955,019030,,4,2,9,4500,0,1,1,,2,053,"I-5 N/B","DESCHUTES RD",213.00,S,N,C,-,Y,,,,,,,,,,Y,4,0,1,1,A,-,08,22107,,N,E,I,A,B,H,-,D,D,0,,,,,Y,,A,01,0,0,1,0,0,0,0,0,0,"- ","- ",40.436990000000002,-122.28671,SHASTA,UNINCORPORATED,-122.28663339000001,40.437074750000001
90438714,2017,2017-04-20,9135,2017-04-14,1753,018433,,5,2,5,4502,0,1,3,,2,040,"SR-44 W/B","HILLTOP DR OC",10.00,W,N,A,-,Y,,,,,,,,,,N,4,0,1,2,A,-,07,21658,A,N,B,C,A,A,H,-,A,D,0,,,,,Y,,A,01,0,0,1,0,0,0,0,0,0,"- ","- ",,,SHASTA,REDDING,,
90438995,2017,2017-04-20,9135,2017-04-19,1340,016960,,3,1,5,4502,0,1,1,,2,055,"INTERSTATE 5 SOUTHBOUND","PINE GROVE AVENUE",1000.00,N,N,A,-,Y,,,,,,,,,,Y,3,0,1,1,A,-,08,22107,,N,E,I,A,A,H,-,A,D,0,,,,,Y,,A,01,0,1,0,0,0,0,0,0,0,"- ","- ",40.667140000000003,-122.35391,SHASTA,REDDING,-122.35445360999999,40.666155519999997
90445450,2017,2017-04-28,9135,2017-04-22,1840,018433,,6,2,9,4500,0,3,5,,2,002,"OLD 44 DRIVE","SWEDE CREEK RD",1584.00,E,N,A,-,N,,,,,,,,,,Y,2,0,1,1,A,-,08,22107,,N,E,I,A,A,H,-,A,D,0,,,,,Y,,A,01,1,0,0,0,0,0,0,0,0,"- ","- ",,,SHASTA,UNINCORPORATED,-122.21443966,40.565182659999998
90446083,2017,2017-05-01,9135,2017-04-21,1935,019030,,5,2,9,4500,0,3,5,,2,003,"HAPPY VALLEY RD","FLOWERS LN",923.00,S,N,A,-,N,,,,,,,,,,Y,4,0,1,2,A,-,05,21460,A,N,C,C,A,A,H,-,A,D,0,,,,,Y,,D,22,0,0,1,0,0,0,0,0,0,"- ","- ",40.4666,-122.39702,SHASTA,UNINCORPORATED,-122.39701359,40.466644289999998
90446109,2017,2017-05-01,9135,2017-03-18,1434,017956,,6,2,9,4500,0,3,5,,2,003,"HAPPY VALLEY ROAD","ANDREA WAY",58.00,S,N,B,-,N,,,,,,,,,,Y,3,0,2,2,A,-,01,23152,A,N,A,C,A,A,H,-,A,A,0,,,,,Y,Y,D,22,0,2,0,0,0,0,0,0,0,"- ","- ",40.460360000000001,-122.40125999999999,SHASTA,UNINCORPORATED,-122.40109049,40.460485990000002
90446382,2017,2017-05-01,9135,2017-04-23,1350,015627,,7,1,9,4500,0,3,5,,2,004,"CHURN CREEK RD","GREEN ACRES LN",0.00,,Y,A,-,N,,,,,,,,,,Y,4,0,1,2,A,-,08,22107,,N,A,C,A,A,H,-,A,D,0,,,,,Y,,D,22,0,0,1,0,0,0,0,0,0,"- ","- ",,,SHASTA,UNINCORPORATED,-122.33368,40.522189939999997
90447315,2017,2017-05-02,9135,2017-04-27,2335,019030,,4,3,9,4500,0,1,1,,2,053,"I-5 S/B","SACRAMENTO RIVER",2426.00,N,N,A,-,Y,,,5,,,,,,S,Y,4,0,2,1,A,-,08,22107,,N,F,I,A,A,H,-,D,D,0,,,,,Y,,A,07,0,0,2,0,0,0,0,0,0,"- ","- ",40.477780000000003,-122.31728,SHASTA,UNINCORPORATED,-122.31713741999999,40.477917920000003
90447347,2017,2017-05-02,9135,2017-04-28,1005,16461,,5,1,9,4500,0,1,3,,1,201,SR-299E,"SUGAR PINE CAMP RD",11088.00,E,N,A,-,Y,,,,,,,,,,Y,2,0,1,2,A,-,08,22107,,N,D,C,A,A,H,-,A,D,0,,,,,Y,,A,01,1,0,0,0,0,0,0,0,0,"- ","- ",,,SHASTA,UNINCORPORATED,-122.07306118,40.73689255
90448981,2017,2017-05-04,9135,2017-04-27,1715,019030,,4,2,9,4500,0,3,5,,2,003,"RAINBOW LAKE RD","PLATINA RD",717.00,N,N,B,-,N,,,,,,,,,,Y,3,0,2,1,A,-,03,22350,,N,E,I,A,A,H,-,A,D,0,,,,,Y,Y,D,22,0,2,0,0,0,0,0,0,0,"- ","- ",40.47354,-122.62244,SHASTA,UNINCORPORATED,-122.62229825,40.473600070000003
90449111,2017,2017-05-04,9135,2017-04-30,1310,016513,,7,1,9,4500,0,1,1,,2,053,"GAS POINT ROAD","I-5 S/B",0.00,,Y,A,-,N,,,,,,,,,,Y,4,0,2,2,A,-,12,21453,A,N,D,C,A,A,H,-,A,A,0,,,,,Y,,D,22,0,0,2,0,0,0,0,0,0,"- ","- ",,,SHASTA,UNINCORPORATED,-122.28679776,40.389325730000003
90450165,2017,2017-05-05,9135,2017-04-28,1745,018777,,5,2,9,4500,0,3,5,,2,006,"SUPERIOR AVENUE","MICHIGAN STREET",0.00,,Y,A,-,N,,,,,,,,,,N,4,0,2,2,A,-,08,22107,,N,A,C,A,A,H,-,A,A,0,,,,,Y,,A,01,0,0,2,0,0,0,0,0,0,"- ","- ",40.883119999999998,-121.66457,SHASTA,UNINCORPORATED,-121.66440995000001,40.883099979999997
90451191,2017,2017-05-08,9135,2017-05-02,0755,016513,,2,1,9,4500,0,3,5,,2,003,"CLOVERDALE RD","CLOVER MARIE LANE",0.00,,Y,A,-,N,,,,,,,,,,Y,2,0,1,3,A,-,06,21750,,N,A,C,A,A,H,-,A,D,0,,,,,Y,,A,07,1,0,0,0,0,0,0,0,0,"- ","- ",,,SHASTA,UNINCORPORATED,-122.46901990000001,40.473759979999997
90451407,2017,2017-05-08,9135,2017-05-04,1140,018433,,4,1,9,4500,0,3,5,,2,004,"DESCHUTES ROAD","HAWES ROAD",222.00,S,N,A,-,N,,,,,,,,,,Y,2,0,1,1,A,-,08,22107,,N,E,I,A,A,H,-,A,D,0,,,Y,,Y,,C,02,1,0,0,0,0,0,0,0,1,"- ","- ",,,SHASTA,UNINCORPORATED,-122.2700688,40.438697310000002
90452083,2017,2017-05-22,9146,2017-04-25,0840,014814,,2,1,9,4500,0,1,1,,2,013,"I-5 S/B","SIMS ROAD",6864.00,N,N,B,-,Y,,,5,,,,,,S,Y,1,1,0,1,A,-,03,22350,,N,F,A,A,A,H,-,A,A,0,,,,Y,Y,,G,25,0,0,0,0,0,0,0,0,0,"- ","- ",41.090330000000002,-122.35266,SHASTA,UNINCORPORATED,-122.35270581,41.090361010000002
90452187,2017,2017-05-18,9135,2017-03-12,0400,016960,,7,3,9,4500,0,3,5,,2,002,"DESCHUTES ROAD","OLD DESCHUTES ROAD",256.00,N,N,A,-,N,,,,,,,,,,Y,1,1,0,1,A,-,01,23152,A,N,E,I,A,A,H,-,D,D,0,,,,,Y,Y,A,01,0,0,0,0,0,0,0,0,0,"- ","- ",40.593179999999997,-122.23778,SHASTA,UNINCORPORATED,-122.23775111,40.593337599999998
90454982,2017,2017-05-12,9135,2017-05-08,1400,013553,,1,2,9,4500,0,1,3,,2,605,SR-89,SR-299,12672.00,S,N,A,-,Y,,,,,,,,,,Y,2,0,1,1,A,-,08,22107,,N,E,I,A,A,H,-,A,D,0,,,,,Y,,D,22,1,0,0,0,0,0,0,0,0,"- ","- ",,,SHASTA,UNINCORPORATED,-121.58541956000001,40.907408670000002
90457278,2017,2017-05-16,9135,2017-05-11,1701,018829,,4,2,9,4500,0,3,5,,2,004,"1ST ST","I-5 N/B UNDERCROSSING",325.00,E,N,A,-,N,,,,,,,,,,N,3,0,1,2,A,-,05,21650,,N,F,A,A,A,H,-,A,D,0,,Y,,,Y,,A,01,0,1,0,0,0,0,1,0,0,"- ","- ",40.385669999999998,-122.28369000000001,SHASTA,UNINCORPORATED,-122.28370606999999,40.385679009999997
90457295,2017,2017-05-16,9135,2017-05-11,1454,013331,,4,2,9,4500,0,3,5,,2,004,"CHURN CREEK RD","COUNTRYSIDE LN",113.00,S,N,A,-,N,,,,,,,,,,Y,3,0,1,1,A,-,01,23152,A,N,E,I,A,A,H,-,A,D,0,,,,,Y,Y,A,01,0,1,0,0,0,0,0,0,0,"- ","- ",40.491030000000002,-122.31735,SHASTA,UNINCORPORATED,-122.31743444999999,40.490981410000003
90461420,2017,2017-05-23,9135,2017-05-15,1725,018471,,1,2,9,4500,0,1,1,,2,053,"I-5 S/B","GAS POINT RD",1584.00,N,N,A,-,Y,,,,,,,,,,N,4,0,1,2,A,-,01,23152,F,N,C,C,A,A,H,-,A,D,0,,,,,Y,,D,22,0,0,1,0,0,0,0,0,0,"- ","- ",,,SHASTA,UNINCORPORATED,,
90465469,2017,2017-05-26,9135,2017-05-23,2216,015363,,2,3,5,4502,0,1,1,,2,054,"S/B I-5 TO E/B 44 TRANS ROAD","S/B I-5 OVER CROSS",485.00,W,N,A,-,Y,,,5,,,,R,,,Y,3,0,2,1,A,-,03,22350,,N,E,I,A,A,H,-,C,D,0,,,,,Y,,A,01,0,1,1,0,0,0,0,0,0,"- ","- ",40.585479999999997,-122.3625,SHASTA,REDDING,-122.3625,40.585479999999997
90465480,2017,2017-05-26,9135,2017-05-24,1920,016424,,3,2,9,4500,0,3,5,,2,004,"CHURN CREEK ROAD","COMMERCIAL WAY",528.00,S,N,A,-,N,,,,,,,,,,Y,2,0,1,1,A,-,08,22107,,N,E,I,A,A,H,-,A,D,0,,,Y,,Y,,C,02,1,0,0,0,0,0,0,0,1,"- ","- ",40.534750000000003,-122.34296000000001,SHASTA,UNINCORPORATED,-122.34289794999999,40.53485345
90467039,2017,2017-05-30,9135,2017-05-23,0814,013861,,2,1,9,4500,0,1,1,,2,056,"INTERSTATE 5 NORTHBOUND","O'BRIEN UNDER CROSS BRIDGE 06-148RX",3696.00,N,N,A,-,Y,,,5,,,,,,N,Y,4,0,1,1,C,-,18,,,N,H,H,A,A,H,-,A,D,0,,,,,Y,,-,"- ",0,0,1,0,0,0,0,0,0,"- ","- ",40.81823,-122.32244,SHASTA,UNINCORPORATED,-122.32249705,40.818209709999998
90467198,2017,2017-05-30,9135,2017-05-26,1023,016672,,5,1,9,4500,0,3,5,,2,002,"STARLITE PINES RD","RITTS MILL RD",140.00,N,N,A,-,N,,,,,,,,,,Y,4,0,1,2,A,-,08,22107,,N,A,C,A,A,H,-,A,D,0,,,,,Y,,A,01,0,0,1,0,0,0,0,0,0,"- ","- ",,,SHASTA,UNINCORPORATED,-121.79485436,40.52348731
90467362,2017,2017-05-30,9135,2017-05-27,1922,018133,,6,2,5,4502,0,1,1,,2,054,"I-5 S/B","LAKE BLVD",2112.00,S,N,A,-,Y,,,5,,,,,,S,Y,3,0,1,1,A,-,01,23152,A,N,F,I,A,A,H,-,A,D,0,,,,,Y,Y,A,01,0,1,0,0,0,0,0,0,0,"- ","- ",40.604680000000002,-122.36111,SHASTA,REDDING,-122.36110918999999,40.604680199999997
90471812,2017,2017-06-06,9135,2017-06-02,1857,018829,,5,2,9,4500,0,3,5,,2,003,"SOUTH SHORE DR","PAIGE BAR RD",25.00,N,N,A,-,N,,,,,,,,,,Y,3,0,2,1,A,-,08,22107,,F,E,I,A,A,H,-,A,D,0,,,,,Y,Y,A,01,0,2,0,0,0,0,0,0,0,"- ","- ",40.60033,-122.53506,SHASTA,UNINCORPORATED,-122.53507999999999,40.600270000000002
90471980,2017,2017-06-06,9135,2017-06-04,0905,016513,,7,1,9,4500,0,3,5,,2,003,"RIVERSIDE DR","LOOP RD",0.00,,Y,A,-,N,,,,,,,,,,Y,4,0,2,2,A,-,03,22350,,N,C,C,A,A,H,-,A,D,0,,,,,Y,,D,22,0,0,2,0,0,0,0,0,0,"- ","- ",,,SHASTA,UNINCORPORATED,-122.31184994,40.467849999999999
90471988,2017,2017-06-06,9135,2017-05-30,0650,016513,,2,1,9,4500,0,3,5,,2,003,"GAS POINT RD","MOONBEAM LANE",275.00,E,N,A,-,N,,,,,,,,,,N,4,0,1,1,C,-,18,,,N,E,H,A,A,H,-,A,D,0,,,,,Y,,-,"- ",0,0,1,0,0,0,0,0,0,"- ","- ",,,SHASTA,UNINCORPORATED,-122.33007245,40.389150000000001
90479392,2017,2017-06-15,9135,2017-06-13,1340,012142,,2,1,9,4500,0,1,3,,2,603,"STATE ROUTE 299","PIT NO 1 POWERHOUSE RD",3696.00,W,N,B,-,Y,,,,,,,,,,Y,3,0,1,2,A,-,05,21460,A,N,A,C,A,A,H,-,A,D,0,,,,Y,Y,,A,01,0,1,0,0,0,0,0,0,0,"- ","- ",,,SHASTA,UNINCORPORATED,-121.51204758,40.993032370000002
90479393,2017,2017-06-15,9135,2017-06-14,1712,016790,,3,2,9,4500,0,1,3,,1,201,"SR-299 W/B","HELENA LN",0.00,,Y,A,-,Y,,,,,,,,,,Y,4,0,2,2,A,-,03,22350,,N,C,C,A,A,H,-,A,D,0,,,,,Y,,A,01,0,0,2,0,0,0,0,0,0,"- ","- ",,,SHASTA,UNINCORPORATED,-122.2732199,40.630559939999998
90482626,2017,2017-06-21,9135,2017-06-15,0930,018433,,4,1,9,4500,0,3,5,,2,001,"ROCK CREEK RD","HOPPY TR",65.00,S,N,A,-,N,,,,,,,,,,N,2,0,1,1,C,-,18,,,N,F,A,A,A,G,-,A,D,0,,Y,,,Y,,-,"- ",1,0,0,0,0,0,1,0,0,"- ","- ",,,SHASTA,UNINCORPORATED,-122.50147217,40.607187930000002
90487335,2017,2017-06-26,9135,2017-06-14,0947,013861,,3,1,9,4500,0,1,1,,2,056,"INTERSTATE 5 NORTHBOUND","O'BRIEN UNDER CROSS",1637.00,N,N,A,-,Y,,,5,,,,,,N,Y,3,0,1,2,A,-,07,21658,A,N,C,C,A,A,H,-,A,D,0,,,,Y,Y,,D,22,0,1,0,0,0,0,0,0,0,"- ","- ",40.811779999999999,-122.32080999999999,SHASTA,UNINCORPORATED,-122.32082988000001,40.811782100000002
90487612,2017,2017-06-26,9135,2017-06-13,1816,017428,,2,2,9,4500,0,3,5,,2,003,"PLACER RD","THOMPSON LANE",744.00,W,N,A,-,N,,,,,,,,,,Y,2,0,2,2,A,-,08,22107,,N,D,G,A,A,H,-,A,D,0,,Y,,,Y,,L,04,1,1,0,0,0,0,1,0,0,"- ","- ",40.558169999999997,-122.43537000000001,SHASTA,UNINCORPORATED,-122.43556855,40.558066170000004
90487812,2017,2017-06-26,9135,2017-06-21,1530,013331,,3,2,9,4500,0,3,5,,2,003,"CLEAR CREEK RD","HONEYBEE RD",3168.00,W,N,A,-,N,,,,,,,,,,Y,3,0,1,1,A,-,08,22107,,N,E,I,A,A,H,-,A,D,0,,,,,Y,,D,22,0,1,0,0,0,0,0,0,0,"- ","- ",,,SHASTA,UNINCORPORATED,-122.46129566,40.497306219999999
90487864,2017,2017-06-26,9135,2017-06-22,2009,016191,,4,2,9,4500,0,1,1,,2,056,"I-5 S/B","RIVERVIEW DR",1584.00,N,N,A,-,Y,,,,,,,,,,Y,3,0,1,2,A,-,03,22350,,N,C,C,A,A,H,-,A,D,0,,,,Y,Y,,E,22,0,1,0,0,0,0,0,0,0,"- ","- ",,,SHASTA,UNINCORPORATED,-122.38991353999999,40.913459320000001
90490126,2017,2017-06-28,9135,2017-06-20,1629,017698,,2,2,9,4500,0,1,1,,2,055,"I-5 N/B","PINE GROVE AVENUE",6.00,S,N,A,-,Y,,,,,,,,,,Y,3,0,2,2,A,-,03,22350,,N,C,C,A,A,H,-,A,A,0,,,,,Y,,A,01,0,1,1,0,0,0,0,0,0,"- ","- ",40.6633,-122.3549,SHASTA,UNINCORPORATED,-122.35537709,40.663484429999997
90492633,2017,2017-07-03,9135,2017-06-24,2115,019030,,6,2,9,4500,0,3,5,,2,002,"FERN RD","BACKACHERS WAY",4752.00,S,N,A,-,N,,,,,,,,,,N,2,0,1,1,A,-,01,23152,A,N,E,I,A,A,H,-,B,D,0,,,Y,,Y,Y,C,02,1,0,0,0,0,0,0,0,1,"- ","- ",40.675579999999997,-121.87837,SHASTA,UNINCORPORATED,-121.89550860999999,40.685845530000002
90492789,2017,2017-07-03,9135,2017-06-29,1900,018829,,4,2,5,4502,0,1,1,,2,054,"I-5 N/B","E. CYPRESS AVE UNDERCROSSING",531.00,N,N,A,-,Y,,,5,,,,,,N,Y,3,0,1,2,A,-,01,23152,A,N,C,C,A,A,H,-,A,D,0,,,,,Y,Y,A,01,0,1,0,0,0,0,0,0,0,"- ","- ",40.572609999999997,-122.36031,SHASTA,REDDING,-122.36028100999999,40.572610249999997
90495365,2017,2017-07-06,9135,2017-07-01,1210,018433,,6,1,9,4500,0,1,1,,2,053,"I-5 N/B","RIVERSIDE AVE",528.00,N,N,A,-,Y,,,,,,,,,,Y,3,0,2,2,A,-,01,23152,A,N,C,C,A,A,H,-,A,D,0,,,,,Y,Y,A,01,0,1,1,0,0,0,0,0,0,"- ","- ",,,SHASTA,UNINCORPORATED,-122.30865314,40.469663140000002
90496743,2017,2017-07-10,9135,2017-06-28,1830,018520,,3,2,9,4500,0,3,5,,2,003,"HAPPY VALLEY RD","OLINDA RD",43.00,S,N,A,-,N,,,,,,,,,,Y,2,0,1,1,A,-,08,22107,,N,E,I,A,A,H,-,A,D,0,,,,,Y,,A,01,1,0,0,0,0,0,0,0,0,"- ","- ",,,SHASTA,UNINCORPORATED,-122.4076,40.439331930000002
90497094,2017,2017-07-10,9135,2017-05-05,0128,016191,,5,3,9,4500,0,1,1,,2,056,"INTERSTATE 5 SOUTHBOUND","DOG CREEK ROAD",1584.00,N,N,A,-,Y,,,,,,,,,,Y,1,1,0,1,A,-,08,22107,,N,E,I,A,A,H,-,C,D,0,,,,,Y,,A,01,0,0,0,0,0,0,0,0,0,"- ","- ",,,SHASTA,UNINCORPORATED,,
90500082,2017,2017-07-13,9135,2017-07-10,1810,016424,,1,2,9,4500,0,3,5,,2,002,"BEAR MOUNTAIN ROAD","SEABORN WAY",505.00,N,N,A,-,N,,,,,,,,,,Y,3,0,1,1,A,-,01,23152,A,N,E,I,A,A,H,-,A,D,0,,,,,Y,Y,A,01,0,1,0,0,0,0,0,0,0,"- ","- ",40.72578,-122.23708999999999,SHASTA,UNINCORPORATED,-122.23706602999999,40.725773570000001
90500112,2017,2017-07-13,9135,2017-07-12,1435,018133,,3,2,9,4500,0,1,3,,1,201,SR-299,"SUGAR PINE CAMP RD",14784.00,E,N,A,-,Y,,,299,,,,,,,Y,3,0,1,1,C,-,18,,,N,E,H,A,A,H,-,A,D,0,,,Y,,Y,,-,"- ",0,1,0,0,0,0,0,0,1,"- ","- ",40.744439999999997,-122.06421,SHASTA,UNINCORPORATED,-122.06421032,40.744440750000003
90503823,2017,2017-07-19,9135,2017-07-14,1155,019680,,5,1,9,4500,0,1,3,,2,602,"MAIN ST","MARQUETTE ST",0.00,,Y,A,-,Y,,,,,,,,,,Y,4,0,1,3,A,-,09,21802,A,N,D,C,A,A,H,-,A,D,0,,,,,Y,,A,07,0,0,1,0,0,0,0,0,0,"- ","- ",,,SHASTA,UNINCORPORATED,-121.6591499,40.883459899999998
90503859,2017,2017-07-19,9135,2017-07-17,0815,016960,,1,1,9,4500,0,3,5,,2,004,"BALLS FERRY ROAD","DAVEY WAY",100.00,E,N,A,-,N,,,,,,,,,,Y,3,0,1,1,A,-,03,22350,,N,F,I,A,A,H,-,A,A,0,,,Y,,Y,,C,02,0,1,0,0,0,0,0,0,1,"- ","- ",40.455300000000001,-122.27417,SHASTA,UNINCORPORATED,-122.27386201,40.455211200000001
90507566,2017,2017-07-25,9135,2017-07-21,1235,16461,,5,1,9,4500,0,3,5,,2,003,"CLOVERDALE RD","CLEAR CREEK RD",6864.00,S,N,A,-,N,,,,,,,,,,N,2,0,1,1,A,-,08,22107,,N,F,A,A,A,H,-,A,D,0,,,Y,,Y,,C,02,1,0,0,0,0,0,0,0,1,"- ","- ",,,SHASTA,UNINCORPORATED,-122.50053392,40.480177150000003
90507797,2017,2017-07-25,9135,2017-07-20,0337,018433,,4,3,9,4500,0,1,3,,2,040,"SR-44 W/B","OLD 44 DR",528.00,E,N,A,-,Y,,,,,,,,,,Y,4,0,1,1,C,-,18,,,N,A,H,A,A,H,-,D,D,0,,,Y,,Y,,-,"- ",0,0,1,0,0,0,0,0,1,"- ","- ",,,SHASTA,UNINCORPORATED,,
90507839,2017,2017-07-25,9135,2017-07-19,1320,018777,,3,1,9,4500,0,1,3,,2,601,"SR-299 W/B","MOOSE CAMP ROAD",8976.00,E,N,A,-,Y,,,299,,,,,,W,Y,3,0,2,2,A,-,08,22107,,N,F,J,A,A,H,-,A,D,0,,,,,Y,,A,07,0,2,0,0,0,0,0,0,0,"- ","- ",40.864820000000002,-121.81632,SHASTA,UNINCORPORATED,-121.81631412999999,40.864919759999999
90509159,2017,2017-07-26,9135,2017-07-25,0440,018471,,2,3,9,4500,0,3,5,,2,003,"PLACER ROAD","CLEAR CREEK RD",1584.00,N,N,A,-,N,,,,,,,,,,N,4,0,1,1,C,-,18,,,N,E,J,A,A,C,-,D,D,0,,,,,Y,,-,"- ",0,0,1,0,0,0,0,0,0,"- ","- ",,,SHASTA,UNINCORPORATED,-122.54789882999999,40.493771979999998
90509195,2017,2017-07-26,9135,2017-07-11,1520,018021,,2,2,9,4500,0,1,3,,1,401,"AIRPORT RD","DEMAC DRIVE",150.00,S,N,A,-,N,,,,,,,,,,Y,4,0,1,2,A,-,09,21801,A,N,D,C,A,A,H,-,A,D,0,,,,,Y,,A,01,0,0,1,0,0,0,0,0,0,"- ","- ",40.53922,-122.30271,SHASTA,UNINCORPORATED,-122.30279,40.539308130000002
90509606,2017,2017-07-27,9135,2017-07-22,1310,018890,,6,1,9,4500,0,1,1,,2,053,"I-5 S/B","KNIGHTON RD.",1400.00,S,N,A,-,Y,,,,,,,,,,Y,4,0,1,1,A,-,08,22107,,N,F,I,A,A,H,-,A,D,0,,,,,Y,,D,22,0,0,1,0,0,0,0,0,0,"- ","- ",,,SHASTA,UNINCORPORATED,-122.3359815,40.502071669999999
90510254,2017,2017-07-27,9146,2017-07-23,2040,016245,,7,2,9,4500,0,3,5,,2,003,"SODA CREEK RD.",I-5,953.00,E,N,A,-,N,,,,,,,,,,Y,3,0,1,1,D,-,00,,,N,H,A,A,A,H,-,B,D,0,,,,,Y,,-,"- ",0,1,0,0,0,0,0,0,0,"- ","- ",41.161290000000001,-122.29524000000001,SHASTA,UNINCORPORATED,-122.29517518999999,41.161316980000002
90510260,2017,2017-07-27,9135,2017-07-17,0820,018469,,1,1,9,4500,0,3,5,,2,004,"DESCHUTES RD","CAPTAINS WAY",50.00,S,N,A,-,N,,,,,,,,,,N,4,0,1,1,A,-,08,22107,,N,F,A,A,A,H,-,A,D,0,,,Y,,Y,,C,02,0,0,1,0,0,0,0,0,1,"- ","- ",,,SHASTA,UNINCORPORATED,-122.23453429,40.596723969999999
90513358,2017,2017-07-31,9135,2017-07-28,1630,018890,,5,2,9,4500,0,1,3,,1,302,SR-299,"J F KENNEDY MEMORIAL DR",1584.00,E,N,A,-,Y,,,,,,,,,,Y,2,0,1,1,A,-,08,22107,,N,F,A,A,A,H,-,A,D,0,,,Y,,Y,,C,02,1,0,0,0,0,0,0,0,1,"- ","- ",,,SHASTA,UNINCORPORATED,-122.51699481999999,40.61119368
90514159,2017,2017-08-01,9135,2017-05-12,0415,019680,,5,3,5,4502,0,1,3,,2,601,"STATE ROUTE 299","WOODHILL ROAD",6864.00,W,N,A,-,Y,,,,,,,,,,Y,1,1,0,1,A,-,03,22350,,N,F,A,A,A,H,-,D,D,0,,,,Y,Y,,G,25,0,0,0,0,0,0,0,0,0,"- ","- ",40.845799999999997,-121.90177,SHASTA,REDDING,-121.8934825,40.86446342