CASE_ID,ACCIDENT_YEAR,PROC_DATE,JURIS,COLLISION_DATE,COLLISION_TIME,OFFICER_ID,REPORTING_DISTRICT,DAY_OF_WEEK,CHP_SHIFT,POPULATION,CNTY_CITY_LOC,SPECIAL_COND,BEAT_TYPE,CHP_BEAT_TYPE,CITY_DIVISION_LAPD,CHP_BEAT_CLASS,BEAT_NUMBER,PRIMARY_RD,SECONDARY_RD,DISTANCE,DIRECTION,INTERSECTION,WEATHER_1,WEATHER_2,STATE_HWY_IND,CALTRANS_COUNTY,CALTRANS_DISTRICT,STATE_ROUTE,ROUTE_SUFFIX,POSTMILE_PREFIX,POSTMILE,LOCATION_TYPE,RAMP_INTERSECTION,SIDE_OF_HWY,TOW_AWAY,COLLISION_SEVERITY,NUMBER_KILLED,NUMBER_INJURED,PARTY_COUNT,PRIMARY_COLL_FACTOR,PCF_CODE_OF_VIOL,PCF_VIOL_CATEGORY,PCF_VIOLATION,PCF_VIOL_SUBSECTION,HIT_AND_RUN,TYPE_OF_COLLISION,MVIW,PED_ACTION,ROAD_SURFACE,ROAD_COND_1,ROAD_COND_2,LIGHTING,CONTROL_DEVICE,CHP_ROAD_TYPE,PEDESTRIAN_ACCIDENT,BICYCLE_ACCIDENT,MOTORCYCLE_ACCIDENT,TRUCK_ACCIDENT,NOT_PRIVATE_PROPERTY,ALCOHOL_INVOLVED,STWD_VEHTYPE_AT_FAULT,CHP_VEHTYPE_AT_FAULT,COUNT_SEVERE_INJ,COUNT_VISIBLE_INJ,COUNT_COMPLAINT_PAIN,COUNT_PED_KILLED,COUNT_PED_INJURED,COUNT_BICYCLIST_KILLED,COUNT_BICYCLIST_INJURED,COUNT_MC_KILLED,COUNT_MC_INJURED,PRIMARY_RAMP,SECONDARY_RAMP,LATITUDE,LONGITUDE,COUNTY,CITY,POINT_X,POINT_Y
9078951,2019,2020-05-28,4502,2019-10-24,1826,538,,4,5,5,4502,0,0,0,,0,007,"N BOULDER DR","LAKE BL",322.00,N,N,A,-,N,,,,,,,,,,N,4,0,3,2,A,-,08,22107,,N,D,C,A,A,H,-,C,D,0,,,,,Y,,D,22,0,0,3,0,0,0,0,0,0,"- ","- ",40.6114501953125,-122.37065124511719,SHASTA,REDDING,-122.370361328125,40.6119384765625
90789530,2018,2018-08-13,9135,2018-07-29,0310,017157,,7,3,9,4500,0,1,3,,2,403,"SR-44 W/B","WILSON HILL ROAD",1584.00,W,N,A,-,Y,,,44,,,,,,W,Y,4,0,1,1,A,-,08,22107,,N,E,I,A,A,H,-,D,D,0,,,,,Y,,D,22,0,0,1,0,0,0,0,0,0,"- ","- ",40.490768432617188,-121.89320373535156,SHASTA,UNINCORPORATED,-121.8931884765625,40.490741729736328
9078959,2019,2020-04-17,4502,2019-10-25,1944,R142,R03,5,5,5,4502,0,0,0,,0,003,"BECHELLI LN","LAYTON RD",270.00,S,N,A,-,N,,,,,,,,,,Y,3,0,3,3,A,-,08,22107,,N,D,C,A,A,H,-,D,D,0,,,,,Y,,D,22,0,3,0,0,0,0,0,0,0,"- ","- ",40.556148529052734,-122.36209106445312,SHASTA,REDDING,-122.36261749267578,40.555797576904297
90791914,2018,2018-08-16,9135,2018-08-10,1916,018829,,5,2,9,4500,0,3,5,,2,003,"RHONDA RD","CASTLEWOOD DR",2640.00,N,N,A,-,N,,,,,,,,,,Y,3,0,1,2,A,-,08,22107,,N,E,I,A,A,H,-,A,D,0,,,,,Y,,A,07,0,1,0,0,0,0,0,0,0,"- ","- ",40.407768249511719,-122.28205108642578,SHASTA,UNINCORPORATED,-122.28852081298828,40.404800415039062
90791927,2018,2018-08-16,9135,2018-08-14,1720,016960,,2,2,9,4500,0,1,3,,2,040,"STATE ROUTE 44","SILVER BRIDGE RD",0.00,,N,A,-,Y,,,44,,,,,,,Y,4,0,1,2,A,-,09,21801,A,N,D,C,A,A,H,-,A,A,0,,,,,Y,,A,07,0,0,1,0,0,0,0,0,0,"- ","- ",40.554161071777344,-122.22869873046875,SHASTA,UNINCORPORATED,-122.22869110107422,40.554214477539062
90795158,2018,2018-08-21,9135,2018-08-15,1542,012142,,3,2,9,4500,0,1,3,,2,602,"STATE ROUTE 299","TAMARACK RD.",100.00,W,N,A,-,Y,,,,,,,,,,Y,3,0,2,2,A,-,03,22350,,N,C,C,A,A,H,-,A,D,0,,,,Y,Y,,A,01,0,2,0,0,0,0,0,0,0,"- ","- ",,,SHASTA,UNINCORPORATED,-121.70564270019531,40.874176025390625
9079528,2019,2020-05-13,4502,2019-11-13,1448,524,R02,3,5,5,4502,0,0,0,,0,002,"GROVE ST","HILLTOP DR",33.00,W,N,A,-,N,,,,,,,,,,N,3,0,1,2,A,-,17,21461,A,N,D,C,A,A,H,-,A,A,0,,,,,Y,,A,01,0,1,0,0,0,0,0,0,0,"- ","- ",40.572059631347656,-122.35804748535156,SHASTA,REDDING,-122.35814666748047,40.572036743164062
9079532,2019,2020-05-13,4502,2019-11-13,1520,538,,3,5,5,4502,0,0,0,,0,002,"GOODWATER AV","WEBB CT",86.00,W,N,A,-,N,,,,,,,,,,N,4,0,1,2,A,-,09,21801,A,N,D,C,A,A,H,-,A,D,0,,,,,Y,,A,07,0,0,1,0,0,0,0,0,0,"- ","- ",40.571250915527344,-122.32308959960938,SHASTA,REDDING,-122.32351684570312,40.570991516113281
9079540,2019,2020-05-13,4502,2019-11-12,1923,524,R01,2,5,5,4502,0,0,0,,0,001,"DANA DR","CANBY RD",250.00,W,N,A,-,N,,,,,,,,,,N,4,0,1,2,A,-,09,21804,A,N,D,G,A,A,H,-,C,D,0,,Y,,,Y,,A,07,0,0,1,0,0,0,1,0,0,"- ","- ",40.585601806640625,-122.35456085205078,SHASTA,REDDING,-122.35401916503906,40.585792541503906
9079556,2019,2020-05-13,4502,2019-11-06,1233,R115,R03,3,5,5,4502,0,0,0,,0,003,"SHASTA VIEW DR","ALDEN AV",2.00,N,N,A,-,N,,,,,,,,,,Y,4,0,1,2,A,-,12,22450,A,N,D,C,A,A,H,-,A,D,0,,,,,Y,,A,08,0,0,1,0,0,0,0,0,0,"- ","- ",40.560810089111328,-122.32447052001953,SHASTA,REDDING,-122.32447814941406,40.560825347900391
9079560,2019,2020-05-13,4502,2019-11-06,1009,R526,R06,3,5,5,4502,0,0,0,,0,006,"EAST ST","SOUTH ST",0.00,,Y,A,-,N,,,,,,,,,,Y,4,0,1,2,A,-,12,22450,A,N,D,C,A,A,H,-,A,A,0,,,,,Y,,A,01,0,0,1,0,0,0,0,0,0,"- ","- ",40.581470489501953,-122.38675689697266,SHASTA,REDDING,-122.38674163818359,40.581428527832031
9079564,2019,2020-05-13,4502,2019-11-06,1604,R0026,R07,3,5,5,4502,0,0,0,,0,007,"LAKE BL","HILLTOP DR",0.00,,Y,A,-,N,,,,,,,,,,Y,3,0,1,3,A,-,03,22350,,N,-,C,A,A,H,-,A,A,0,,,,,Y,,A,01,0,1,0,0,0,0,0,0,0,"- ","- ",,,SHASTA,REDDING,-122.37397766113281,40.610179901123047
9079572,2019,2020-05-13,4502,2019-11-04,1212,R0034,R06,1,5,5,4502,0,0,0,,0,006,"BENTON DR","MIDDLE CREEK RD",65.00,S,N,A,-,N,,,,,,,,,,N,3,0,1,1,A,-,08,22107,,N,E,I,A,A,H,-,A,-,0,,Y,,,Y,,L,04,0,1,0,0,0,0,1,0,0,"- ","- ",40.59661865234375,-122.4007568359375,SHASTA,REDDING,-122.40122985839844,40.591499328613281
9079575,2019,2020-05-16,4502,2019-11-27,1710,110,R01,3,5,5,4502,0,0,0,,0,R01,"HILLTOP DR","BROWNING ST",0.00,,Y,B,C,N,,,,,,,,,,Y,3,0,2,2,A,-,03,22350,,N,C,C,A,B,H,-,B,A,0,,,,,Y,,A,01,0,2,0,0,0,0,0,0,0,"- ","- ",,,SHASTA,REDDING,-122.35839080810547,40.592971801757812
9079579,2019,2020-05-16,4502,2019-11-25,1515,R0026,R03,1,5,5,4502,0,0,0,,0,003,"EAST CYPRESS AV","CHURN CREEK RD",150.00,E,N,A,-,N,,,,,,,,,,N,4,0,1,2,A,-,08,22107,,N,B,C,A,A,G,-,A,A,0,,,,,Y,,A,01,0,0,1,0,0,0,0,0,0,"- ","- ",40.571041107177734,-122.35308837890625,SHASTA,REDDING,-122.35256195068359,40.571041107177734
9079587,2019,2020-05-16,4502,2019-11-24,1138,R0141,R01,7,5,5,4502,0,0,0,,0,001,"HILLTOP DR",PALISADES,27.00,W,N,A,-,N,,,,,,,,,,Y,3,0,2,3,A,-,03,22350,,N,C,C,A,A,H,-,A,D,0,,,,,Y,,A,08,0,2,0,0,0,0,0,0,0,"- ","- ",40.595428466796875,-122.36176300048828,SHASTA,REDDING,-122.36183929443359,40.595432281494141
9079595,2019,2020-05-16,4502,2019-11-21,1746,R0026,R03,4,5,5,4502,0,0,0,,0,003,"BECHELLI LN","LOMA VISTA ST",162.00,S,N,A,-,N,,,,,,,,,,Y,4,0,3,2,A,-,03,22350,,N,C,C,A,A,G,-,C,D,0,,,,,Y,,A,01,0,0,3,0,0,0,0,0,0,"- ","- ",40.549411773681641,-122.36251068115234,SHASTA,REDDING,-122.36248016357422,40.548934936523438
9079599,2019,2020-05-16,4502,2019-11-16,1110,537,R01,6,5,5,4502,0,0,0,,0,001,"DANA DR","MT SHASTA MALL",0.00,,Y,A,-,N,,,,,,,,,,N,4,0,1,2,A,-,08,22107,,N,B,C,A,A,H,-,A,A,0,,,,,Y,,A,01,0,0,1,0,0,0,0,0,0,"- ","- ",40.585960388183594,-122.35630798339844,SHASTA,REDDING,-122.356118,40.586013999999999
90797840,2018,2018-08-27,9135,2018-08-17,1703,016672,,5,2,9,4500,0,3,5,,2,001,"TRINITY MOUNTAIN ROAD","EAST FORK ROAD",7128.00,S,N,A,-,N,,,,,,,,,,Y,4,0,1,1,A,-,01,23152,A,N,E,I,A,A,H,-,A,D,0,,,,,Y,Y,D,22,0,0,1,0,0,0,0,0,0,"- ","- ",40.737319946289062,-122.62554168701172,SHASTA,UNINCORPORATED,-122.62561798095703,40.737289428710938
90797845,2018,2018-08-27,9135,2018-08-18,0100,015627,,6,3,9,4500,0,3,5,,2,006,"JACK RABBIT FLAT","20021 JACK RABBIT FLAT ROAD",69.00,N,N,A,-,N,,,,,,,,,,N,4,0,1,1,A,-,03,22350,,N,E,I,A,A,H,-,D,D,0,,,,,Y,,A,01,0,0,1,0,0,0,0,0,0,"- ","- ",40.870780944824219,-121.68219757080078,SHASTA,UNINCORPORATED,-121.68222045898438,40.870765686035156
90799200,2018,2018-08-27,9135,2018-04-24,1840,018388,,2,2,9,4500,0,3,5,,2,001,SR-299,"J F KENNEDY MEMORIAL DR",1584.00,E,N,A,-,Y,,,299,,,,,,,Y,1,1,3,1,A,-,01,23152,A,N,E,I,A,A,H,-,A,D,0,,,,,Y,Y,A,01,0,3,0,0,0,0,0,0,0,"- ","- ",40.610931396484375,-122.51654815673828,SHASTA,UNINCORPORATED,-122.51660919189453,40.610862731933594
9080489,2019,2020-04-21,4502,2019-11-02,1349,110,R03,6,5,5,4502,0,0,0,,0,0R3,"AIRPORT RD","RANCHO RD",0.00,,Y,A,-,N,,,,,,,,,,Y,2,0,1,2,A,-,09,21453,C,N,-,J,A,A,H,-,A,A,0,,,Y,Y,Y,,G,26,1,0,0,0,0,0,0,0,1,"- ","- ",,,SHASTA,REDDING,-122.30275726318359,40.534770965576172
9080525,2019,2020-04-22,4502,2019-11-19,2311,JAEGEL14,R04,2,5,5,4502,0,0,0,,0,004,"CEDARS RD","WESTSIDE RD",3.00,S,N,A,-,N,,,,,,,,,,N,2,0,1,2,A,-,05,21650,,N,-,B,A,A,H,-,D,D,0,,Y,,,Y,,L,04,1,0,0,0,0,0,1,0,0,"- ","- ",,,SHASTA,REDDING,-122.38407897949219,40.52880859375
90805266,2018,2018-09-04,9135,2018-08-28,0645,016087,,2,1,9,4500,0,3,5,,2,004,"LOCUST RD.","INDUSTRY RD.",239.00,S,N,A,-,N,,,,,,,,,,Y,2,0,2,2,A,-,05,21460,A,N,A,C,A,A,H,-,A,D,0,,,,Y,Y,,A,01,1,0,1,0,0,0,0,0,0,"- ","- ",40.429580688476562,-122.27342987060547,SHASTA,UNINCORPORATED,-122.27345275878906,40.429534912109375
9080541,2019,2020-09-17,4502,2019-11-23,1411,537,R05,6,5,5,4502,0,0,0,,0,005,"PINE ST","SHASTA ST",0.00,,Y,A,-,Y,SHA,2,44,-,L,0.169,I,5,W,Y,4,0,1,2,A,-,09,21800,A,N,D,C,A,A,H,-,A,A,0,,,,,Y,,A,07,0,0,1,0,0,0,0,0,0,"- ","- ",,,SHASTA,REDDING,-122.39042663574219,40.586692810058594
90808400,2018,2018-09-10,9135,2018-09-01,0515,018021,,6,3,9,4500,0,1,3,,1,301,SR-299,"SEAMAN GULCH RD",915.00,W,N,A,-,Y,,,299,,,,,,,Y,4,0,2,1,A,-,08,22107,,N,E,I,A,A,H,-,D,D,0,,,,,Y,,A,01,0,0,2,0,0,0,0,0,0,"- ","- ",40.703388214111328,-122.09622955322266,SHASTA,UNINCORPORATED,-122.09622955322266,40.703388214111328
90808462,2018,2018-09-10,9135,2018-08-29,2330,016790,,3,3,9,4500,0,3,5,,2,002,"WHITMORE RD","WILLIAMS RANCH RD",10560.00,S,N,A,-,N,,,,,,,,,,Y,2,0,2,1,A,-,08,22107,,N,E,I,A,A,H,-,D,D,0,,,,,Y,Y,A,01,1,1,0,0,0,0,0,0,0,"- ","- ",40.615898132324219,-122.03140258789062,SHASTA,UNINCORPORATED,-122.03664398193359,40.611896514892578
90808710,2018,2018-09-10,9135,2018-09-07,1915,014425,,5,2,5,4502,0,1,3,,1,401,"SR-44 E/B","VICTOR AVENUE",450.00,E,N,A,-,Y,,,44,,,,,,E,Y,4,0,1,1,A,-,01,23152,F,N,E,I,A,A,H,-,A,D,0,,,,,Y,,D,22,0,0,1,0,0,0,0,0,0,"- ","- ",40.578201293945312,-122.33619689941406,SHASTA,REDDING,-122.33609771728516,40.578407287597656
90809718,2018,2018-09-11,9135,2018-09-06,1805,16461,,4,2,9,4500,0,1,3,,1,201,SR-299E,"OLD ALTURAS RD",2640.00,E,N,A,-,Y,,,299,,,,,,,Y,2,0,1,3,A,-,08,22107,,N,B,C,A,A,H,-,A,D,0,,,,,Y,,A,01,1,0,0,0,0,0,0,0,0,"- ","- ",40.644649505615234,-122.22572326660156,SHASTA,UNINCORPORATED,-122.22575378417969,40.644695281982422
9081474,2019,2020-09-25,4502,2019-12-18,1608,524,R02,3,5,5,4502,0,0,0,,0,002,"EAST CYPRESS AV","RT 5",38.00,N,N,A,-,Y,SHA,2,5,-,R,14.279,R,4,S,N,4,0,1,2,A,-,03,22350,I,M,C,C,A,A,H,-,B,A,0,,,,,Y,,A,07,0,0,1,0,0,0,0,0,0,"- ",SO,40.571041107177734,-122.35807037353516,SHASTA,REDDING,-122.36055755615234,40.568412780761719
90814837,2018,2018-09-17,9135,2018-09-09,0744,018469,,7,1,9,4500,0,1,1,,2,053,"I-5 N/B","RIVERSIDE AVE",2112.00,N,N,A,-,Y,,,5,,,,,,N,Y,3,0,1,1,A,-,08,22107,,N,E,I,A,A,H,-,A,D,0,,,,,Y,,A,01,0,1,0,0,0,0,0,0,0,"- ","- ",40.473438262939453,-122.31210327148438,SHASTA,UNINCORPORATED,-122.31224060058594,40.473304748535156
9081494,2019,2020-09-25,4502,2019-12-24,1701,524,R02,2,5,5,4502,0,0,0,,0,002,"EAST CYPRESS AV","RT 5",37.00,N,N,B,-,Y,SHA,2,5,-,R,14.761,R,4,N,Y,4,0,2,2,A,-,03,22350,I,N,C,C,A,A,H,-,C,A,0,,,,,Y,,A,01,0,0,2,0,0,0,0,0,0,"- ",NO,40.571048736572266,-122.35920715332031,SHASTA,REDDING,-122.36030578613281,40.575401306152344
9081506,2019,2020-05-13,4502,2019-12-28,1538,537,R01,6,5,5,4502,0,0,0,,0,001,"HILLTOP DR","BROWNING ST",0.00,,Y,A,-,N,,,,,,,,,,Y,3,0,1,1,A,-,00,21650,I,N,E,I,A,A,H,-,A,D,0,,,,,Y,,A,01,0,1,0,0,0,0,0,0,0,"- ","- ",40.592979431152344,-122.35836791992188,SHASTA,REDDING,-122.35839080810547,40.592971801757812
90817365,2018,2018-09-20,9135,2018-09-13,1120,018021,,4,1,9,4500,0,3,5,,2,004,"OAK RUN RD","LITTLE RIDGE RD",2875.00,N,N,A,-,N,,,,,,,,,,Y,4,0,1,1,A,-,08,22107,,N,E,I,A,A,H,-,A,D,0,,,,,Y,,A,08,0,0,1,0,0,0,0,0,0,"- ","- ",40.360088348388672,-122.09956359863281,SHASTA,UNINCORPORATED,-122.16592407226562,40.600139617919922
90818460,2018,2018-09-21,9135,2018-09-09,2315,017698,,7,3,9,4500,0,1,3,,1,201,SR-299,"SUGAR PINE CAMP RD",2640.00,E,N,A,-,Y,,,,,,,,,,Y,3,0,2,2,A,-,01,23152,A,N,A,C,A,A,H,-,D,D,0,,,,Y,Y,Y,A,01,0,1,1,0,0,0,0,0,0,"- ","- ",,,SHASTA,UNINCORPORATED,-122.083740234375,40.71673583984375
90818855,2018,2019-06-25,9135,2018-08-30,1001,015133,,4,1,9,4500,0,1,3,,1,201,SR-299,"FENDERS FERRY RD",701.00,W,N,A,-,Y,,,299,,,,,,,Y,1,1,1,2,A,-,08,22107,,N,A,C,A,A,H,-,A,D,0,,,,,Y,,D,22,0,1,0,0,0,0,0,0,0,"- ","- ",40.821548461914062,-121.93290710449219,SHASTA,UNINCORPORATED,-121.93290710449219,40.821548461914062
90819716,2018,2018-09-24,9135,2018-09-13,0120,018469,,4,3,9,4500,0,1,1,,2,053,"GAS POINT RD","FOUR STAR DRIVE",1584.00,E,N,A,-,N,,,,,,,,,,Y,4,0,1,1,A,-,08,22107,,N,E,I,A,A,H,-,D,D,0,,,,,Y,,D,22,0,0,1,0,0,0,0,0,0,"- ","- ",40.388771057128906,-122.36876678466797,SHASTA,UNINCORPORATED,-122.36957550048828,40.388736724853516
90819804,2018,2018-09-24,9135,2018-09-15,1755,018469,,6,2,9,4500,0,1,1,,2,055,SR-299,"DUNN MOODY RD",200.00,E,N,A,-,Y,,,299,,,,,,,Y,2,0,2,1,A,-,08,22107,,N,E,I,A,A,H,-,A,D,0,,,,,Y,,A,01,1,0,1,0,0,0,0,0,0,"- ","- ",40.818008422851562,-121.93557739257812,SHASTA,UNINCORPORATED,-121.93562316894531,40.818042755126953
90819858,2018,2018-09-24,9135,2018-09-18,2030,014425,,2,2,5,4502,0,1,1,,2,054,"I-5 N/B","CYPRESS AVENUE",0.00,,N,A,-,Y,,,5,,,,,,N,N,2,0,1,2,A,-,21,22106,,N,G,B,E,A,H,-,D,D,0,Y,,,,Y,,D,22,1,0,0,0,1,0,0,0,0,"- ","- ",40.554401397705078,-122.35600280761719,SHASTA,REDDING,-122.35591888427734,40.554424285888672
90820477,2018,2018-09-25,9135,2018-09-14,1615,017157,,5,2,9,4500,0,1,3,,2,402,SR-44,"CAMINO VISTA",46.00,W,N,A,-,Y,,,44,,,,,,,Y,2,0,3,2,A,-,09,21804,A,N,D,C,A,A,H,-,A,D,0,,,,,Y,,A,01,1,0,2,0,0,0,0,0,0,"- ","- ",40.513710021972656,-122.02517700195312,SHASTA,UNINCORPORATED,-122.02517700195312,40.51373291015625
90820760,2017,2018-10-02,9135,2017-12-27,2040,016790,,3,2,5,4502,0,1,1,,2,054,"I-5 S/B","CYPRESS AVE",750.00,S,N,A,-,Y,,,5,,,,,,S,N,1,1,0,2,A,-,11,21956,A,N,G,B,E,A,H,-,D,D,0,Y,,,Y,Y,,N,60,0,0,0,1,0,0,0,0,0,"- ","- ",40.568849999999998,-122.36064,SHASTA,REDDING,-122.36061046,40.568852730000003
9082185,2019,2020-04-24,4502,2019-12-19,2159,R185,,4,5,5,4502,0,0,0,,0,007,"OLD OREGON TRL","FRONTIER RD",0.00,,Y,C,-,N,,,,,,,,,,Y,2,0,3,2,A,-,05,21650,,N,A,C,A,B,H,-,D,D,0,,,,,Y,,D,22,2,0,1,0,0,0,0,0,0,"- ","- ",,,SHASTA,REDDING,-122.32489013671875,40.666069030761719
9082213,2019,2020-04-23,4502,2019-12-26,1927,524,R05,4,5,5,4502,0,0,0,,0,005,"COURT ST","PLACER ST",2.00,S,N,A,-,N,,,,,,,,,,Y,2,0,1,1,A,-,01,23152,A,N,E,I,A,A,H,-,C,A,0,,,,,Y,Y,D,22,1,0,0,0,0,0,0,0,0,"- ","- ",40.521171569824219,-122.39488220214844,SHASTA,REDDING,-122.39487457275391,40.581184387207031
90825298,2018,2018-10-01,9135,2018-09-26,0912,016087,,3,1,9,4500,0,3,5,,2,003,"EASTSIDE RD.","LATONA RD.",1214.00,N,N,A,-,N,,,,,,,,,,Y,4,0,2,2,A,-,05,21460,A,N,A,C,A,A,H,-,A,D,0,,,,,Y,,D,22,0,0,2,0,0,0,0,0,0,"- ","- ",40.484081268310547,-122.34963989257812,SHASTA,UNINCORPORATED,-122.34915161132812,40.483757019042969
9082597,2019,2020-05-13,4502,2019-12-06,1711,530,,5,5,5,4502,0,0,0,,0,005,"PLACER ST","BUENAVENTURA BL",313.00,E,N,C,-,N,,,,,,,,,,Y,3,0,2,2,A,-,03,22350,I,N,C,C,A,B,H,-,C,A,0,,,,,Y,,A,01,0,2,0,0,0,0,0,0,0,"- ","- ",40.574260711669922,-122.41867828369141,SHASTA,REDDING,-122.41765594482422,40.574512481689453
9082609,2019,2020-05-13,4502,2019-12-09,0945,524,R02,1,5,5,4502,0,0,0,,0,002,"HARTNELL AV","FAIRWAY AV",25.00,E,N,A,-,N,,,,,,,,,,N,4,0,1,2,A,-,09,21804,A,N,D,C,A,A,H,-,A,D,0,,,,,Y,,A,01,0,0,1,0,0,0,0,0,0,"- ","- ",40.563739776611328,-122.341796875,SHASTA,REDDING,-122.34166717529297,40.563739776611328
9082617,2019,2020-05-13,4502,2019-12-10,0821,R0090,4,2,5,5,4502,0,0,0,,0,,"PARKVIEW AV",FAVRETTO,15.00,E,N,A,-,N,,,,,,,,,,N,3,0,1,2,A,-,11,21950,B,N,G,B,B,A,H,-,A,A,0,Y,,,,Y,,N,60,0,1,0,0,1,0,0,0,0,"- ","- ",40.573291778564453,-122.38551330566406,SHASTA,REDDING,-122.385498046875,40.573081970214844
9082621,2019,2020-05-13,4502,2019-12-11,1817,140,R04,3,5,5,4502,0,0,0,,0,004,"EASTSIDE RD","WILSEY DR",30.00,N,N,C,-,N,,,,,,,,,,N,3,0,1,2,A,-,03,22350,I,N,C,G,A,B,H,-,C,D,0,,Y,,,Y,,A,07,0,1,0,0,0,0,1,0,0,"- ","- ",,,SHASTA,REDDING,-122.38549041748047,40.543952941894531
90828816,2018,2018-10-04,9135,2018-10-02,0855,014425,,2,1,9,4500,0,1,3,,1,301,SR-299,"RED BLUFF ROAD",378.00,W,N,B,-,Y,,,299,,,,,,,N,4,0,1,2,A,-,08,22107,,N,B,G,A,B,H,-,A,D,0,,Y,,,Y,,L,04,0,0,1,0,0,0,1,0,0,"- ","- ",40.5968017578125,-122.48889923095703,SHASTA,UNINCORPORATED,-122.48887634277344,40.596832275390625
90830044,2018,2018-10-05,9135,2018-09-29,1933,020361,,6,2,9,4500,0,3,5,,2,003,"MAIN STREET","STOWA WAY",0.00,,Y,B,C,N,,,,,,,,,,N,3,0,1,2,A,-,09,21804,A,N,G,B,E,B,H,-,C,D,0,Y,,,,Y,,D,22,0,1,0,0,1,0,0,0,0,"- ","- ",40.391338348388672,-122.28096008300781,SHASTA,UNINCORPORATED,-122.28083038330078,40.391330718994141
9083467,2019,2020-05-20,4502,2019-10-03,1826,538,,4,5,5,4502,0,0,0,,0,001,"DANA DR","HILLTOP DR",0.00,E,N,A,-,N,,,,,,,,,,Y,2,0,3,2,A,-,12,21453,A,N,D,C,A,A,H,-,B,A,0,,,,,Y,,-,"- ",2,0,1,0,0,0,0,0,0,"- ","- ",40.586479187011719,-122.3580322265625,SHASTA,REDDING,-122.35801696777344,40.586479187011719
9083490,2019,2020-05-16,4502,2019-10-29,1854,524,R01,2,5,5,4502,0,0,0,,0,001,"HILLTOP DR","BROWNING ST",303.00,S,N,A,-,N,,,,,,,,,,N,3,0,1,1,A,-,03,22350,,N,E,I,A,A,H,-,A,D,0,,Y,,,Y,Y,L,04,0,1,0,0,0,0,1,0,0,"- ","- ",,,SHASTA,REDDING,-122.35833740234375,40.592140197753906
90838043,2018,2018-10-17,9135,2018-10-11,2100,019680,,4,2,9,4500,0,1,3,,2,601,"HIGHWAY 299     W","WOODHILL DR",2640.00,W,N,A,-,Y,,,,,,,,,,Y,2,0,1,2,A,-,08,22107,,N,A,C,A,A,H,-,D,D,0,,,,,Y,,A,01,1,0,0,0,0,0,0,0,0,"- ","- ",,,SHASTA,UNINCORPORATED,-121.90866851806641,40.865688323974609
9083964,2020,2020-05-09,4502,2020-01-23,1803,R0026,R04,4,5,5,4502,0,0,0,,0,004,"EASTSIDE RD","RADIO LN",0.00,,Y,C,-,N,,,,,,,,,,Y,3,0,1,2,A,-,08,22107,,N,D,C,A,B,H,-,C,D,0,,,,,Y,,A,01,0,1,0,0,0,0,0,0,0,"- ","- ",40.548919677734375,-122.38639068603516,SHASTA,REDDING,-122.38636016845703,40.548900604248047
9083972,2020,2020-05-09,4502,2020-01-19,0603,524,R04,7,5,5,4502,0,0,0,,0,004,"RIVERSIDE DR","ISLAND DR",0.00,,N,A,-,N,,,,,,,,,,Y,3,0,2,1,A,-,01,23152,A,N,E,J,A,A,H,-,C,D,0,,,,,Y,Y,A,01,0,1,1,0,0,0,0,0,0,"- ","- ",40.516578674316406,-122.35933685302734,SHASTA,REDDING,-122.36000061035156,40.516128540039062
9083976,2020,2020-05-09,4502,2020-01-19,1918,R185,,7,5,5,4502,0,0,0,,0,004,"CEDARS RD","HELLER LN",30.00,N,N,A,-,N,,,,,,,,,,Y,3,0,1,1,A,-,05,21650,,N,E,I,A,A,H,-,C,D,0,,,,,Y,Y,A,01,0,1,0,0,0,0,0,0,0,"- ","- ",,,SHASTA,REDDING,-122.388427734375,40.534389495849609
90844639,2018,2018-10-25,9135,2018-10-24,0510,016480,,3,3,9,4500,0,1,3,,2,402,SR-44,"MILLER RANCH RD.",10.00,W,N,A,-,Y,,,44,,,,,,,Y,4,0,1,1,A,-,08,22107,,N,E,I,A,A,H,-,D,D,0,,,,,Y,,A,01,0,0,1,0,0,0,0,0,0,"- ","- ",40.502700805664062,-121.93039703369141,SHASTA,UNINCORPORATED,-121.930419921875,40.502681732177734
90851090,2018,2018-11-01,9135,2018-10-15,0620,012900,,1,1,9,4500,0,3,5,,2,002,"OAK RUN RD","TERI-RAND LN",25872.00,E,N,A,-,N,,,,,,,,,,Y,2,0,1,1,A,-,08,22107,,N,E,I,A,A,H,-,D,D,0,,,,,Y,,A,01,1,0,0,0,0,0,0,0,0,"- ","- ",40.655750274658203,-122.06500244140625,SHASTA,UNINCORPORATED,-122.07465362548828,40.65435791015625