CASE_ID,ACCIDENT_YEAR,PROC_DATE,JURIS,COLLISION_DATE,COLLISION_TIME,OFFICER_ID,REPORTING_DISTRICT,DAY_OF_WEEK,CHP_SHIFT,POPULATION,CNTY_CITY_LOC,SPECIAL_COND,BEAT_TYPE,CHP_BEAT_TYPE,CITY_DIVISION_LAPD,CHP_BEAT_CLASS,BEAT_NUMBER,PRIMARY_RD,SECONDARY_RD,DISTANCE,DIRECTION,INTERSECTION,WEATHER_1,WEATHER_2,STATE_HWY_IND,CALTRANS_COUNTY,CALTRANS_DISTRICT,STATE_ROUTE,ROUTE_SUFFIX,POSTMILE_PREFIX,POSTMILE,LOCATION_TYPE,RAMP_INTERSECTION,SIDE_OF_HWY,TOW_AWAY,COLLISION_SEVERITY,NUMBER_KILLED,NUMBER_INJURED,PARTY_COUNT,PRIMARY_COLL_FACTOR,PCF_CODE_OF_VIOL,PCF_VIOL_CATEGORY,PCF_VIOLATION,PCF_VIOL_SUBSECTION,HIT_AND_RUN,TYPE_OF_COLLISION,MVIW,PED_ACTION,ROAD_SURFACE,ROAD_COND_1,ROAD_COND_2,LIGHTING,CONTROL_DEVICE,CHP_ROAD_TYPE,PEDESTRIAN_ACCIDENT,BICYCLE_ACCIDENT,MOTORCYCLE_ACCIDENT,TRUCK_ACCIDENT,NOT_PRIVATE_PROPERTY,ALCOHOL_INVOLVED,STWD_VEHTYPE_AT_FAULT,CHP_VEHTYPE_AT_FAULT,COUNT_SEVERE_INJ,COUNT_VISIBLE_INJ,COUNT_COMPLAINT_PAIN,COUNT_PED_KILLED,COUNT_PED_INJURED,COUNT_BICYCLIST_KILLED,COUNT_BICYCLIST_INJURED,COUNT_MC_KILLED,COUNT_MC_INJURED,PRIMARY_RAMP,SECONDARY_RAMP,LATITUDE,LONGITUDE,COUNTY,CITY,POINT_X,POINT_Y
91096917,2019,2019-12-12,9135,2019-09-27,1554,019030,,5,2,5,4502,0,1,3,,2,040,"SR-44 E/B","HILLTOP DR",12.00,E,N,A,-,Y,,,44,,,,,,E,Y,4,0,1,3,A,-,03,22350,,N,C,C,A,A,H,-,A,D,0,,,,,Y,,D,22,0,0,1,0,0,0,0,0,0,"- ","- ",40.585060119628906,-122.35771942138672,SHASTA,REDDING,-122.35771942138672,40.585121154785156
91096983,2019,2019-10-14,9135,2019-09-28,1710,019030,,6,2,9,4500,0,1,3,,2,604,"SR-44 W/B","BRIDGE CREEK RD",4224.00,E,N,B,D,Y,,,44,,,,,,W,Y,4,0,2,1,A,-,03,22350,,N,E,I,A,C,H,-,A,D,0,,,,,Y,,A,07,0,0,2,0,0,0,0,0,0,"- ","- ",40.5791015625,-121.56385040283203,SHASTA,UNINCORPORATED,-121.56388092041016,40.579128265380859
91098097,2019,2019-10-15,9135,2019-10-06,1345,015627,,7,1,9,4500,0,1,3,,2,602,SR-299,"ROCKY RANCH ROAD",480.00,E,N,A,-,Y,,,299,,,,,,,Y,4,0,1,1,A,-,08,22107,,N,E,I,A,A,H,-,A,D,0,,,,,Y,,D,22,0,0,1,0,0,0,0,0,0,"- ","- ",40.932140350341797,-121.61373138427734,SHASTA,UNINCORPORATED,-121.61369323730469,40.932098388671875
91098109,2019,2019-10-15,9135,2019-10-04,1722,018174,,5,2,5,4502,0,1,1,,2,053,"I-5 S/B","NORTH ST",100.00,S,N,A,-,Y,,,,,,,,,,Y,3,0,4,4,A,-,03,22350,,N,C,C,A,A,D,E,A,D,0,,,,,Y,,A,01,0,3,1,0,0,0,0,0,0,"- ","- ",40.455390930175781,-122.29511260986328,SHASTA,REDDING,-122.29517364501953,40.455471038818359
91099358,2019,2019-10-17,9135,2019-09-18,0750,012900,,3,1,5,4502,0,1,1,,2,055,"I-5 S/B",SR-299,528.00,N,N,B,-,Y,,,5,,,,,,S,Y,3,0,1,2,A,-,03,22350,,N,C,C,A,B,H,-,A,D,0,,,,,Y,,A,01,0,1,0,0,0,0,0,0,0,"- ","- ",40.615898132324219,-122.364501953125,SHASTA,REDDING,-122.36460113525391,40.615875244140625
91099443,2019,2019-10-17,9135,2019-10-10,0925,014516,,4,1,9,4500,0,1,3,,1,201,SR-299,"SUGAR PINE CAMP RD",13728.00,E,N,A,-,Y,,,299,,,,,,,Y,3,0,2,2,A,-,03,22350,,N,C,C,A,A,H,-,A,D,0,,,,,Y,,D,22,0,2,0,0,0,0,0,0,0,"- ","- ",40.742679595947266,-122.06816864013672,SHASTA,UNINCORPORATED,-122.06817626953125,40.742698669433594
91100313,2019,2019-10-18,9135,2019-10-09,0330,018829,,3,3,9,4500,0,3,5,,2,004,"MAGNOLIA ST","CHESTNUT ST",120.00,W,N,A,-,N,,,,,,,,,,N,3,0,1,1,A,-,21,22106,,N,G,B,A,A,H,-,D,D,0,,,,,Y,,D,22,0,1,0,0,0,0,0,0,0,"- ","- ",40.383560180664062,-122.27941131591797,SHASTA,UNINCORPORATED,-122.27872467041016,40.383193969726562
91103640,2019,2019-10-23,9135,2019-10-20,1635,018890,,7,2,9,4500,0,3,5,,2,002,"OLD OREGON TRAIL","COLLEGE VIEW DRIVE",0.00,,Y,A,-,N,,,,,,,,,,Y,2,0,2,2,A,-,09,21802,A,N,D,C,A,A,H,-,A,D,0,,,,,Y,,A,01,1,0,1,0,0,0,0,0,0,"- ","- ",40.619678497314453,-122.31855773925781,SHASTA,UNINCORPORATED,-122.31842041015625,40.619228363037109
91104434,2019,2019-10-23,9135,2019-10-19,1913,018133,,6,2,9,4500,0,1,3,,2,020,SR-299,"SEAMAN GULCH RD",1584.00,W,N,A,-,Y,,,299,,,,,,,Y,4,0,1,1,C,-,18,,,N,E,H,A,A,H,-,D,D,0,,,,,Y,,-,"- ",0,0,1,0,0,0,0,0,0,"- ","- ",40.697151184082031,-122.10240936279297,SHASTA,UNINCORPORATED,-122.10245513916016,40.697223663330078
91104457,2019,2019-10-23,9135,2019-10-22,1705,018133,,2,2,9,4500,0,1,3,,2,020,SR-299,"NEAL LANE",30.00,W,N,A,-,Y,,,299,,,,,,,N,4,0,3,3,A,-,03,22350,,N,C,C,A,A,H,-,A,D,0,,,,Y,Y,,F,26,0,0,3,0,0,0,0,0,0,"- ","- ",40.629501342773438,-122.27815246582031,SHASTA,UNINCORPORATED,-122.27814483642578,40.629486083984375
91108497,2019,2019-10-29,9135,2019-10-17,2350,018829,,4,3,9,4500,0,1,3,,1,302,"SR-273 S/B","JACQUELINE ST",135.00,S,N,A,-,Y,,,273,,,,,,S,Y,3,0,1,2,A,-,08,22107,,N,E,I,A,A,H,-,D,D,0,,,,,Y,,D,22,0,1,0,0,0,0,0,0,0,"- ","- ",40.469211578369141,-122.32923889160156,SHASTA,UNINCORPORATED,-122.32915496826172,40.469337463378906
91112865,2019,2019-11-04,9135,2019-10-27,2130,016790,,7,2,9,4500,0,1,1,,2,056,"I-5 S/B","DOG CREEK RD",2640.00,S,N,A,-,Y,,,5,,,,,,S,Y,3,0,1,1,A,-,08,22107,,N,E,I,A,A,H,-,D,D,0,,,,,Y,,D,22,0,1,0,0,0,0,0,0,0,"- ","- ",40.937820434570312,-122.42266082763672,SHASTA,UNINCORPORATED,-122.42258453369141,40.937900543212891
91115292,2019,2019-11-07,9135,2019-11-05,1445,013553,,2,2,9,4500,0,1,3,,2,603,SR-299,"SIERRA CENTER DR",1584.00,E,N,A,-,Y,,,299,,,,,,,Y,4,0,1,2,A,-,03,22350,,N,C,C,A,A,H,-,A,D,0,,,,,Y,,A,01,0,0,1,0,0,0,0,0,0,"- ","- ",41.030300140380859,-121.41915893554688,SHASTA,UNINCORPORATED,-121.41922760009766,41.030349731445312
91119308,2019,2019-11-13,9135,2019-11-05,2155,018388,,2,2,9,4500,0,1,3,,1,302,"HAPPY VALLEY RD","VIEW POINT DR",100.00,E,N,A,-,N,,,,,,,,,,Y,3,0,3,2,A,-,01,23152,F,N,A,C,A,A,H,-,D,D,0,,,,,Y,,A,01,0,1,2,0,0,0,0,0,0,"- ","- ",40.486160278320312,-122.37776184082031,SHASTA,UNINCORPORATED,-122.37843322753906,40.48565673828125
91120978,2019,2019-11-15,9135,2019-11-05,1518,018021,,2,2,9,4500,0,1,3,,1,401,SR-44,"MILLVILLE PLAINS RD",7603.00,W,N,A,-,Y,,,44,,,,,,,Y,3,0,1,1,A,-,08,22107,,N,F,A,A,A,H,-,A,D,0,,,,,Y,,A,07,0,1,0,0,0,0,0,0,0,"- ","- ",40.550449371337891,-122.19586181640625,SHASTA,UNINCORPORATED,-122.19588470458984,40.5504150390625
91122286,2019,2019-11-18,9135,2019-11-06,1554,019030,,3,2,9,4500,0,3,5,,2,004,"AIRPORT RD","CHARLANNE DR",5.00,N,N,A,-,N,,,,,,,,,,N,4,0,2,2,A,-,09,21802,A,N,D,C,A,A,H,-,A,D,0,,,,,Y,,A,08,0,0,2,0,0,0,0,0,0,"- ","- ",40.5460205078125,-122.3028564453125,SHASTA,UNINCORPORATED,-122.30284881591797,40.546031951904297
91128608,2019,2019-11-25,9135,2019-11-19,0730,014425,,2,1,9,4500,0,1,3,,1,301,SR-299,"HOADLEY PEAK ROAD",2640.00,E,N,A,-,Y,,,299,,,,,,,Y,3,0,1,1,A,-,03,22350,,N,F,A,A,A,H,-,A,D,0,,,,Y,Y,,G,25,0,1,0,0,0,0,0,0,0,"- ","- ",40.643901824951172,-122.72460174560547,SHASTA,UNINCORPORATED,-122.72460174560547,40.643947601318359
91128949,2019,2019-11-25,9135,2019-07-28,1007,016480,,7,1,9,4500,0,3,5,,2,002,"WHITMORE RD.","BASIN HOLLOW RD.",528.00,E,N,A,-,N,,,,,,,,,,Y,1,1,3,1,A,-,08,22107,,N,E,I,A,A,H,-,A,D,0,,,,,Y,,A,07,2,1,0,0,0,0,0,0,0,"- ","- ",40.557521820068359,-122.14704895019531,SHASTA,UNINCORPORATED,-122.14923095703125,40.556728363037109
91129805,2019,2019-11-26,9135,2019-08-23,1148,014425,,5,1,9,4500,0,3,5,,2,004,"AIRPORT ROAD","CHARLANNE DRIVE",0.00,,N,A,-,N,,,,,,,,,,Y,1,1,1,2,A,-,09,21804,A,N,C,C,A,A,H,-,A,D,0,,,Y,,Y,,C,02,0,1,0,0,0,0,0,1,0,"- ","- ",40.545368194580078,-122.3028564453125,SHASTA,UNINCORPORATED,-122.30284881591797,40.5460205078125
91132627,2019,2019-12-02,9135,2019-11-22,0149,018777,,5,3,9,4500,0,1,3,,2,605,SR-89,"DOTY ROAD LOOP (SOUTH)",4752.00,N,N,A,-,Y,,,89,,,,,,,Y,4,0,1,1,A,-,08,22107,,N,F,A,A,A,H,-,D,D,0,,,,,Y,,A,07,0,0,1,0,0,0,0,0,0,"- ","- ",40.821758270263672,-121.51351165771484,SHASTA,UNINCORPORATED,-121.51341247558594,40.821758270263672
91134646,2019,2019-12-03,9135,2019-11-28,0235,018829,,4,3,9,4500,0,1,3,,1,201,SR-299,"DU BOIS RD",6178.00,W,N,B,-,Y,,,299,,,,,,,Y,4,0,1,1,A,-,01,23152,A,N,E,I,A,B,H,-,D,D,0,,,,,Y,Y,A,01,0,0,1,0,0,0,0,0,0,"- ","- ",40.746990203857422,-122.05486297607422,SHASTA,UNINCORPORATED,-122.05481719970703,40.7469482421875
91135768,2019,2019-12-04,9135,2019-10-02,0723,018890,,3,1,9,4500,0,1,1,,2,053,"INTERSTATE 5 SOUTHBOUND","MAIN STREET",1500.00,N,N,A,-,Y,,,5,,,,,,S,Y,1,1,2,1,A,-,01,23152,F,F,F,A,A,A,H,-,A,D,0,,,,,Y,,A,01,0,1,1,0,0,0,0,0,0,"- ","- ",40.406841278076172,-122.28183746337891,SHASTA,UNINCORPORATED,-122.28105163574219,40.406757354736328
91140839,2019,2019-12-11,9135,2019-12-07,1320,018890,,6,1,9,4500,0,3,5,,2,002,"OLD ALTURAS RD.","BOYLE RD.",0.00,,Y,B,C,N,,,,,,,,,,Y,3,0,1,2,A,-,12,22450,A,N,D,C,A,B,H,-,A,A,0,,,,,Y,,A,01,0,1,0,0,0,0,0,0,0,"- ","- ",40.594108581542969,-122.28710174560547,SHASTA,UNINCORPORATED,-122.28710174560547,40.593830108642578
91140906,2019,2019-12-11,9135,2019-12-08,2211,018829,,7,3,9,4500,0,3,5,,2,002,"DESCHUTES RD","BOYLE RD",850.00,S,N,A,-,N,,,,,,,,,,Y,3,0,1,1,A,-,01,23152,A,N,E,I,A,A,H,-,D,D,0,,,,,Y,Y,A,01,0,1,0,0,0,0,0,0,0,"- ","- ",40.590599060058594,-122.23899841308594,SHASTA,UNINCORPORATED,-122.23907470703125,40.590599060058594
91141435,2019,2019-12-11,9135,2019-12-02,1723,019030,,1,2,5,4502,0,1,3,,2,040,"SR-44 E/B","AUDITORIUM DR",1584.00,E,N,B,C,Y,,,44,,,,,,E,Y,4,0,2,3,A,-,03,22350,,N,C,C,A,B,H,-,C,D,0,,,,,Y,,A,01,0,0,2,0,0,0,0,0,0,"- ","- ",40.586151123046875,-122.37290191650391,SHASTA,REDDING,-122.37290191650391,40.586170196533203
91144029,2019,2019-12-16,9135,2019-12-12,1455,018133,,4,2,9,4500,0,1,3,,1,201,SR-299,"SUGAR PINE CAMP RD",1320.00,W,N,B,E,Y,,,299,,,,,,,N,4,0,1,2,A,-,03,22350,,M,C,C,A,B,H,-,A,D,0,,,,,Y,,D,22,0,0,1,0,0,0,0,0,0,"- ","- ",40.708530426025391,-122.09047698974609,SHASTA,UNINCORPORATED,-122.09051513671875,40.708534240722656
91144954,2019,2020-02-26,9135,2019-12-13,1700,014788,,5,2,9,4500,0,1,3,,1,302,"STATE ROUTE 273","LATONA RD",0.00,,Y,B,C,Y,,,,,,,,,,Y,3,0,2,2,A,-,17,24250,,N,D,C,A,B,H,-,C,A,0,,,,,Y,,A,01,0,1,1,0,0,0,0,0,0,"- ","- ",40.481269836425781,-122.43630981445312,SHASTA,UNINCORPORATED,-122.34626770019531,40.481220245361328
91144990,2019,2019-12-17,9135,2019-12-13,0100,016960,,5,3,9,4500,0,1,3,,1,301,"STATE ROUTE 299","TRINITY COUNTY",13200.00,E,N,B,-,Y,,,299,,,,,,,Y,2,0,1,1,A,-,08,22107,,N,E,I,A,B,H,-,D,A,0,,,,,Y,,A,07,1,0,0,0,0,0,0,0,0,"- ","- ",40.656181335449219,-122.70121765136719,SHASTA,UNINCORPORATED,-122.70121002197266,40.65618896484375
91149522,2019,2019-12-20,9135,2019-12-18,0439,016960,,3,3,5,4502,0,1,1,,2,054,"INTERSTATE 5 NORTHBOUND","HILLTOP DRIVE",750.00,N,N,B,-,Y,,,5,,,,,,N,Y,3,0,1,3,A,-,08,22107,,N,B,E,A,B,H,-,D,A,0,,,,Y,Y,,D,22,0,1,0,0,0,0,0,0,0,"- ","- ",40.597629547119141,-122.36036682128906,SHASTA,REDDING,-122.36041259765625,40.597629547119141
91149531,2019,2019-12-20,9135,2019-12-18,1717,018133,,3,2,9,4500,0,1,1,,2,055,"I-5 S/B","OLD OREGON TRL",4224.00,S,N,B,C,Y,,,5,,,,,,S,N,4,0,1,2,A,-,00,22017,,N,B,C,A,B,H,-,D,D,0,,,,,Y,,A,08,0,0,1,0,0,0,0,0,0,"- ","- ",40.695419311523438,-122.34375762939453,SHASTA,UNINCORPORATED,-122.34376525878906,40.695423126220703
91150483,2019,2019-12-23,9135,2019-12-13,2255,018829,,5,3,9,4500,0,1,3,,1,301,SR-299,"LOWER SPRINGS",2112.00,E,N,B,-,Y,,,,,,,,,,Y,3,0,1,2,A,-,01,23152,A,N,D,C,A,B,H,-,D,D,0,,,,,Y,Y,A,01,0,1,0,0,0,0,0,0,0,"- ","- ",,,SHASTA,UNINCORPORATED,,
91150604,2019,2019-12-23,9135,2019-12-20,0257,016191,,5,3,9,4500,0,1,1,,2,056,"I-5 N/B","OBRIEN RD.",6864.00,N,N,B,C,Y,,,5,,,,,,N,Y,3,0,1,1,A,-,01,23152,A,N,E,I,A,B,H,-,D,D,0,,,,,Y,Y,A,01,0,1,0,0,0,0,0,0,0,"- ","- ",40.826038360595703,-122.32450103759766,SHASTA,UNINCORPORATED,-122.32463836669922,40.8260498046875
91151052,2019,2019-12-23,9135,2019-12-22,0923,013553,,7,1,9,4500,0,1,3,,2,601,SR-299,"BUNCH GRASS LOOKOUT RD",1848.00,W,N,B,D,Y,,,299,,,,,,,N,4,0,1,1,A,-,08,22107,,N,E,I,A,C,H,-,A,D,0,,,,,Y,,A,07,0,0,1,0,0,0,0,0,0,"- ","- ",40.852329254150391,-121.76875305175781,SHASTA,UNINCORPORATED,-121.76875305175781,40.852313995361328
91152774,2019,2019-12-26,9135,2019-12-23,1035,014425,,1,1,9,4500,0,1,3,,2,402,SR-44,"ALPINE MEADOWS ROAD",419.00,E,N,A,-,Y,,,44,,,,,,,Y,3,0,2,2,A,-,05,21650,,N,A,C,A,B,H,-,A,D,0,,,,,Y,,D,22,0,2,0,0,0,0,0,0,0,"- ","- ",40.493171691894531,-121.88197326660156,SHASTA,UNINCORPORATED,-121.88197326660156,40.493194580078125
91155378,2019,2019-12-30,9146,2019-12-26,1815,020514,,4,2,9,4500,0,1,1,,2,013,"I-5 S/B","SIMS ROAD",3960.00,N,N,A,-,Y,,,5,,,,,,S,Y,4,0,1,1,C,-,18,,,N,E,I,A,A,H,-,C,D,0,,,,,Y,,-,"- ",0,0,1,0,0,0,0,0,0,"- ","- ",41.083698272705078,-122.35234832763672,SHASTA,UNINCORPORATED,-122.35243988037109,41.083778381347656
91155800,2019,2019-12-30,9135,2019-08-31,1338,019030,,6,1,9,4500,0,1,3,,1,301,SR-299,"LEWISTON TURNPIKE RD",16368.00,W,N,A,-,Y,,,299,,,,,,,Y,1,1,2,2,A,-,08,22107,,N,A,C,A,A,H,-,A,D,0,,,Y,,Y,,C,02,0,2,0,0,0,0,0,1,0,"- ","- ",40.657020568847656,-122.69940185546875,SHASTA,UNINCORPORATED,-122.69937133789062,40.656986236572266
91155829,2019,2019-12-30,9146,2019-12-24,2041,020647,,2,2,9,4500,0,1,1,,2,013,"I-5 SOUTHBOUND","CASTLE CREEK ROAD",3696.00,N,N,C,-,Y,,,5,,,,,,S,Y,2,0,3,2,C,-,18,,,N,A,C,A,B,H,-,D,D,0,,,,Y,Y,,-,"- ",1,0,2,0,0,0,0,0,0,"- ","- ",41.151229858398438,-122.30368041992188,SHASTA,UNINCORPORATED,-122.30366516113281,41.151371002197266
91155890,2019,2019-12-30,9135,2019-11-16,1002,018777,,6,1,9,4500,0,1,3,,2,605,SR-89,"DOTY ROAD LOOP (NORTH)",345.00,S,N,A,-,Y,,,89,,,,,,,Y,1,1,1,1,A,-,08,22107,,N,E,I,A,A,H,-,A,D,0,,,,,Y,,A,07,0,1,0,0,0,0,0,0,0,"- ","- ",40.829830169677734,-121.51332092285156,SHASTA,UNINCORPORATED,-121.51331329345703,40.829830169677734
91158163,2019,2020-01-02,9135,2019-12-25,0905,016087,,3,1,9,4500,0,3,5,,2,003,"CHINA GULCH DR.","CANYON RD.",5280.00,W,N,B,C,N,,,,,,,,,,Y,4,0,1,1,A,-,03,22350,,N,E,I,A,B,H,-,A,D,0,,,,,Y,,A,01,0,0,1,0,0,0,0,0,0,"- ","- ",40.490608215332031,-122.39806365966797,SHASTA,UNINCORPORATED,-122.4117431640625,40.489372253417969
91160904,2020,2020-01-07,9135,2020-01-01,0855,015627,,3,1,9,4500,0,1,3,,2,604,SR-44,SR-89,4752.00,E,N,B,-,Y,,,44,,,,,,,Y,4,0,1,1,A,-,08,22107,,N,E,I,A,C,H,-,A,D,0,,,,,Y,,A,01,0,0,1,0,0,0,0,0,0,"- ","- ",40.557579040527344,-121.57747650146484,SHASTA,UNINCORPORATED,-121.57753753662109,40.557609558105469
91164144,2020,2020-01-13,9135,2020-01-11,2333,018829,,6,3,9,4500,0,1,3,,2,040,SR-44,"MINERAL RD",1584.00,E,N,A,-,Y,,,44,,,,,,,Y,4,0,1,1,A,-,08,22107,,N,E,I,A,C,H,-,D,D,0,,,,,Y,,A,01,0,0,1,0,0,0,0,0,0,"- ","- ",40.539150238037109,-121.59087371826172,SHASTA,UNINCORPORATED,-121.59085083007812,40.539108276367188
91164408,2019,2020-01-13,9135,2019-12-21,1023,016424,,6,1,9,4500,0,1,3,,1,401,"STATE ROUTE-44","STILLWATER ROAD",862.00,W,N,B,-,Y,,,44,,,,,,,Y,1,1,2,3,A,-,05,21460,C,N,B,C,A,A,H,-,A,D,0,,,,,Y,,A,01,0,2,0,0,0,0,0,0,0,"- ","- ",40.559169769287109,-122.27986145019531,SHASTA,UNINCORPORATED,-122.27985382080078,40.559108734130859
91164900,2020,2020-01-14,9146,2020-01-09,0227,016333,,4,3,9,4500,0,1,1,,2,013,"I-5 S/B","CONANT ROAD",1056.00,N,N,C,-,Y,,,5,,,,,,S,Y,3,0,1,1,A,-,21,22106,,N,F,A,A,B,H,-,D,D,0,,,,Y,Y,,G,25,0,1,0,0,0,0,0,0,0,"- ","- ",41.110099792480469,-122.32740020751953,SHASTA,UNINCORPORATED,-122.32745361328125,41.110164642333984
91165456,2019,2020-01-14,9135,2019-02-18,1730,018469,,1,2,9,4500,0,1,1,,2,055,"BEAR MOUNTAIN RD","HIDDEN VALLEY DR",920.00,N,N,A,-,N,,,,,,,,,,Y,2,0,2,1,A,-,08,22107,,N,E,I,A,A,H,-,B,D,0,,,,,Y,,D,22,1,0,1,0,0,0,0,0,0,"- ","- ",40.719959259033203,-122.23934936523438,SHASTA,UNINCORPORATED,-122.23914337158203,40.720428466796875
91169326,2020,2020-01-21,9135,2020-01-10,1815,018777,,5,2,9,4500,0,3,5,,2,006,"NORTH FAIRFIELD STREET",SR-299,212.00,N,N,B,-,N,,,,,,,,,,Y,3,0,1,2,A,-,01,23152,A,N,B,C,A,A,H,-,D,D,0,,,,,Y,Y,A,01,0,1,0,0,0,0,0,0,0,"- ","- ",40.916770935058594,-121.62889099121094,SHASTA,UNINCORPORATED,,
91169334,2020,2020-01-21,9135,2020-01-10,2225,018388,,5,3,9,4500,0,1,3,,2,040,SR-44,"DERSCH RD",0.00,,Y,B,C,Y,,,44,,,,,,,Y,2,0,1,1,A,-,01,23152,A,N,E,I,A,B,H,-,D,A,0,,,,,Y,Y,A,08,1,0,0,0,0,0,0,0,0,"- ","- ",40.514179229736328,-122.03163146972656,SHASTA,UNINCORPORATED,-122.03163146972656,40.514114379882812
91169346,2020,2020-01-21,9135,2020-01-11,1510,019111,,6,2,9,4500,0,1,3,,1,301,SR-299,"J F KENNEDY MEMORIAL DR",180.00,E,N,A,-,Y,,,299,,,,,,,Y,4,0,1,2,A,-,08,22107,,N,D,C,A,A,H,-,A,D,0,,,,,Y,,A,07,0,0,1,0,0,0,0,0,0,"- ","- ",40.614578247070312,-122.51909637451172,SHASTA,UNINCORPORATED,-122.51902008056641,40.614639282226562
91170065,2020,2020-01-22,9135,2020-01-15,1940,014788,,3,2,9,4500,0,3,5,,2,003,"GAS POINT RD","PARK DR",0.00,,Y,B,-,N,,,,,,,,,,Y,4,0,1,2,A,-,09,21801,A,F,D,C,A,A,D,-,C,A,0,,,,,Y,,-,99,0,0,1,0,0,0,0,0,0,"- ","- ",40.399299621582031,-122.29023742675781,SHASTA,UNINCORPORATED,-122.29025268554688,40.389301300048828
91170152,2020,2020-01-22,9135,2020-01-20,1545,019680,,1,2,9,4500,0,1,3,,2,604,"PANORAMA POINT REST AREA","FOREST SERVICE ROUTE 32N12",350.00,N,N,A,-,N,,,,,,,,,,N,3,0,1,2,A,-,03,22350,,F,G,B,E,C,H,-,A,D,0,Y,,,,Y,,A,01,0,1,0,0,1,0,0,0,0,"- ","- ",,,SHASTA,UNINCORPORATED,,
91174567,2020,2020-01-27,9135,2020-01-21,0605,016424,,2,1,9,4500,0,3,5,,2,002,"BEAR MOUNTAIN ROAD","OLD OREGON TRAIL",1056.00,E,N,B,C,N,,,,,,,,,,Y,4,0,1,1,A,-,08,22107,,N,E,I,A,B,H,-,D,D,0,,,,,Y,,A,08,0,0,1,0,0,0,0,0,0,"- ","- ",40.671768188476562,-122.31881713867188,SHASTA,UNINCORPORATED,-122.31885528564453,40.671821594238281
91179842,2020,2020-02-04,9135,2020-01-25,1400,018777,,6,2,9,4500,0,1,3,,2,605,SR-89,"CASSEL ROAD",322.00,N,N,B,-,Y,,,89,,,,,,,Y,3,0,2,1,A,-,08,22107,,N,E,I,A,A,H,-,A,D,0,,,,,Y,,A,01,0,2,0,0,0,0,0,0,0,"- ","- ",40.878501892089844,-121.56204223632812,SHASTA,UNINCORPORATED,-121.56204223632812,40.878501892089844
91180132,2020,2020-02-04,9135,2020-01-30,1555,018133,,4,2,9,4500,0,3,5,,2,004,"NOBLE OAKS DR.","GRAND ESTATES DR.",0.00,,Y,A,-,N,,,,,,,,,,N,2,0,1,1,A,-,03,22350,,N,F,A,A,A,B,-,A,D,0,,,Y,,Y,,C,03,1,0,0,0,0,0,0,0,1,"- ","- ",40.550758361816406,-122.23377227783203,SHASTA,UNINCORPORATED,-122.23379,40.550702000000001
91180546,2020,2020-02-05,9135,2020-02-02,2304,018388,,7,3,9,4500,0,1,1,,2,053,"I-5 S/B","NORTH ST",1056.00,N,N,A,-,Y,,,,,,,,,,Y,4,0,1,1,A,-,01,23152,A,M,E,I,A,A,H,-,D,D,0,,,,,Y,Y,A,01,0,0,1,0,0,0,0,0,0,"- ","- ",40.458808898925781,-122.29856109619141,SHASTA,UNINCORPORATED,-122.29766082763672,40.458011627197266
91183329,2020,2020-02-10,9135,2020-02-01,1655,019111,,6,2,9,4500,0,3,5,,2,003,"OAK ST","CRAIG LN",0.00,,Y,B,-,N,,,,,,,,,,Y,3,0,3,2,A,-,03,22350,,N,D,C,A,A,H,-,A,D,0,,,,,Y,,A,01,0,2,1,0,0,0,0,0,0,"- ","- ",40.470729827880859,-122.45458221435547,SHASTA,UNINCORPORATED,-122.45462799072266,40.470729827880859
91189243,2020,2020-02-19,9135,2020-02-14,1440,019111,,5,2,9,4500,0,1,3,,1,401,"SR-44 W/B FROM DESCHUTES ROAD","DESCHUTES RD",160.00,W,N,A,-,Y,,,44,,,,R,,W,Y,4,0,1,2,A,-,08,22107,,N,B,C,A,A,H,-,A,D,0,,,,,Y,,A,01,0,0,1,0,0,0,0,0,0,"- ","- ",40.55828857421875,-122.23918151855469,SHASTA,UNINCORPORATED,-122.23918151855469,40.55828857421875
91193819,2020,2020-02-26,9135,2020-02-21,1705,018133,,5,2,9,4500,0,3,5,,2,002,"DESCHUTES RD.","BOYLE RD",1056.00,S,N,A,-,N,,,,,,,,,,N,3,0,5,2,A,-,09,21801,A,N,D,C,A,A,H,-,A,D,0,,,,,Y,,D,22,0,3,2,0,0,0,0,0,0,"- ","- ",40.590000152587891,-122.23911285400391,SHASTA,UNINCORPORATED,-122.23906707763672,40.590034484863281