CASE_ID,ACCIDENT_YEAR,PROC_DATE,JURIS,COLLISION_DATE,COLLISION_TIME,OFFICER_ID,REPORTING_DISTRICT,DAY_OF_WEEK,CHP_SHIFT,POPULATION,CNTY_CITY_LOC,SPECIAL_COND,BEAT_TYPE,CHP_BEAT_TYPE,CITY_DIVISION_LAPD,CHP_BEAT_CLASS,BEAT_NUMBER,PRIMARY_RD,SECONDARY_RD,DISTANCE,DIRECTION,INTERSECTION,WEATHER_1,WEATHER_2,STATE_HWY_IND,CALTRANS_COUNTY,CALTRANS_DISTRICT,STATE_ROUTE,ROUTE_SUFFIX,POSTMILE_PREFIX,POSTMILE,LOCATION_TYPE,RAMP_INTERSECTION,SIDE_OF_HWY,TOW_AWAY,COLLISION_SEVERITY,NUMBER_KILLED,NUMBER_INJURED,PARTY_COUNT,PRIMARY_COLL_FACTOR,PCF_CODE_OF_VIOL,PCF_VIOL_CATEGORY,PCF_VIOLATION,PCF_VIOL_SUBSECTION,HIT_AND_RUN,TYPE_OF_COLLISION,MVIW,PED_ACTION,ROAD_SURFACE,ROAD_COND_1,ROAD_COND_2,LIGHTING,CONTROL_DEVICE,CHP_ROAD_TYPE,PEDESTRIAN_ACCIDENT,BICYCLE_ACCIDENT,MOTORCYCLE_ACCIDENT,TRUCK_ACCIDENT,NOT_PRIVATE_PROPERTY,ALCOHOL_INVOLVED,STWD_VEHTYPE_AT_FAULT,CHP_VEHTYPE_AT_FAULT,COUNT_SEVERE_INJ,COUNT_VISIBLE_INJ,COUNT_COMPLAINT_PAIN,COUNT_PED_KILLED,COUNT_PED_INJURED,COUNT_BICYCLIST_KILLED,COUNT_BICYCLIST_INJURED,COUNT_MC_KILLED,COUNT_MC_INJURED,PRIMARY_RAMP,SECONDARY_RAMP,LATITUDE,LONGITUDE,COUNTY,CITY,POINT_X,POINT_Y
91194080,2020,2020-02-26,9135,2020-02-25,0800,016087,,2,1,9,4500,0,1,3,,1,302,"HAPPY VALLEY RD.","ANDREA WAY",65.00,N,N,A,-,N,,,,,,,,,,Y,3,0,3,1,A,-,08,22107,,N,E,I,A,A,H,-,A,D,0,,,,,Y,,A,01,0,2,1,0,0,0,0,0,0,"- ","- ",40.460838317871094,-122.40074920654297,SHASTA,UNINCORPORATED,-122.40079498291016,40.460735321044922
91200127,2020,2020-03-02,9135,2020-02-21,1715,020361,,5,2,9,4500,0,1,3,,1,302,"SR-273 S/B","WHITE HOUSE DR",108.00,N,N,A,-,Y,,,273,,,,,,S,N,3,0,1,2,A,-,08,22107,,N,B,C,A,A,H,-,A,D,0,,,,,Y,,E,22,0,1,0,0,0,0,0,0,0,"- ","- ",40.498161315917969,-122.37142181396484,SHASTA,UNINCORPORATED,-122.37139892578125,40.498191833496094
91200142,2020,2020-03-02,9135,2020-02-22,1705,019111,,6,2,9,4500,0,3,5,,2,003,"TEXAS SPRINGS RD","HONEYBEE RD",0.00,,Y,A,-,N,,,,,,,,,,N,2,0,1,1,A,-,03,22350,,N,F,A,A,A,B,-,B,D,0,,,Y,,Y,,C,02,1,0,0,0,0,0,0,0,1,"- ","- ",40.509140014648438,-122.44695281982422,SHASTA,UNINCORPORATED,-122.44676971435547,40.509029388427734
91200475,2020,2020-03-03,9135,2020-02-25,1705,019111,,2,2,5,4502,0,1,3,,2,040,"SR-44 E/B","SUNDIAL BRIDGE DR",350.00,E,N,A,-,Y,,,,,,,,,,Y,3,0,1,2,A,-,01,23152,A,N,D,D,A,A,H,-,A,D,0,,,,,Y,Y,A,01,0,1,0,0,0,0,0,0,0,"- ","- ",40.586101531982422,-123.37713623046875,SHASTA,REDDING,-122.37717437744141,40.586441040039062
91200915,2020,2020-03-03,9135,2020-02-27,1825,018133,,4,2,9,4500,0,1,3,,2,402,SR-44,"BRUSH CREEK LANE",165.00,W,N,A,-,Y,,,,,,,,,,Y,2,0,2,1,C,-,18,,,N,H,H,A,A,H,-,D,D,0,,,Y,,Y,,-,"- ",2,0,0,0,0,0,0,0,2,"- ","- ",40.495121002197266,-122.86698150634766,SHASTA,UNINCORPORATED,-121.86688232421875,40.495151519775391
91204063,2020,2020-03-09,9135,2020-02-27,1605,018133,,4,2,9,4500,0,3,5,,2,001,"IRON MTN RD","ROCK CREEK RD.",250.00,S,N,A,-,N,,,,,,,,,,Y,3,0,1,1,A,-,03,22350,,N,F,A,A,A,H,-,A,D,0,,,,,Y,,A,07,0,1,0,0,0,0,0,0,0,"- ","- ",40.623661041259766,-122.46602630615234,SHASTA,UNINCORPORATED,-122.466064453125,40.623722076416016
91204321,2020,2020-03-09,9135,2020-02-28,1958,018174,,5,2,9,4500,0,1,3,,1,201,"SR-299 E/B","DESCHUTES RD",2112.00,W,N,A,-,Y,,,299,,,,,,E,Y,3,0,1,1,A,-,08,22107,,N,E,J,A,A,H,-,D,D,0,,,,,Y,,A,07,0,1,0,0,0,0,0,0,0,"- ","- ",40.63623046875,-122.24929046630859,SHASTA,UNINCORPORATED,-122.24929809570312,40.636241912841797
91205264,2020,2020-03-10,9135,2020-03-04,1340,019101,,3,1,9,4500,0,3,5,,2,003,"PLATINA RD","SPENCER LN",20.00,E,N,A,-,N,,,,,,,,,,Y,3,0,1,1,A,-,08,22107,,N,E,I,A,A,H,-,A,D,0,,,,,Y,,A,01,0,1,0,0,0,0,0,0,0,"- ","- ",40.482288360595703,-122.57566833496094,SHASTA,UNINCORPORATED,-122.57592010498047,40.482208251953125
91205299,2020,2020-03-10,9135,2020-03-06,0732,016424,,5,1,9,4500,0,1,3,,2,020,"STATE ROUTE-299",INTERSTATE-5,1584.00,E,N,B,-,Y,,,,,,,,,,Y,2,0,1,1,A,-,08,22107,,N,E,I,A,A,H,-,A,D,0,,,,,Y,,A,07,1,0,0,0,0,0,0,0,0,"- ","- ",40.613491058349609,-122.35745239257812,SHASTA,UNINCORPORATED,-121.43482208251953,41.010860443115234
91208059,2020,2020-03-13,9135,2020-03-04,1611,018021,,3,2,9,4500,0,3,5,,2,002,"OLD OREGON TRL",SR-299,175.00,N,N,A,-,N,,,,,,,,,,Y,3,0,1,2,A,-,09,21801,A,N,A,C,A,A,H,-,A,D,0,,,,,Y,,D,22,0,1,0,0,0,0,0,0,0,"- ","- ",40.621448516845703,-122.31897735595703,SHASTA,UNINCORPORATED,-122.31893920898438,40.621417999267578
91209533,2020,2020-03-17,9135,2020-03-12,0745,014425,,4,1,5,4502,0,1,3,,1,401,"SR-44 E/B",I-5,1700.00,W,N,A,-,Y,,,44,,,,,,E,Y,4,0,1,3,A,-,03,22350,,N,C,C,A,A,H,-,A,D,0,,,,,Y,,A,01,0,0,1,0,0,0,0,0,0,"- ","- ",40.585769653320312,-122.36720275878906,SHASTA,REDDING,-122.36720275878906,40.585769653320312
91210714,2020,2020-03-18,9135,2020-03-14,1230,018890,,6,1,9,4500,0,1,1,,2,053,"I-5 S/B","RIVERSIDE AVE.",6864.00,N,N,B,F,Y,,,5,,,,,,S,Y,3,0,1,1,A,-,08,22107,,N,E,I,A,C,H,-,A,D,0,,,,,Y,,D,22,0,1,0,0,0,0,0,0,0,"- ","- ",40.483489990234375,-122.32261657714844,SHASTA,UNINCORPORATED,-122.32260131835938,40.483509063720703
91211060,2020,2020-03-18,9135,2020-03-09,0640,018021,,1,1,9,4500,0,3,5,,2,003,"LOCUST ROAD","TREFOIL LN",0.00,,Y,A,-,N,,,,,,,,,,Y,4,0,1,2,A,-,09,21802,A,N,D,C,A,A,H,-,D,D,0,,,,,Y,,D,22,0,0,1,0,0,0,0,0,0,"- ","- ",40.396610260009766,-122.27394104003906,SHASTA,UNINCORPORATED,-122.27395629882812,40.396591186523438
91211142,2020,2020-03-18,9135,2020-03-13,1255,014425,,5,1,9,4500,0,1,3,,2,402,SR-44,"MILLVILLE PLAINS ROAD",0.00,,Y,A,-,Y,,,44,,,,,,,Y,4,0,3,3,A,-,09,21802,A,N,D,C,A,A,H,-,A,D,0,,,,,Y,,D,22,0,0,3,0,0,0,0,0,0,"- ","- ",40.538398742675781,-122.17424011230469,SHASTA,UNINCORPORATED,-122.17424011230469,40.538410186767578
91212208,2020,2020-03-19,9135,2020-02-21,2343,018174,,5,3,5,4502,0,2,S,,2,901,"CAMPERS CT",SR-299,792.00,S,N,A,-,N,,,,,,,,,,Y,3,0,2,2,A,-,01,23152,F,N,A,C,A,A,H,-,D,D,0,,,,,Y,,A,01,0,1,1,0,0,0,0,0,0,"- ","- ",40.609539031982422,-122.36537933349609,SHASTA,REDDING,,
91214286,2020,2020-03-23,9135,2020-03-15,1633,018133,,7,2,9,4500,0,1,1,,2,056,"I-5 N/B","ANTLERS BRIDGE",500.00,N,N,B,D,Y,,,5,,,,,,N,Y,4,0,3,6,A,-,03,22350,,N,C,C,A,C,H,-,A,D,0,,,,,Y,,D,22,0,0,3,0,0,0,0,0,0,"- ","- ",40.878341674804688,-122.37635803222656,SHASTA,UNINCORPORATED,-122.37629699707031,40.878604888916016
91214693,2020,2020-03-24,9135,2020-03-21,1845,018777,,6,2,9,4500,0,1,3,,2,605,SR-89,SR-44,3696.00,N,N,A,-,Y,,,89,,,,,,,Y,3,0,1,1,A,-,08,22107,,N,E,I,A,A,H,-,D,D,0,,,,,Y,,D,22,0,1,0,0,0,0,0,0,0,"- ","- ",40.704898834228516,-121.41844177246094,SHASTA,UNINCORPORATED,-121.41841125488281,40.704910278320312
91214975,2020,2020-03-24,9135,2020-01-03,1350,019101,,5,1,9,4500,0,1,3,,1,201,SR-299,"SUGAR PINE CAMP RD",15840.00,E,N,A,-,Y,,,299,,,,,,,Y,1,1,0,2,A,-,05,21460,A,N,A,C,A,A,H,-,A,D,0,,,,Y,Y,,D,22,0,0,0,0,0,0,0,0,0,"- ","- ",40.746101379394531,-122.06253814697266,SHASTA,UNINCORPORATED,-122.06253814697266,40.746097564697266
91215504,2020,2020-03-25,9135,2020-03-23,1610,016513,,1,2,9,4500,0,1,1,,2,054,"I-5 S/B","KNIGHTON RD",2640.00,N,N,C,-,Y,,,,,,,,,,Y,4,0,2,1,A,-,08,22107,,N,E,I,A,B,H,-,A,D,0,,,,,Y,,A,01,0,0,2,0,0,0,0,0,0,"- ","- ",,,SHASTA,UNINCORPORATED,-122.34249877929688,40.511985778808594
91218590,2020,2020-03-30,9135,2020-03-21,1422,019111,,6,2,9,4500,0,3,5,,2,003,"OLINDA ROAD","HAPPY VALLEY ROAD",5808.00,E,N,A,-,N,,,,,,,,,,Y,2,0,1,1,A,-,03,22350,,N,E,I,A,A,H,-,A,D,0,,,Y,,Y,,C,02,1,0,0,0,0,0,0,0,1,"- ","- ",40.439048767089844,-122.38585662841797,SHASTA,UNINCORPORATED,-122.38673400878906,40.439014434814453
91218849,2020,2020-03-30,9135,2020-03-27,1945,018133,,5,2,9,4500,0,3,5,,2,003,"SECLUDED VALLEY DR","VISTA KNOLLS DR.",950.00,S,N,A,-,N,,,,,,,,,,Y,3,0,1,1,A,-,08,22107,,N,E,I,A,A,H,-,D,D,0,,,,,Y,,A,07,0,1,0,0,0,0,0,0,0,"- ","- ",40.522029876708984,-122.49665069580078,SHASTA,UNINCORPORATED,-122.49674987792969,40.521995544433594
91219306,2020,2020-04-01,9135,2020-03-27,1140,017428,,5,1,9,4500,0,3,5,,2,002,"SALMON CREEK RD.","OLD ALTURAS RD",1056.00,S,N,A,B,N,,,,,,,,,,Y,3,0,1,1,A,-,08,22107,,N,E,I,A,A,H,-,A,D,0,,,,,Y,,A,01,0,1,0,0,0,0,0,0,0,"- ","- ",40.586780548095703,-122.29691314697266,SHASTA,UNINCORPORATED,-122.29692077636719,40.586559295654297
91219905,2020,2020-04-08,9135,2020-03-20,1425,019030,,5,2,9,4500,0,3,5,,2,002,"WHITMORE RD","EMERALD WOODS LN",509.00,E,N,A,-,N,,,,,,,,,,Y,4,0,3,1,A,-,08,22107,,N,E,I,A,A,H,-,A,D,0,,,,,Y,,A,07,0,0,3,0,0,0,0,0,0,"- ","- ",40.626861572265625,-121.91892242431641,SHASTA,UNINCORPORATED,-121.91895294189453,40.626876831054688
91219969,2020,2020-10-05,9135,2020-03-01,0500,016424,,7,3,9,4500,0,1,1,,2,055,"I-5 N/B TO SR-151 W/B","CASCADE BOULEVARD",1056.00,S,N,A,-,Y,,,5,,,,R,,N,Y,1,1,0,1,A,-,01,23152,A,N,E,I,A,A,H,-,D,D,0,,,,,Y,Y,A,01,0,0,0,0,0,0,0,0,0,"- ","- ",40.676860809326172,-122.34803771972656,SHASTA,UNINCORPORATED,-122.34803771972656,40.676860809326172
91223225,2020,2020-04-08,9135,2020-03-31,1332,019111,,2,1,5,4502,0,1,1,,2,054,"I-5 S/B FROM S. BONNYVIEW RD.","SUNNYHILL LANE",373.00,S,N,A,-,Y,,,5,,,,R,,S,Y,3,0,1,1,A,-,01,23152,A,N,E,I,A,A,H,-,A,D,0,,,,,Y,Y,D,22,0,1,0,0,0,0,0,0,0,"- ","- ",40.536418914794922,-122.35090637207031,SHASTA,REDDING,-122.35090637207031,40.536418914794922
91225272,2020,2020-04-14,9135,2020-04-04,1850,019257,,6,2,9,4500,0,3,5,,2,004,"BALLS FERRY ROAD","DAVEY WAY",35.00,E,N,C,-,N,,,,,,,,,,Y,3,0,1,1,A,-,01,23152,A,N,E,I,A,B,H,-,A,D,0,,,,,Y,Y,A,07,0,1,0,0,0,0,0,0,0,"- ","- ",40.271869659423828,-122.16269683837891,SHASTA,UNINCORPORATED,-122.27409362792969,40.455219268798828
91227409,2020,2020-05-05,9135,2020-04-14,0120,016790,,2,3,9,4500,0,1,3,,1,201,SR-299,"CLASSIC MEADOW PL",123.00,W,N,A,-,Y,,,,,,,,,,Y,3,0,1,1,A,-,01,23152,A,N,E,I,A,A,H,-,D,D,0,,,,,Y,Y,A,07,0,1,0,0,0,0,0,0,0,"- ","- ",,,SHASTA,UNINCORPORATED,-122.19263458251953,40.660961151123047
91227770,2020,2020-04-20,9135,2020-04-15,1638,014761,,3,2,9,4500,0,1,1,,2,056,"INTERSTATE-5  (NORTHBOUND)","RIVERVIEW DRIVE",4752.00,N,N,A,-,Y,,,5,,,,,,,Y,3,0,1,2,A,-,01,23152,A,N,B,C,A,A,H,-,A,A,0,,,,Y,Y,Y,D,22,0,1,0,0,0,0,0,0,0,"- ","- ",40.919689178466797,-122.39861297607422,SHASTA,UNINCORPORATED,-122.39862060546875,40.919681549072266
91228899,2020,2020-04-23,9135,2020-04-18,1420,019257,,6,2,9,4500,0,3,5,,2,003,"HAPPY VALLEY ROAD","MAJESTIC VIEW DRIVE",10.00,W,N,A,-,N,,,,,,,,,,Y,4,0,1,2,A,-,05,21460,A,N,B,C,A,A,H,-,A,D,0,,,,,Y,,A,07,0,0,1,0,0,0,0,0,0,"- ","- ",40.294239044189453,-122.22451782226562,SHASTA,UNINCORPORATED,-122.37921905517578,40.484607696533203
91231225,2020,2020-05-07,9135,2020-04-17,2059,018174,,5,2,9,4500,0,1,3,,1,401,"SR-44 E/B  (29529 BLOCK)","MILLER RANCH RD",1056.00,E,N,A,-,Y,,,44,,,,,,E,Y,2,0,1,1,A,-,03,22350,,N,E,J,A,A,H,-,D,D,0,,,,,Y,,A,01,1,0,0,0,0,0,0,0,0,"- ","- ",40.509929656982422,-121.95387268066406,SHASTA,UNINCORPORATED,-121.953857421875,40.510082244873047
91232862,2020,2020-05-01,9135,2020-04-25,1634,018133,,6,2,9,4500,0,3,5,,2,001,"ROCK CREEK RD.","IRON MOUNTAIN RD",1584.00,W,N,A,-,N,,,,,,,,,,Y,2,0,1,1,A,-,01,23152,A,N,F,A,A,A,H,-,A,D,0,,,Y,,Y,Y,C,02,1,0,0,0,0,0,0,0,1,"- ","- ",40.621089935302734,-122.46621704101562,SHASTA,UNINCORPORATED,-122.46627807617188,40.621051788330078
91233124,2020,2020-05-04,9135,2020-04-26,0737,018021,,7,1,9,4500,0,3,5,,2,003,"CHURN CREEK RD","MOJO LANE",2.00,N,N,A,-,N,,,,,,,,,,Y,4,0,1,1,A,-,08,22107,,N,E,I,A,A,H,-,A,D,0,,,,,Y,,D,22,0,0,1,0,0,0,0,0,0,"- ","- ",40.512870788574219,-122.33364868164062,SHASTA,UNINCORPORATED,-122.33358764648438,40.512866973876953
91236467,2020,2020-05-12,9135,2020-05-05,1305,019257,,2,1,9,4500,0,1,3,,1,401,"STATE ROUTE 44","OLD 44 DRIVE",0.00,,Y,A,-,Y,,,,,,,,,,Y,3,0,2,2,A,-,09,21802,A,N,D,C,A,A,H,-,A,D,0,,,,,Y,,A,01,0,2,0,0,0,0,0,0,0,"- ","- ",40.321830749511719,-122.10273742675781,SHASTA,UNINCORPORATED,-122.17426300048828,40.538440704345703
91236486,2020,2020-05-12,9135,2020-05-02,0020,017698,,6,3,9,4500,0,1,1,,2,053,"N/B I-5 TO GAS POINT ROAD","GAS POINT ROAD",528.00,S,N,A,-,Y,,,5,,,,R,,,Y,2,0,1,1,A,-,08,22107,,N,E,I,A,A,H,-,C,D,0,,,,,Y,,D,22,1,0,0,0,0,0,0,0,0,"- ","- ",40.388240814208984,-122.28453063964844,SHASTA,UNINCORPORATED,-122.28453063964844,40.388240814208984
91236809,2020,2020-05-12,9135,2020-04-27,1155,016424,,1,1,9,4500,0,3,5,,2,002,"WHITMORE ROAD","FERN ROAD",3696.00,E,N,A,-,N,,,,,,,,,,Y,2,0,2,1,A,-,01,23152,A,N,F,A,A,A,H,-,A,D,0,,,,,Y,Y,A,07,1,1,0,0,0,0,0,0,0,"- ","- ",40.621891021728516,-121.97924041748047,SHASTA,UNINCORPORATED,-121.98009490966797,40.621952056884766
91238807,2020,2020-05-18,9135,2020-05-15,2243,016191,,5,3,9,4500,0,3,5,,2,001,"SR-151 W/B","LAKE BLVD.",1584.00,W,N,A,-,Y,,,151,,,,,,W,N,2,0,1,1,A,-,08,22107,,N,F,A,A,A,H,-,D,D,0,,,Y,,Y,,C,02,1,0,0,0,0,0,0,0,1,"- ","- ",40.690319061279297,-122.41574859619141,SHASTA,UNINCORPORATED,-122.41574859619141,40.690258026123047
91238815,2020,2020-05-18,9135,2020-05-14,0645,016087,,4,1,9,4500,0,3,5,,2,003,"SR-273 N/B","LATONA RD.",0.00,,Y,B,-,Y,,,273,,,,,,N,Y,3,0,2,2,A,-,09,21801,A,N,D,C,A,A,H,-,A,D,0,,,,,Y,,D,22,0,2,0,0,0,0,0,0,0,"- ","- ",40.481208801269531,-122.34626770019531,SHASTA,UNINCORPORATED,-122.34625244140625,40.481239318847656
91240641,2020,2020-05-21,9135,2020-05-15,2224,017428,,5,3,9,4500,0,1,1,,2,055,"I-5 N/B","TWIN VIEW RD.",528.00,N,N,B,-,Y,,,,,,,,,,Y,4,0,2,2,A,-,07,21658,A,N,B,C,A,A,H,-,C,D,0,,,,,Y,,D,22,0,0,2,0,0,0,0,0,0,"- ","- ",40.624969482421875,-122.36704254150391,SHASTA,UNINCORPORATED,-122.36681365966797,40.624416351318359
91242128,2020,2020-05-26,9135,2020-05-22,1500,019257,,5,2,5,4502,0,1,3,,2,040,"STATE ROUTE 44 E/B","INTERSTATE 5 O/C",800.00,W,N,A,-,Y,,,,,,,,,,Y,4,0,2,2,A,-,03,22350,,N,C,C,A,A,H,-,A,D,0,,,,,Y,,A,01,0,0,2,0,0,0,0,0,0,"- ","- ",40.357830047607422,-122.21492004394531,SHASTA,REDDING,-122.36361694335938,40.585514068603516
91242503,2020,2020-11-02,9135,2020-05-17,1715,019257,,7,2,9,4500,0,1,3,,2,402,"STATE ROUTE 44","ULICA POLSKIE JODLY WAHL PVT",39.00,W,N,C,-,Y,,,,,,,,,,Y,2,0,2,1,A,-,03,22350,,N,E,I,A,B,H,-,A,D,0,,,,,Y,,A,01,1,1,0,0,0,0,0,0,0,"- ","- ",40.305431365966797,-121.48349761962891,SHASTA,UNINCORPORATED,,
91245470,2020,2020-06-01,9135,2020-05-22,1410,020361,,5,2,9,4500,0,1,3,,1,401,SR-44,"BROKEOFF MEADOWS RD",786.00,W,N,A,-,N,,,44,,,,,,,Y,2,0,1,1,A,-,08,22107,,N,E,I,A,A,H,-,A,D,0,,,,,Y,,D,22,1,0,0,0,0,0,0,0,0,"- ","- ",40.518409729003906,-121.68515014648438,SHASTA,UNINCORPORATED,-121.68513488769531,40.518264770507812
91250019,2020,2020-06-10,9135,2020-06-09,0900,016672,,2,1,9,4500,0,3,5,,2,002,"WHISKEYTOWN-SHASTA-TRINITY NAT FOREST","INTERSTATE 5 N/B",4242.00,E,N,A,-,N,,,,,,,,,,Y,3,0,1,1,B,-,22,,,N,F,A,A,A,H,-,A,D,0,,,,Y,Y,,F,26,0,1,0,0,0,0,0,0,0,"- ","- ",40.753780364990234,-122.30634307861328,SHASTA,UNINCORPORATED,,
91250403,2020,2020-06-10,9135,2020-06-09,1049,018433,,2,1,5,4502,0,1,1,,2,055,"I-5 N/B","SR-273 OVERCROSSING",0.00,,N,A,-,Y,,,,,,,,,,Y,4,0,1,1,A,-,08,22107,,N,E,I,A,A,H,-,A,D,0,,,,,Y,,A,01,0,0,1,0,0,0,0,0,0,"- ","- ",40.37506103515625,-122.22071075439453,SHASTA,REDDING,,
91251180,2020,2020-06-12,9135,2020-06-03,2250,017428,,3,3,9,4500,0,3,5,,2,001,"IRON MOUNTAIN RD","ROCK CREEK BR. (#06C0022)",75.00,S,N,A,-,N,,,,,,,,,,Y,4,0,1,1,A,-,01,23152,A,N,E,I,A,A,H,-,D,D,0,,,,,Y,Y,A,01,0,0,1,0,0,0,0,0,0,"- ","- ",40.6131591796875,-122.45990753173828,SHASTA,UNINCORPORATED,-122.46612548828125,40.624191284179688
91251196,2020,2020-06-12,9135,2020-06-08,2041,017428,,1,2,5,4502,0,2,S,,2,901,"BUENAVENTURA BLVD.","CAL ORE DR.",20.00,N,N,A,-,N,,,,,,,,,,Y,2,0,2,1,A,-,01,23152,A,N,E,I,A,A,H,-,A,D,0,,,,,Y,Y,A,01,1,0,1,0,0,0,0,0,0,"- ","- ",40.578800201416016,-122.42423248291016,SHASTA,REDDING,-122.42438507080078,40.578750610351562
91253047,2020,2020-06-17,9135,2020-06-10,0810,015627,,3,1,9,4500,0,1,3,,2,602,SR-299,"PINE STREET",0.00,,Y,A,-,Y,,,299,,,,,,,Y,4,0,2,2,A,-,09,21801,A,N,D,C,A,A,H,-,A,D,0,,,,,Y,,A,07,0,0,2,0,0,0,0,0,0,"- ","- ",40.880088806152344,-121.67395782470703,SHASTA,UNINCORPORATED,-121.67396545410156,40.880096435546875
91253113,2020,2020-06-17,9135,2020-06-14,1030,016424,,7,1,9,4500,0,3,5,,2,002,"OAK RUN TO FERN ROAD","PHILLIPS ROAD",0.00,,Y,A,-,N,,,,,,,,,,N,2,0,1,2,A,-,09,21801,A,N,A,G,A,A,H,-,A,D,0,,Y,,,Y,,D,22,1,0,0,0,0,0,1,0,0,"- ","- ",40.712051391601562,-121.95216369628906,SHASTA,UNINCORPORATED,-121.94504000000001,40.71123
91253869,2020,2020-06-18,9135,2020-06-16,0040,018388,,2,3,9,4500,0,1,3,,2,040,"WHITMORE RD","FERN RD",23760.00,W,N,A,-,N,,,,,,,,,,N,3,0,1,1,C,-,18,,,N,H,H,A,A,H,-,D,D,0,,,Y,,Y,,-,"- ",0,1,0,0,0,0,0,0,1,"- ","- ",40.597408294677734,-122.06916809082031,SHASTA,UNINCORPORATED,-122.06709289550781,40.598594665527344
91259192,2020,2020-06-26,9135,2020-06-25,0855,016480,,4,1,9,4500,0,1,3,,2,603,SR-299,"MCARTHUR RD.",167.00,E,N,A,-,Y,,,299,,,,,,,N,4,0,1,2,A,-,08,22107,,N,D,E,A,A,H,-,A,D,0,,,,,Y,,D,22,0,0,1,0,0,0,0,0,0,"- ","- ",41.050041198730469,-121.40239715576172,SHASTA,UNINCORPORATED,-121.40239715576172,41.049945831298828
91260589,2020,2020-06-30,9135,2020-06-21,1350,019030,,7,1,9,4500,0,1,1,,2,056,"I-5 S/B","ANTLERS BRIDGE",178.00,S,N,A,-,Y,,,5,,,,,,S,Y,3,0,1,1,A,-,08,22107,,N,F,A,A,A,H,-,A,D,0,,,,Y,Y,,G,25,0,1,0,0,0,0,0,0,0,"- ","- ",40.878318786621094,-122.37693786621094,SHASTA,UNINCORPORATED,-122.37691497802734,40.878566741943359
91261773,2020,2020-07-01,9135,2020-06-24,1953,019030,,3,2,5,4502,0,1,3,,1,401,SR-44,"OAK TERRACE LN",135.00,W,N,A,-,Y,,,,,,,,,,Y,3,0,1,1,A,-,08,22107,,N,F,A,A,A,H,-,A,D,0,,,,,Y,,D,22,0,1,0,0,0,0,0,0,0,"- ","- ",40.534038543701172,-122.14173889160156,SHASTA,REDDING,-122.14168548583984,40.534076690673828
91264039,2020,2020-07-06,9135,2020-06-25,0230,017428,,4,3,9,4500,0,3,5,,2,002,"OAK RUN TO FERN RD","VAN LN",146.00,W,N,A,-,N,,,,,,,,,,Y,4,0,1,1,A,-,08,22107,,N,E,I,A,A,H,-,D,D,0,,,,,Y,,E,22,0,0,1,0,0,0,0,0,0,"- ","- ",40.691478729248047,-122.01464080810547,SHASTA,UNINCORPORATED,-122.01442,40.691443999999997
91264478,2020,2020-07-07,9135,2020-07-02,1225,16461,,4,1,9,4500,0,3,5,,2,003,"GAS POINT RD","MAJESTIC OAK CIR",79.00,E,N,A,-,N,,,,,,,,,,Y,4,0,1,1,A,-,08,22107,,N,E,I,A,A,H,-,A,D,0,,,,,Y,,A,01,0,0,1,0,0,0,0,0,0,"- ","- ",40.389720916748047,-122.35205078125,SHASTA,UNINCORPORATED,-122.35681915283203,40.389625549316406
91264488,2020,2020-07-07,9135,2020-07-03,0007,018174,,5,3,9,4500,0,3,5,,2,002,"OLD 44 DR","VIA LINDA DR",1056.00,W,N,A,-,N,,,,,,,,,,Y,2,0,1,1,A,-,08,22107,,N,E,I,A,A,H,-,D,D,0,,,Y,,Y,,C,02,1,0,0,0,0,0,0,0,1,"- ","- ",40.563350677490234,-122.24903106689453,SHASTA,UNINCORPORATED,-122.24903869628906,40.563190460205078
91264496,2020,2020-07-07,9135,2020-07-04,1055,016672,,6,1,9,4500,0,3,5,,2,002,"OAK RUN TO FERN RD","MURPHY LN",27.00,E,N,A,-,N,,,,,,,,,,N,3,0,1,1,A,-,08,22107,,N,F,A,A,A,H,-,A,D,0,,,Y,,Y,,C,02,0,1,0,0,0,0,0,0,1,"- ","- ",40.684841156005859,-122.03079986572266,SHASTA,UNINCORPORATED,-122.030878,40.684798000000001
91264564,2020,2020-07-07,9135,2020-07-01,2135,018388,,3,2,9,4500,0,3,5,,2,004,"DERSCH RD","PARKVILLE RD",250.00,E,N,A,-,N,,,,,,,,,,Y,3,0,2,1,A,-,08,22107,,N,E,I,A,A,H,-,D,D,0,,,,,Y,Y,A,01,0,1,1,0,0,0,0,0,0,"- ","- ",40.475330352783203,-122.18994140625,SHASTA,UNINCORPORATED,-122.18998718261719,40.475372314453125
91265753,2020,2020-07-09,9135,2020-06-29,1920,019257,,1,2,9,4500,0,1,1,,2,053,"INTERSTATE 5 NORTHBOUND","RIVERSIDE AVENUE",4752.00,N,N,A,-,Y,,,,,,,,,,Y,4,0,2,2,A,-,03,22350,,N,C,C,A,A,D,-,A,D,0,,,,,Y,,A,01,0,0,2,0,0,0,0,0,0,"- ","- ",40.284221649169922,-122.19185638427734,SHASTA,UNINCORPORATED,-122.31776428222656,40.47894287109375