CASE_ID,ACCIDENT_YEAR,PROC_DATE,JURIS,COLLISION_DATE,COLLISION_TIME,OFFICER_ID,REPORTING_DISTRICT,DAY_OF_WEEK,CHP_SHIFT,POPULATION,CNTY_CITY_LOC,SPECIAL_COND,BEAT_TYPE,CHP_BEAT_TYPE,CITY_DIVISION_LAPD,CHP_BEAT_CLASS,BEAT_NUMBER,PRIMARY_RD,SECONDARY_RD,DISTANCE,DIRECTION,INTERSECTION,WEATHER_1,WEATHER_2,STATE_HWY_IND,CALTRANS_COUNTY,CALTRANS_DISTRICT,STATE_ROUTE,ROUTE_SUFFIX,POSTMILE_PREFIX,POSTMILE,LOCATION_TYPE,RAMP_INTERSECTION,SIDE_OF_HWY,TOW_AWAY,COLLISION_SEVERITY,NUMBER_KILLED,NUMBER_INJURED,PARTY_COUNT,PRIMARY_COLL_FACTOR,PCF_CODE_OF_VIOL,PCF_VIOL_CATEGORY,PCF_VIOLATION,PCF_VIOL_SUBSECTION,HIT_AND_RUN,TYPE_OF_COLLISION,MVIW,PED_ACTION,ROAD_SURFACE,ROAD_COND_1,ROAD_COND_2,LIGHTING,CONTROL_DEVICE,CHP_ROAD_TYPE,PEDESTRIAN_ACCIDENT,BICYCLE_ACCIDENT,MOTORCYCLE_ACCIDENT,TRUCK_ACCIDENT,NOT_PRIVATE_PROPERTY,ALCOHOL_INVOLVED,STWD_VEHTYPE_AT_FAULT,CHP_VEHTYPE_AT_FAULT,COUNT_SEVERE_INJ,COUNT_VISIBLE_INJ,COUNT_COMPLAINT_PAIN,COUNT_PED_KILLED,COUNT_PED_INJURED,COUNT_BICYCLIST_KILLED,COUNT_BICYCLIST_INJURED,COUNT_MC_KILLED,COUNT_MC_INJURED,PRIMARY_RAMP,SECONDARY_RAMP,LATITUDE,LONGITUDE,COUNTY,CITY,POINT_X,POINT_Y
91336434,2020,2020-11-02,9135,2020-10-25,0050,020361,,7,3,9,4500,0,3,5,,2,004,"MAIN STREET","4TH STREET",0.00,,Y,A,-,N,,,,,,,,,,Y,3,0,2,2,A,-,01,23152,A,N,D,C,A,A,H,-,C,A,0,,,,,Y,Y,D,22,0,1,1,0,0,0,0,0,0,"- ","- ",40.389259338378906,-122.28102874755859,SHASTA,UNINCORPORATED,-122.28102111816406,40.389350891113281
9133747,2020,2020-09-23,4501,2020-07-15,0714,223,A02,3,5,2,4501,0,0,0,,0,002,"NORTH ST","STINGY LN",410.00,W,N,A,-,N,,,,,,,,,,Y,2,0,2,1,A,-,00,23153,F,N,E,I,A,A,H,-,A,D,0,,,,,Y,,A,08,2,0,0,0,0,0,0,0,0,"- ","- ",40.465469360351562,-122.29573059082031,SHASTA,ANDERSON,-122.29573822021484,40.465431213378906
9133811,2020,2020-09-01,4501,2020-06-15,1245,225,A01,1,5,2,4501,0,0,0,,0,A01,"MCMURRY DR","BALLS FERRY RD",75.00,N,N,B,-,N,,,,,,,,,,N,4,0,3,2,A,-,03,22350,,N,C,C,A,A,H,-,A,A,0,,,,,Y,,A,01,0,0,3,0,0,0,0,0,0,"- ","- ",,,SHASTA,ANDERSON,-122.29062652587891,40.452751159667969
91339662,2020,2020-11-04,9135,2020-10-29,1653,018829,,4,2,9,4500,0,3,5,,2,002,"OAK RUN ROAD","10008 OAK RUN ROAD",50.00,W,N,A,-,N,,,,,,,,,,Y,3,0,1,1,A,-,01,23152,A,N,E,I,A,A,H,-,A,D,0,,,,,Y,Y,A,07,0,1,0,0,0,0,0,0,0,"- ","- ",40.578300476074219,-122.18270111083984,SHASTA,UNINCORPORATED,,
91342085,2020,2020-11-09,9135,2020-10-27,1730,017698,,2,2,9,4500,0,3,5,,2,003,"HAPPY VALLEY ROAD","HAWTHORNE ROAD",125.00,S,N,A,-,N,,,,,,,,,,N,3,0,1,2,A,-,05,21460,A,N,B,C,A,A,H,-,A,D,0,,,,,Y,,A,07,0,1,0,0,0,0,0,0,0,"- ","- ",40.477439880371094,-122.39739227294922,SHASTA,UNINCORPORATED,-122.39735412597656,40.477588653564453
91342218,2020,2020-11-09,9135,2020-11-02,2230,019680,,1,3,9,4500,0,1,3,,2,602,"MISSOURI WAY","GROGAN ST",23.00,W,N,A,-,N,,,,,,,,,,Y,2,0,1,1,A,-,01,23152,A,N,E,I,A,A,H,-,D,D,0,,,,,Y,Y,A,01,1,0,0,0,0,0,0,0,0,"- ","- ",40.877399444580078,-121.66281890869141,SHASTA,UNINCORPORATED,-121.66272735595703,40.877651214599609
91342867,2020,2020-11-10,9135,2020-11-05,1015,014425,,4,1,9,4500,0,3,5,,2,004,"DERSCH ROAD","PARKVILLE ROAD",2640.00,E,N,A,-,N,,,,,,,,,,Y,3,0,1,1,A,-,08,22107,,N,E,I,A,A,H,-,A,D,0,,,,,Y,,D,23,0,1,0,0,0,0,0,0,0,"- ","- ",40.476600646972656,-122.18267059326172,SHASTA,UNINCORPORATED,-122.18170928955078,40.476413726806641
91345206,2020,2020-11-13,9146,2020-11-03,1005,015873,,2,1,9,4500,0,1,1,,2,013,"I-5 N/B",SIMS,528.00,N,N,A,-,Y,,,,,,,,,,Y,2,0,1,1,A,-,03,22350,,N,E,I,A,A,H,-,A,D,0,,,Y,,Y,,C,02,1,0,0,0,0,0,0,0,1,"- ","- ",,,SHASTA,UNINCORPORATED,-122.35720062255859,41.073116302490234
91345823,2020,2020-11-16,9135,2020-11-13,1745,018777,,5,2,9,4500,0,1,3,,2,604,SR-44,"LASSEN NATIONAL PARK",3168.00,E,N,D,-,Y,,,44,,,,,,,Y,3,0,1,1,A,-,08,22107,,N,E,I,A,C,H,-,D,D,0,,,,,Y,,A,01,0,1,0,0,0,0,0,0,0,"- ","- ",40.545169830322266,-121.57762145996094,SHASTA,UNINCORPORATED,-121.57762908935547,40.545169830322266
91345898,2020,2020-11-16,9135,2020-11-14,1000,019680,,6,1,9,4500,0,1,3,,2,605,"STATE HIGHWAY 89","CASSEL RD",475.00,N,N,A,-,Y,,,,,,,,,,Y,3,0,1,1,A,-,08,22107,,N,F,A,A,A,H,-,A,D,0,,,,,Y,,D,22,0,1,0,0,0,0,0,0,0,"- ","- ",41.521648406982422,-121.54788970947266,SHASTA,UNINCORPORATED,-121.56198883056641,40.878482818603516
91350319,2020,2020-11-20,9135,2020-11-18,0900,014425,,3,1,9,4500,0,1,3,,2,402,SR-44,"GREY RIDGE LANE",39.00,W,N,C,-,Y,,,,,,,,,,Y,3,0,1,1,A,-,08,22107,,N,E,I,A,B,H,-,A,D,0,,,,,Y,,A,01,0,1,0,0,0,0,0,0,0,"- ","- ",40.512699127197266,-122.07428741455078,SHASTA,UNINCORPORATED,-122.07456970214844,40.515201568603516
91351135,2020,2020-11-23,9135,2020-11-15,1008,019257,,7,1,2,4501,0,1,S,,2,901,"STATE ROUTE 273","BRIGGS STREET",0.00,,Y,A,-,Y,,,273,,,,,,,Y,4,0,1,2,A,-,09,21806,A,N,D,C,A,A,H,-,A,A,0,,,,,Y,,A,01,0,0,1,0,0,0,0,0,0,"- ","- ",40.454208374023438,-122.30708312988281,SHASTA,ANDERSON,-122.30707550048828,40.454212188720703
91353484,2020,2020-11-25,9135,2020-11-16,2215,016960,,1,3,9,4500,0,3,5,,2,003,"CLEAR CREEK ROAD","CLOVERDALE ROAD",0.00,,N,B,-,N,,,,,,,,,,Y,4,0,2,1,A,-,08,22107,,N,F,A,A,A,H,-,D,A,0,,,,,Y,,A,07,0,0,2,0,0,0,0,0,0,"- ","- ",40.491241455078125,-122.51637268066406,SHASTA,UNINCORPORATED,-122.51622009277344,40.492740631103516
91353529,2020,2020-11-25,9146,2020-11-13,0600,019711,,5,1,9,4500,0,1,1,,2,014,"SLATE CREEK RD","I-5 N/B",188.00,E,N,C,-,N,,,,,,,,,,N,2,0,1,3,A,-,08,22107,,N,G,B,F,B,G,-,D,D,0,Y,,,Y,Y,,G,25,1,0,0,0,1,0,0,0,0,"- ","- ",40.979228973388672,-122.43115997314453,SHASTA,UNINCORPORATED,,
91354354,2020,2020-11-26,9135,2020-10-23,1731,017428,,5,2,9,4500,0,1,3,,1,201,SR-299,"DU BOIS RD",1584.00,W,N,A,-,Y,,,,,,,,,,Y,2,0,2,2,A,-,05,21460,A,N,A,C,A,A,H,-,A,D,0,,,,,Y,,D,22,1,1,0,0,0,0,0,0,0,"- ","- ",40.450759887695312,-122.02516174316406,SHASTA,UNINCORPORATED,-122.04094696044922,40.751132965087891
91354357,2020,2020-11-26,9135,2020-11-24,1425,018890,,2,2,9,4500,0,1,3,,2,402,SR-44,"100 ROAD",1056.00,W,N,A,-,Y,,,44,,,,,,,Y,4,0,2,2,A,-,05,21460,A,N,D,C,A,A,H,-,A,D,0,,,,,Y,,D,22,0,0,2,0,0,0,0,0,0,"- ","- ",40.510349273681641,-121.94732666015625,SHASTA,UNINCORPORATED,-121.94732666015625,40.510265350341797
91356174,2020,2020-12-01,9135,2020-11-22,1837,017698,,7,2,9,4500,0,3,5,,2,004,"DERSCH ROAD","CLEAR VIEW ROAD",300.00,E,N,B,-,N,,,,,,,,,,Y,2,0,1,1,C,-,18,,,N,H,H,A,A,H,-,D,D,0,,,Y,,Y,,-,"- ",1,0,0,0,0,0,0,0,1,"- ","- ",40.480430603027344,-122.26351928710938,SHASTA,UNINCORPORATED,-122.26598358154297,40.480411529541016
91357233,2020,2020-12-02,9135,2020-11-29,2315,016960,,7,3,9,4500,0,3,5,,2,002,"OLD 44 DRIVE","SILVER BRIDGE RD",5280.00,E,N,A,-,N,,,,,,,,,,Y,4,0,1,1,A,-,08,22107,,N,E,I,A,A,H,-,D,A,0,,,,,Y,,A,08,0,0,1,0,0,0,0,0,0,"- ","- ",40.567459106445312,-122.20011138916016,SHASTA,UNINCORPORATED,-122.20163726806641,40.567413330078125
91360213,2020,2020-12-07,9135,2020-12-06,0840,016672,,7,1,9,4500,0,3,5,,2,002,"OLD 44 DRIVE","STILLWATER ROAD",1848.00,E,N,A,-,N,,,,,,,,,,Y,2,0,1,1,A,-,08,22107,,N,E,I,A,A,H,-,A,D,0,,,,,Y,,A,01,1,0,0,0,0,0,0,0,0,"- ","- ",40.564060211181641,-122.2696533203125,SHASTA,UNINCORPORATED,-122.27021789550781,40.563861846923828
91360224,2020,2020-12-07,9146,2020-11-30,1445,019430,,1,2,9,4500,0,1,1,,2,014,"I-5 S/B","GIBSON RD",30.00,S,N,A,-,Y,,,5,,,,,,S,N,4,0,1,2,A,-,08,22107,,N,C,C,A,A,H,-,A,D,0,,,,Y,Y,,D,22,0,0,1,0,0,0,0,0,0,"- ","- ",41.025459289550781,-122.396728515625,SHASTA,UNINCORPORATED,-122.39676666259766,41.025459289550781
91363102,2020,2020-12-10,9135,2020-12-08,1345,018388,,2,1,9,4500,0,1,1,,2,054,"I-5 S/B","BONNYVIEW RD",1584.00,S,N,A,-,Y,,,,,,,,,,Y,3,0,1,1,A,-,08,22107,,N,E,I,A,A,H,-,A,D,0,,,,,Y,,D,22,0,1,0,0,0,0,0,0,0,"- ","- ",40.572181701660156,-122.34945678710938,SHASTA,UNINCORPORATED,-122.34993743896484,40.534225463867188
91364876,2020,2020-12-14,9135,2020-12-05,1300,018174,,6,1,9,4500,0,3,5,,2,001,"LAKE BLVD","PINE GROVE AVE",0.00,,Y,A,-,N,,,,,,,,,,Y,3,0,1,1,A,-,01,23152,A,M,E,I,A,A,H,-,A,D,0,,,,,Y,Y,A,01,0,1,0,0,0,0,0,0,0,"- ","- ",40.662899017333984,-122.39617156982422,SHASTA,UNINCORPORATED,-122.39637999999999,40.662745999999999
91366404,2020,2020-12-14,9135,2020-12-05,0145,019111,,6,3,9,4500,0,3,5,,2,004,"AIRPORT RD","SKYWAY ST.",220.00,N,N,A,-,N,,,,,,,,,,Y,3,0,2,1,A,-,01,23152,A,N,E,I,A,A,H,-,C,D,0,,,,,Y,Y,A,01,0,1,1,0,0,0,0,0,0,"- ","- ",40.489479064941406,-122.29398345947266,SHASTA,UNINCORPORATED,-122.29369354248047,40.489219665527344
91367382,2020,2020-12-15,9135,2020-12-05,0138,017428,,6,3,9,4500,0,3,5,,2,002,"DESCHUTES ROAD","COLOMA DR.",315.00,S,N,A,-,N,,,,,,,,,,Y,4,0,2,1,A,-,01,23152,A,N,E,I,A,A,H,-,D,D,0,,,,,Y,Y,A,01,0,0,2,0,0,0,0,0,0,"- ","- ",40.586181640625,-122.23906707763672,SHASTA,UNINCORPORATED,-122.23899841308594,40.586196899414062
91368791,2020,2020-12-16,9135,2020-12-12,1700,019680,,6,2,9,4500,0,1,3,,2,602,"STATE HIGHWAY 299","CARBERRY FLAT RD.",634.00,E,N,B,-,Y,,,,,,,,,,Y,3,0,2,2,A,-,05,21650,,N,A,C,A,B,H,-,D,D,0,,,,,Y,,A,01,0,2,0,0,0,0,0,0,0,"- ","- ",,,SHASTA,UNINCORPORATED,,
91371934,2020,2020-12-21,9135,2020-12-13,2140,020361,,7,2,9,4500,0,3,5,,2,003,"RIVERLAND DR","KNIGHTON RD",60.00,S,N,B,-,N,,,,,,,,,,Y,4,0,1,1,A,-,01,23152,A,N,E,I,A,B,H,-,D,D,0,,,,,Y,Y,A,01,0,0,1,0,0,0,0,0,0,"- ","- ",40.505378723144531,-122.34028625488281,SHASTA,UNINCORPORATED,-122.34026336669922,40.505386352539062
91372114,2020,2020-12-21,9135,2020-12-19,1015,018133,,6,1,9,4500,0,3,5,,2,004,"BLACK BUTTE RD.","ALPINE WAY",1584.00,N,N,B,-,N,,,,,,,,,,N,3,0,1,1,A,-,03,22350,,N,F,A,A,B,H,-,A,D,0,,,Y,,Y,,C,02,0,1,0,0,0,0,0,0,1,"- ","- ",40.490501403808594,-122.99897766113281,SHASTA,UNINCORPORATED,-121.99948120117188,40.490306854248047
91374931,2020,2020-12-24,9135,2020-12-11,1800,019101,,5,2,9,4500,0,3,5,,2,004,"CHURN CREEK RD","PACHECO SCHOOL RD",380.00,N,N,B,C,N,,,,,,,,,,Y,3,0,3,2,A,-,01,23152,A,N,A,C,A,B,H,-,D,D,0,,,,,Y,Y,A,01,0,2,1,0,0,0,0,0,0,"- ","- ",40.506599426269531,-122.32422637939453,SHASTA,UNINCORPORATED,-122.32421112060547,40.506633758544922
91379967,2020,2021-01-04,9135,2020-12-30,1500,019680,,3,2,9,4500,0,1,3,,1,606,"STATE HIGHWAY 89","CLARK CREEK RD",10.00,N,N,A,-,Y,,,,,,,,,,Y,3,0,1,2,A,-,05,21460,A,N,D,C,A,A,H,-,A,D,0,,,,Y,Y,,A,01,0,1,0,0,0,0,0,0,0,"- ","- ",,,SHASTA,UNINCORPORATED,-121.63779449462891,41.050731658935547
91381705,2020,2021-01-06,9135,2020-12-29,2230,017428,,2,3,9,4500,0,1,3,,1,401,SR-44,"BASCOM RD.",2112.00,W,N,A,-,Y,,,44,,,,,,,Y,4,0,1,1,C,-,18,,,N,H,H,A,A,H,-,D,D,0,,,,,Y,,-,"- ",0,0,1,0,0,0,0,0,0,"- ","- ",40.534690856933594,-122.15106964111328,SHASTA,UNINCORPORATED,-122.15106964111328,40.53466796875
91384477,2021,2021-01-08,9146,2021-01-01,1000,015873,,5,1,9,4500,0,1,1,,2,014,"I-5 N/B","GIBSON RD.",4224.00,N,N,B,-,Y,,,,,,,,,,Y,4,0,1,1,A,-,08,22107,,N,E,I,A,A,H,-,A,D,0,,,,,Y,,A,01,0,0,1,0,0,0,0,0,0,"- ","- ",,,SHASTA,UNINCORPORATED,-122.40534973144531,41.015983581542969
91384652,2021,2021-01-11,9135,2021-01-02,1520,017428,,6,2,9,4500,0,3,5,,2,001,"KESWICK DAM RD","BAKER RD.",108.00,N,N,B,C,N,,,,,,,,,,Y,3,0,1,1,A,-,01,23152,A,N,E,I,A,B,H,-,A,D,0,,,,,Y,Y,D,22,0,1,0,0,0,0,0,0,0,"- ","- ",40.615699768066406,-122.42970275878906,SHASTA,UNINCORPORATED,-122.42987823486328,40.615932464599609
91385119,2021,2021-06-08,9135,2021-01-09,1200,018552,,6,1,9,4500,0,3,5,,2,003,"PLATINA RD","RAINBOW LAKE RD",89760.00,W,N,A,-,N,,,,,,,,,,N,4,0,1,1,A,-,08,22107,,N,E,I,A,A,H,-,A,D,0,,,Y,,Y,,C,02,0,0,1,0,0,0,0,0,1,"- ","- ",40.3779296875,-122.85041046142578,SHASTA,UNINCORPORATED,-122.84449768066406,40.37872314453125
91388112,2021,2021-01-15,9135,2021-01-08,1558,018829,,5,2,9,4500,0,3,5,,2,001,"IRON MOUNTAIN RD","MARKET STREET",0.00,,Y,A,-,N,,,,,,,,,,Y,4,0,2,2,A,-,12,22450,A,N,B,C,A,A,H,-,A,A,0,,,,,Y,,A,07,0,0,2,0,0,0,0,0,0,"- ","- ",40.619499206542969,-122.46369171142578,SHASTA,UNINCORPORATED,-122.46373748779297,40.619537353515625
91390726,2021,2021-01-19,9135,2021-01-05,1055,015627,,2,1,9,4500,0,1,3,,2,605,SR-89,"BLACK ANGUS LN",6336.00,S,N,B,-,Y,,,89,,,,,,,Y,4,0,1,1,A,-,08,22107,,N,E,I,A,C,H,-,A,D,0,,,,,Y,,D,22,0,0,1,0,0,0,0,0,0,"- ","- ",40.737701416015625,-121.45937347412109,SHASTA,UNINCORPORATED,-121.45939636230469,40.737632751464844
91392123,2021,2021-01-21,9135,2021-01-20,2235,016960,,3,3,9,4500,0,1,3,,1,201,"STATE ROUTE 299","WOODMAN LANE",0.00,,N,A,-,Y,,,299,,,,,,,Y,3,0,1,1,A,-,08,22107,,N,E,I,A,A,H,-,D,A,0,,,,,Y,,A,07,0,1,0,0,0,0,0,0,0,"- ","- ",40.674720764160156,-122.16844177246094,SHASTA,UNINCORPORATED,-122.1683349609375,40.674610137939453
91395348,2021,2021-01-27,9146,2021-01-15,1850,020647,,5,2,9,4500,0,1,1,,2,014,"I-5 SOUTHBOUND","GIBSON ROAD",1056.00,N,N,A,-,Y,,,5,,,,,,S,N,4,0,1,2,A,-,07,21658,A,M,B,C,A,A,H,-,D,D,0,,,,,Y,Y,A,01,0,0,1,0,0,0,0,0,0,"- ","- ",41.028820037841797,-122.39713287353516,SHASTA,UNINCORPORATED,-122.39713287353516,41.028820037841797
91396054,2021,2021-01-28,9135,2021-01-27,1830,019680,,3,2,9,4500,0,1,3,,2,603,"MCARTHUR RD","OLD SCHOOL RD",310.00,S,N,B,-,N,,,,,,,,,,Y,3,0,1,1,A,-,03,22350,,N,E,I,A,C,H,-,D,D,0,,,,,Y,,D,22,0,1,0,0,0,0,0,0,0,"- ","- ",41.123420715332031,-121.34562683105469,SHASTA,UNINCORPORATED,-121.51206207275391,41.080028533935547
91399220,2020,2021-02-01,9135,2020-11-10,1450,017956,,2,2,5,4502,0,1,3,,2,040,"SR-44 W/B","STILLWATER ROAD",30.00,E,N,A,-,Y,,,,,,,,,,Y,4,0,1,2,A,-,03,22350,,N,C,C,A,A,H,-,A,D,0,,,,,Y,,A,01,0,0,1,0,0,0,0,0,0,"- ","- ",40.5594482421875,-122.27654266357422,SHASTA,REDDING,-122.27565002441406,40.559471130371094
91401959,2021,2021-02-03,9135,2021-01-19,1344,018890,,2,1,5,4502,0,1,3,,2,040,"SR-44 W/B TO SUNDIAL BRIDGE DRIVE","SUNDIAL BRIDGE DRIVE",210.00,E,N,A,G,Y,,,44,,,,R,,W,Y,2,0,1,2,C,-,18,,,N,C,C,A,A,H,-,A,D,0,,,,,Y,Y,-,"- ",1,0,0,0,0,0,0,0,0,"- ","- ",40.587009429931641,-122.37760162353516,SHASTA,REDDING,-122.37760162353516,40.587009429931641
91403791,2021,2021-02-08,9135,2021-01-30,1050,018021,,6,1,9,4500,0,3,5,,2,004,"AIRPORT RD","CHURN CREEK RD",0.00,,Y,A,-,N,,,,,,,,,,Y,4,0,1,2,A,-,12,21453,A,N,D,C,A,A,H,-,A,A,0,,,,,Y,,A,01,0,0,1,0,0,0,0,0,0,"- ","- ",40.480300903320312,-122.293212890625,SHASTA,UNINCORPORATED,-122.29325866699219,40.480270385742188
91403792,2021,2021-02-08,9135,2021-02-01,1125,016424,,1,1,9,4500,0,1,3,,1,201,"STATE ROUTE-299","TERRY MILL ROAD",1250.00,W,N,B,-,Y,,,299,,,,,,,Y,4,0,1,1,A,-,08,22107,,N,E,I,A,B,H,-,A,D,0,,,,Y,Y,,F,55,0,0,1,0,0,0,0,0,0,"- ","- ",40.791858673095703,-121.94476318359375,SHASTA,UNINCORPORATED,-121.94473266601562,40.791831970214844
91403793,2021,2021-02-08,9135,2021-02-02,0555,016424,,2,3,9,4500,0,3,5,,2,002,"DESCHUTES ROAD","OLD 44 DRIVE",300.00,N,N,B,C,N,,,,,,,,,,Y,4,0,1,2,A,-,00,22017,,N,E,I,A,B,H,-,D,D,0,,,,,Y,,A,01,0,0,1,0,0,0,0,0,0,"- ","- ",40.564689636230469,-122.23854064941406,SHASTA,UNINCORPORATED,-122.23866271972656,40.564624786376953
91405966,2021,2021-02-10,9146,2021-02-03,0440,017958,,3,3,9,4500,0,1,1,,2,013,"INTERSTATE 5 (S/B)","FLUME CREEK ROAD",600.00,N,N,B,-,Y,,,5,,,,,,,Y,4,0,2,1,A,-,03,22350,,N,E,I,A,A,H,-,D,D,0,,,,,Y,,A,01,0,0,2,0,0,0,0,0,0,"- ","- ",41.099689483642578,-122.3438720703125,SHASTA,UNINCORPORATED,-122.34382629394531,41.099639892578125
91405985,2021,2021-02-10,9146,2021-02-06,2340,020811,,6,3,9,4500,0,1,1,,2,013,"I-5 N/B","SODA CREEK RD.",1200.00,N,N,A,-,Y,,,5,,,,,,N,N,4,0,1,1,C,-,18,,,N,H,H,A,A,H,-,D,D,0,,,,,Y,,-,"- ",0,0,1,0,0,0,0,0,0,"- ","- ",41.165760040283203,-122.29763793945312,SHASTA,UNINCORPORATED,-122.29763031005859,41.165760040283203
91406844,2021,2021-02-11,9135,2021-02-03,2302,020361,,3,3,9,4500,0,1,1,,2,053,"I-5 N/B","GAS POINT ROAD",198.00,N,N,A,-,Y,,,5,,,,,,N,Y,4,0,1,1,A,-,01,23152,F,N,E,I,A,A,H,-,D,D,0,,,,,Y,,A,07,0,0,1,0,0,0,0,0,0,"- ","- ",40.389900207519531,-122.28530883789062,SHASTA,UNINCORPORATED,-122.28510284423828,40.389904022216797
91409974,2021,2021-02-17,9135,2021-02-14,2021,018829,,7,2,9,4500,0,1,1,,2,056,"I-5 S/B","OLD OREGON TRAIL OC",450.00,N,N,B,C,Y,,,5,,,,,,S,Y,4,0,1,2,A,-,01,23152,A,N,C,C,A,B,H,-,D,D,0,,,,,Y,Y,A,01,0,0,1,0,0,0,0,0,0,"- ","- ",40.706558227539062,-122.33685302734375,SHASTA,UNINCORPORATED,-122.33684539794922,40.706558227539062
91413086,2021,2021-02-22,9135,2021-02-10,1910,017698,,3,2,9,4500,0,3,5,,2,003,"GAS POINT ROAD","MARSHA WAY",62.00,N,N,A,-,N,,,,,,,,,,Y,2,0,2,2,A,-,01,23152,A,N,A,C,A,A,H,-,D,D,0,,,Y,,Y,Y,A,07,2,0,0,0,0,0,0,0,2,"- ","- ",40.467800140380859,-122.54135894775391,SHASTA,UNINCORPORATED,-122.54129791259766,40.467796325683594
91414617,2021,2021-02-24,9135,2021-02-13,1930,019111,,6,2,9,4500,0,3,5,,2,003,"KNIGHTON RD","DANISH LN",25.00,W,N,B,-,N,,,,,,,,,,Y,3,0,1,1,A,-,01,23152,A,M,E,I,A,A,H,-,C,D,0,,,,,Y,Y,A,07,0,1,0,0,0,0,0,0,0,"- ","- ",40.505531311035156,-122.34358215332031,SHASTA,UNINCORPORATED,-122.34355163574219,40.505561828613281
91416863,2021,2021-02-26,9135,2021-02-18,2238,017428,,4,3,9,4500,0,1,3,,1,201,SR-299,"KAWLIGA LN",395.00,W,N,B,C,Y,,,299,,,,,,,Y,2,0,2,1,A,-,08,22107,,N,E,I,A,B,H,-,D,D,0,,,,,Y,,D,22,1,0,1,0,0,0,0,0,0,"- ","- ",40.639720916748047,-122.23412322998047,SHASTA,UNINCORPORATED,-122.23414611816406,40.639789581298828
91417988,2021,2021-03-01,9135,2021-02-23,0430,018388,,2,3,9,4500,0,3,5,,2,002,"WHITMORE RD",BOSWORTH,65.00,W,N,A,-,N,,,,,,,,,,Y,3,0,1,1,A,-,08,22107,,N,E,I,A,A,H,-,D,D,0,,,,,Y,,A,07,0,1,0,0,0,0,0,0,0,"- ","- ",40.617351531982422,-121.93219757080078,SHASTA,UNINCORPORATED,-121.93228149414062,40.617412567138672
91418076,2021,2021-03-01,9135,2021-02-23,1902,018866,,2,2,9,4500,0,1,3,,2,605,SR-89,SR-299,5280.00,S,N,A,-,Y,,,,,,,,,,Y,3,0,2,1,C,-,18,,,N,E,H,A,A,H,-,D,D,0,,,,,Y,,-,"- ",0,2,0,0,0,0,0,0,0,"- ","- ",40.692790985107422,-121.38375091552734,SHASTA,UNINCORPORATED,-121.5986328125,40.925029754638672
91418874,2020,2021-03-02,9135,2020-10-02,0330,018388,,5,3,9,4500,0,3,5,,2,003,"OLINDA RD","HAMMER LN",640.00,E,N,A,-,N,,,,,,,,,,Y,1,1,0,1,A,-,01,23152,F,N,E,I,A,A,H,-,D,D,0,,,,,Y,,A,01,0,0,0,0,0,0,0,0,0,"- ","- ",40.439041137695312,-122.38575744628906,SHASTA,UNINCORPORATED,-122.38558959960938,40.439109802246094
91422237,2021,2021-03-08,9135,2021-03-04,2500,16461,,4,4,9,4500,0,3,5,,2,001,"O'BRIEN RD","I-5 S/B",3168.00,W,N,A,-,N,,,,,,,,,,Y,2,0,1,1,A,-,08,22107,,N,E,I,A,A,H,-,D,D,0,,,,,Y,,A,01,1,0,0,0,0,0,0,0,0,"- ","- ",40.814670562744141,-122.32829284667969,SHASTA,UNINCORPORATED,,
91424562,2020,2021-03-10,9135,2020-10-04,2033,019101,,7,2,9,4500,0,3,5,,2,003,"EASTSIDE RD","LATONA RD",2650.00,N,N,A,-,N,,,,,,,,,,N,1,1,0,2,A,-,11,21956,,N,G,B,E,A,H,-,D,D,0,Y,,,,Y,,N,60,0,0,0,1,0,0,0,0,0,"- ","- ",40.486419677734375,-122.35307312011719,SHASTA,UNINCORPORATED,-122.35300445556641,40.486385345458984
91425663,2021,2021-03-12,9135,2021-03-10,1230,016672,,3,1,9,4500,0,1,3,,2,402,"STATE ROUTE 44","WATERLEAF LANE",528.00,W,N,D,-,Y,,,,,,,,,,Y,4,0,1,1,A,-,08,22107,,N,E,I,A,C,H,-,A,D,0,,,,,Y,,A,07,0,0,1,0,0,0,0,0,0,"- ","- ",,,SHASTA,UNINCORPORATED,-121.91860198974609,40.498439788818359
91426898,2021,2021-03-15,9135,2021-03-10,1018,017855,,3,1,9,4500,0,1,3,,1,302,"SR-273 S/B","HAPPY VALLEY ROAD",0.00,,Y,B,C,Y,,,273,,,,,,S,Y,2,0,1,3,A,-,03,22350,,N,D,C,A,B,H,-,A,A,0,,,,,Y,,A,01,1,0,0,0,0,0,0,0,0,"- ","- ",40.494438171386719,-122.36598205566406,SHASTA,UNINCORPORATED,-122.365966796875,40.494461059570312