CASE_ID,ACCIDENT_YEAR,PROC_DATE,JURIS,COLLISION_DATE,COLLISION_TIME,OFFICER_ID,REPORTING_DISTRICT,DAY_OF_WEEK,CHP_SHIFT,POPULATION,CNTY_CITY_LOC,SPECIAL_COND,BEAT_TYPE,CHP_BEAT_TYPE,CITY_DIVISION_LAPD,CHP_BEAT_CLASS,BEAT_NUMBER,PRIMARY_RD,SECONDARY_RD,DISTANCE,DIRECTION,INTERSECTION,WEATHER_1,WEATHER_2,STATE_HWY_IND,CALTRANS_COUNTY,CALTRANS_DISTRICT,STATE_ROUTE,ROUTE_SUFFIX,POSTMILE_PREFIX,POSTMILE,LOCATION_TYPE,RAMP_INTERSECTION,SIDE_OF_HWY,TOW_AWAY,COLLISION_SEVERITY,NUMBER_KILLED,NUMBER_INJURED,PARTY_COUNT,PRIMARY_COLL_FACTOR,PCF_CODE_OF_VIOL,PCF_VIOL_CATEGORY,PCF_VIOLATION,PCF_VIOL_SUBSECTION,HIT_AND_RUN,TYPE_OF_COLLISION,MVIW,PED_ACTION,ROAD_SURFACE,ROAD_COND_1,ROAD_COND_2,LIGHTING,CONTROL_DEVICE,CHP_ROAD_TYPE,PEDESTRIAN_ACCIDENT,BICYCLE_ACCIDENT,MOTORCYCLE_ACCIDENT,TRUCK_ACCIDENT,NOT_PRIVATE_PROPERTY,ALCOHOL_INVOLVED,STWD_VEHTYPE_AT_FAULT,CHP_VEHTYPE_AT_FAULT,COUNT_SEVERE_INJ,COUNT_VISIBLE_INJ,COUNT_COMPLAINT_PAIN,COUNT_PED_KILLED,COUNT_PED_INJURED,COUNT_BICYCLIST_KILLED,COUNT_BICYCLIST_INJURED,COUNT_MC_KILLED,COUNT_MC_INJURED,PRIMARY_RAMP,SECONDARY_RAMP,LATITUDE,LONGITUDE,COUNTY,CITY,POINT_X,POINT_Y
91628756,2021,2021-11-18,9135,2021-11-16,1415,019257,,2,2,9,4500,0,3,5,,2,003,"CLOVERDALE ROAD","DALE LANE",10.00,E,N,A,-,N,,,,,,,,,,N,3,0,1,1,C,-,18,,,N,E,H,A,A,H,-,A,A,0,,,Y,,Y,,-,"- ",0,1,0,0,0,0,0,0,1,"- ","- ",40.282489776611328,-122.28587341308594,SHASTA,UNINCORPORATED,-122.48298645019531,40.473522186279297
91636901,2021,2021-11-29,9135,2021-11-07,1100,018777,,7,1,9,4500,0,1,3,,2,604,SR-44,"U.S. FOREST SERVICE ROAD 31N94",204.00,E,N,B,-,Y,,,44,,,,,,,Y,2,0,1,1,A,-,08,22107,,N,E,I,A,C,H,-,A,D,0,,,,,Y,,E,22,1,0,0,0,0,0,0,0,0,"- ","- ",40.567508697509766,-121.57399749755859,SHASTA,UNINCORPORATED,-121.57405090332031,40.567527770996094
91637393,2021,2021-11-29,9135,2021-11-12,2300,018174,,5,3,5,4502,0,1,1,,2,054,"I-5 S/B","HILLTOP DR",1056.00,N,N,A,-,Y,,,5,,,,,,S,Y,2,0,1,1,A,-,01,23152,A,N,E,I,A,A,H,-,D,D,0,,,,,Y,Y,D,22,1,0,0,0,0,0,0,0,0,"- ","- ",40.598121643066406,-122.36065673828125,SHASTA,REDDING,-122.36078643798828,40.598125457763672
91640670,2021,2021-12-02,9135,2021-11-29,2200,018866,,1,3,9,4500,0,1,3,,2,604,SR-44,"SUGAR LOAF LN",1056.00,W,N,A,-,Y,,,44,,,,,,,Y,2,0,1,1,A,-,01,23152,F,N,E,I,A,A,H,-,D,D,0,,,,,Y,,A,01,1,0,0,0,0,0,0,0,0,"- ","- ",40.647098541259766,-121.46430206298828,SHASTA,UNINCORPORATED,-121.46430969238281,40.647102355957031
91641127,2021,2021-12-02,9135,2021-11-28,2240,019257,,7,3,5,4502,0,1,1,,2,054,"INTERSTATE 5","LOMA VISTA DRIVE O/C",1584.00,S,N,A,-,Y,,,,,,,,,,Y,4,0,1,2,A,-,01,23152,A,N,C,E,A,A,H,-,D,D,0,,,,,Y,Y,A,07,0,0,1,0,0,0,0,0,0,"- ","- ",40.324188232421875,-122.21124267578125,SHASTA,REDDING,-122.35331726074219,40.545013427734375
91652694,2021,2022-01-06,9135,2021-12-01,1733,019710,,3,2,9,4500,0,3,5,,2,003,"GAS POINT ROAD","FRANCIS STREET",265.00,E,N,A,-,N,,,,,,,,,,N,1,1,0,2,A,-,11,21954,A,N,G,C,D,A,H,-,D,D,0,Y,,,,Y,,N,60,0,0,0,1,0,0,0,0,0,"- ","- ",40.389301300048828,-122.31362915039062,SHASTA,UNINCORPORATED,-122.31365966796875,40.389259338378906
91652721,2021,2021-12-15,9135,2021-12-12,1140,018133,,7,1,9,4500,0,3,5,,2,003,"CANYON RD.","VALLEY VIEW RD.",1584.00,W,N,B,C,N,,,,,,,,,,Y,3,0,1,1,A,-,08,22107,,N,F,A,A,B,H,-,A,D,0,,,,,Y,,A,08,0,1,0,0,0,0,0,0,0,"- ","- ",40.495220184326172,-122.38610076904297,SHASTA,UNINCORPORATED,-122.38655853271484,40.494701385498047
91652740,2021,2021-12-15,9146,2021-12-06,2140,019430,,1,2,9,4500,0,1,1,,2,013,"I-5 N/B","SIMS ROAD",5280.00,N,N,B,-,Y,,,,,,,,,,Y,3,0,1,1,A,-,03,22350,,N,E,I,A,B,H,-,D,D,0,,,,,Y,,D,22,0,1,0,0,0,0,0,0,0,"- ","- ",41.849201202392578,-122.35186004638672,SHASTA,UNINCORPORATED,-122.35202789306641,41.084110260009766
91652878,2020,2021-12-15,9135,2020-10-11,2054,020361,,7,2,9,4500,0,1,3,,1,302,"SR-273 N/B","THOMAS RD",0.00,,Y,A,-,Y,,,273,,,,,,N,Y,1,1,0,2,A,-,17,21200,,N,D,G,A,A,H,-,D,D,0,,Y,,,Y,,L,04,0,0,0,0,0,1,0,0,0,"- ","- ",40.489101409912109,-122.35784149169922,SHASTA,UNINCORPORATED,-122.35782623291016,40.489124298095703
91653108,2021,2021-12-15,9135,2021-12-14,1515,019111,,2,2,9,4500,0,3,5,,2,004,"DERSCH RD","MILLVILLE PLAINS RD",25.00,W,N,A,-,N,,,,,,,,,,N,4,0,1,1,A,-,08,22107,,N,E,I,A,A,H,-,A,D,0,,,,,Y,,A,01,0,0,1,0,0,0,0,0,0,"- ","- ",40.479141235351562,-122.20694732666016,SHASTA,UNINCORPORATED,-122.20687103271484,40.479080200195312
91657620,2021,2021-12-21,9135,2021-12-20,1720,019257,,1,2,5,4502,0,1,1,,2,054,"INTERSTATE 5 N/B","CYPRESS AVENUE U/C",1795.00,N,N,A,-,Y,,,,,,,,,,Y,4,0,1,2,A,-,03,22350,,M,C,C,A,A,H,-,C,D,0,,,,,Y,,A,07,0,0,1,0,0,0,0,0,0,"- ","- ",40.343368530273438,-122.21367645263672,SHASTA,REDDING,-122.36032104492188,40.575977325439453
91662236,2021,2021-12-27,9135,2021-12-17,2303,015627,,5,3,9,4500,0,1,3,,2,605,SR-89,"BLACK ANGUS LANE",3696.00,S,N,B,-,Y,,,89,,,,,,,N,4,0,2,3,A,-,03,22350,,N,G,1,E,C,H,-,D,D,0,Y,,,Y,Y,,F,27,0,0,2,0,1,0,0,0,0,"- ","- ",40.736968994140625,-121.45744323730469,SHASTA,UNINCORPORATED,-121.45745849609375,40.736919403076172
91665371,2021,2022-05-10,9135,2021-12-25,1310,019257,,6,1,9,4500,0,1,3,,2,402,"STATE ROUTE 44","MILLER RANCH ROAD (WEST)",767.00,E,N,D,-,Y,,,,,,,,,,Y,2,0,5,2,A,-,05,21460,A,N,A,C,A,C,H,-,A,A,0,,,,,Y,,A,01,5,0,0,0,0,0,0,0,0,"- ","- ",40.300251007080078,-121.55422210693359,SHASTA,UNINCORPORATED,-121.95362091064453,40.510051727294922
91666579,2021,2021-12-30,9135,2021-12-29,1400,019680,,3,2,9,4500,0,1,3,,2,603,"CASSEL RD","STATE HIGHWAY 299",650.00,S,N,B,-,N,,,,,,,,,,Y,3,0,1,1,A,-,03,22350,,N,E,I,A,C,H,-,A,D,0,,,,,Y,,A,07,0,1,0,0,0,0,0,0,0,"- ","- ",41.658981323242188,-121.65898132324219,SHASTA,UNINCORPORATED,-121.57807159423828,40.960369110107422
91666807,2021,2021-12-30,9135,2021-12-22,1325,019030,,3,1,5,4502,0,1,1,,2,054,"I-5 N/B","CYPRESS AVE",2112.00,N,N,B,C,Y,,,5,,,,,,N,Y,4,0,1,2,A,-,03,22350,,N,C,C,A,B,H,-,A,D,0,,,,,Y,,A,07,0,0,1,0,0,0,0,0,0,"- ","- ",40.576129913330078,-122.3602294921875,SHASTA,REDDING,-122.36030578613281,40.576129913330078
91668494,2022,2022-01-03,9135,2022-01-01,0615,017855,,6,1,9,4500,0,3,5,,2,004,"DERSCH ROAD","GAIL LANE",792.00,N,N,A,-,N,,,,,,,,,,Y,4,0,1,1,A,-,08,22107,,N,F,A,A,A,H,-,D,D,0,,,,,Y,,D,22,0,0,1,0,0,0,0,0,0,"- ","- ",40.501319885253906,-122.03951263427734,SHASTA,UNINCORPORATED,-122.03987884521484,40.500774383544922
91669649,2021,2022-01-04,9135,2021-11-11,1518,017698,,4,2,9,4500,0,3,5,,2,004,"CHESTNUT STREET","FIRST STREET",125.00,N,N,A,-,N,,,,,,,,,,N,4,0,1,2,A,-,09,21801,A,N,A,C,A,A,H,-,A,D,0,,,,,Y,,A,01,0,0,1,0,0,0,0,0,0,"- ","- ",40.385761260986328,-122.27545928955078,SHASTA,UNINCORPORATED,-122.27559661865234,40.385700225830078
91674462,2021,2022-01-10,9135,2021-11-12,1825,017698,,5,2,5,4502,0,3,5,,2,003,"SCOUT AVENUE","TELEPHONE GULCH ROAD",275.00,E,N,A,-,N,,,,,,,,,,Y,4,0,1,2,A,-,13,22504,A,N,E,E,A,A,H,-,D,D,0,,,,,Y,,D,22,0,0,1,0,0,0,0,0,0,"- ","- ",40.456180572509766,-122.44390869140625,SHASTA,REDDING,-122.44392395019531,40.456188201904297
91674554,2021,2022-01-10,9135,2021-12-28,1745,019030,,2,2,9,4500,0,1,1,,2,053,"I-5 S/B","SACRAMENTO RIVER",2112.00,N,N,B,C,Y,,,5,,,,,,S,Y,4,0,3,2,A,-,07,21658,A,N,C,C,A,B,H,-,D,D,0,,,,,Y,,A,01,0,0,3,0,0,0,0,0,0,"- ","- ",40.47711181640625,-122.31640625,SHASTA,UNINCORPORATED,-122.31638336181641,40.477138519287109
91674698,2022,2022-01-10,9135,2022-01-02,1810,019101,,7,2,9,4500,0,1,3,,2,402,SR-44,"MILLER RANCH RD",2112.00,E,N,A,-,Y,SHA,,44,,R,24.050,H,,R,Y,2,0,4,2,A,-,05,21460,A,N,A,C,A,A,H,-,D,D,0,,,,,Y,,A,01,1,3,0,0,0,0,0,0,0,"- ","- ",40.510208129882812,-121.94785308837891,SHASTA,UNINCORPORATED,-121.94785308837891,40.51025390625
91674733,2022,2022-01-10,9135,2022-01-04,1820,019111,,2,2,9,4500,0,3,5,,2,003,"OLINDA RD.","ERMA LN",1350.00,E,N,B,C,N,,,,,,,,,,N,3,0,1,1,A,-,08,22107,,N,E,I,A,B,H,-,D,D,0,,,,,Y,,D,22,0,1,0,0,0,0,0,0,0,"- ","- ",40.440330505371094,-122.34043884277344,SHASTA,UNINCORPORATED,-122.34062957763672,40.440357208251953
91680693,2022,2022-01-19,9135,2022-01-05,1700,017698,,3,2,2,4501,0,1,1,,2,053,"I-5 S/B TO NORTH STREET","NORTH STREET",120.00,N,N,B,-,Y,SHA,,5,,R,5.676,H,,L,Y,2,0,1,1,A,-,08,22107,,N,E,I,A,A,H,-,B,D,0,,,,,Y,,A,01,1,0,0,0,0,0,0,0,0,"- ","- ",40.455841064453125,-122.29589080810547,SHASTA,ANDERSON,-122.29566192626953,40.455974578857422
91680817,2022,2022-01-19,9135,2022-01-12,1220,016424,,3,1,9,4500,0,1,1,,2,055,"I-5 N/B TO OLD OREGON TRAIL","OLD OREGON TRAIL",0.00,,Y,A,-,Y,,,,,,,,,,Y,3,0,1,2,A,-,12,22450,A,N,D,C,A,A,H,-,A,A,0,,,,,Y,,D,22,0,1,0,0,0,0,0,0,0,"- ","- ",40.705390930175781,-122.33579254150391,SHASTA,UNINCORPORATED,-122.33695220947266,40.705795288085938
91684726,2022,2022-01-25,9135,2022-01-22,1648,018133,,6,2,9,4500,0,3,5,,2,001,"KESWICK DAM RD.","KESWICK DAM",1056.00,E,N,A,-,N,,,,,,,,,,Y,2,0,1,1,A,-,08,22107,,N,F,A,A,A,H,-,A,D,0,,,Y,,Y,,C,02,1,0,0,0,0,0,0,0,1,"- ","- ",40.612659454345703,-122.44175720214844,SHASTA,UNINCORPORATED,-122.40505218505859,40.625621795654297
91688695,2022,2022-01-28,9135,2022-01-18,1145,016087,,2,1,9,4500,0,1,3,,1,401,SR-44,"MILLVILE PLAINS RD.",3168.00,W,N,A,-,Y,SHA,,44,,R,9.992,H,,R,Y,2,0,1,1,A,-,08,22107,,N,E,8,A,A,H,-,A,D,0,,,,,Y,,A,07,1,0,0,0,0,0,0,0,0,"- ","- ",40.543628692626953,-122.18697357177734,SHASTA,UNINCORPORATED,-122.18704986572266,40.543567657470703
91691581,2021,2022-02-02,9135,2021-11-10,2257,018174,,3,3,5,4502,0,1,1,,2,054,"I-5 N/B TO SR-44 E/B","I-5 N/B",325.00,E,N,A,-,Y,,,5,,,,R,,N,Y,1,1,0,1,A,-,01,23152,A,N,E,8,A,A,H,-,D,D,0,,,,,Y,Y,A,01,0,0,0,0,0,0,0,0,0,"- ","- ",40.583061218261719,-122.35909271240234,SHASTA,REDDING,-122.35909271240234,40.583061218261719
91694796,2022,2022-02-07,9135,2022-01-23,0953,017428,,7,1,9,4500,0,1,3,,1,201,SR-299,"TERRY MILL RD.",823.00,W,N,A,-,Y,SHA,,299,,,53.102,H,,R,Y,3,0,3,2,A,-,08,22107,,N,E,8,A,A,H,-,A,D,0,,,,,Y,,D,22,0,1,2,0,0,0,0,0,0,"- ","- ",40.792560577392578,-121.94386291503906,SHASTA,UNINCORPORATED,-121.94390869140625,40.792587280273438
91700624,2022,2022-02-14,9135,2022-02-05,0008,019111,,6,3,5,4502,0,1,1,,2,055,"I-5 N/B","OASIS RD",3168.00,S,N,A,-,Y,SHA,,5,,R,18.714,H,,R,Y,2,0,1,2,A,-,01,23152,A,N,F,A,A,A,H,-,D,D,0,,,,,Y,Y,D,22,1,0,0,0,0,0,0,0,0,"- ","- ",40.631961822509766,-122.36827850341797,SHASTA,REDDING,-122.36833190917969,40.631965637207031
91700884,2022,2022-02-15,9135,2022-02-06,1604,019257,,7,2,9,4500,0,3,5,,2,001,"S. SHORE DRIVE","PAIGE BAR ROAD",6336.00,S,N,A,-,N,,,,,,,,,,Y,3,0,1,1,A,-,08,22107,,N,F,A,A,A,H,-,A,D,0,,,Y,,Y,,C,02,0,1,0,0,0,0,0,0,1,"- ","- ",40.60308837890625,-122.5528564453125,SHASTA,UNINCORPORATED,-122.55312347412109,40.603248596191406
91700900,2022,2022-02-15,9135,2022-02-09,0757,016087,,3,1,9,4500,0,3,5,,2,004,"BALLS FERRY RD.","GOTCHA CREEK RD.",50.00,S,N,A,-,N,,,,,,,,,,Y,3,0,1,1,A,-,08,22107,,N,E,I,A,A,H,-,A,D,0,,,,,Y,,D,22,0,1,0,0,0,0,0,0,0,"- ","- ",40.398628234863281,-122.25041961669922,SHASTA,UNINCORPORATED,-122.25023651123047,40.398738861083984
91705726,2022,2022-02-22,9135,2022-02-12,2250,019111,,6,3,9,4500,0,1,1,,2,056,"I-5 N/B","GILMAN RD",2112.00,N,N,A,-,Y,SHA,,5,,R,37.240,H,,R,Y,4,0,1,1,A,-,08,22107,,N,E,J,A,A,H,-,D,D,0,,,,Y,Y,,F,25,0,0,1,0,0,0,0,0,0,"- ","- ",40.852798461914062,-122.34175872802734,SHASTA,UNINCORPORATED,-122.34187316894531,40.852798461914062
91705746,2022,2022-02-22,9135,2022-02-13,1000,016480,,7,1,9,4500,0,3,5,,2,004,"OLD 44 DR.","SWEDE CREEK RD.",535.00,W,N,A,-,N,,,,,,,,,,Y,2,0,2,2,A,-,05,21460,A,N,A,C,A,A,H,-,A,D,0,,,,,Y,,A,01,2,0,0,0,0,0,0,0,0,"- ","- ",40.564231872558594,-122.22152709960938,SHASTA,UNINCORPORATED,-122.22159576416016,40.564247131347656
91705788,2022,2022-02-22,9135,2022-02-17,0705,016480,,4,1,9,4500,0,1,3,,1,401,SR-44,"BASCOM RD.",0.00,,Y,A,-,Y,SHA,,44,,R,12.521,H,,R,Y,3,0,2,2,A,-,09,21804,A,N,D,C,A,A,H,-,A,A,0,,,,,Y,,A,01,0,2,0,0,0,0,0,0,0,"- ","- ",40.534500122070312,-122.14380645751953,SHASTA,UNINCORPORATED,-122.14380645751953,40.534503936767578
91705962,2022,2022-02-22,9135,2022-02-19,1635,019257,,6,2,9,4500,0,1,3,,1,302,"STATE ROUTE 273","HAPPY VALLEY ROAD",0.00,,Y,A,-,Y,,,,,,,,,,N,3,0,1,1,A,-,03,22350,,N,F,A,A,A,H,-,A,A,0,,,Y,,Y,,C,02,0,1,0,0,0,0,0,0,1,"- ","- ",40.293998718261719,-122.21575164794922,SHASTA,UNINCORPORATED,-122.36597442626953,40.494457244873047
91708193,2022,2022-02-24,9135,2022-02-22,1850,018837,,2,2,5,4502,0,1,3,,2,040,"SR-44 W/B","CONTINENTAL ST",310.00,E,N,B,-,Y,SHA,,44,,L,0.475,H,,L,Y,3,0,1,1,A,-,01,23152,A,N,E,I,A,A,H,-,C,D,0,,,,,Y,Y,A,01,0,1,0,0,0,0,0,0,0,"- ","- ",40.586448669433594,-122.38493347167969,SHASTA,REDDING,-122.38494110107422,40.586490631103516
91714093,2022,2022-03-03,9135,2022-02-18,1405,018777,,5,2,9,4500,0,1,3,,2,602,SR-299,"ELM ST",0.00,,Y,A,-,Y,SHA,,299,,,74.477,H,,R,N,3,0,1,2,A,-,03,22350,,N,C,C,A,A,H,-,A,D,0,,,,,Y,,A,07,0,1,0,0,0,0,0,0,0,"- ","- ",40.879119873046875,-121.67517852783203,SHASTA,UNINCORPORATED,-121.6751708984375,40.879116058349609
91716737,2022,2023-05-11,9135,2022-02-26,2345,018174,,6,3,9,4500,0,1,3,,1,302,"GAS POINT RD","JOANNE LN",7.00,E,N,A,-,N,,,,,,,,,,Y,3,0,2,1,A,-,08,22107,,N,E,I,A,A,H,-,D,D,0,,,,,Y,,D,22,0,2,0,0,0,0,0,0,0,"- ","- ",40.388729095458984,-122.38780212402344,SHASTA,UNINCORPORATED,-122.38780212402344,40.388698577880859
91716748,2022,2022-03-07,9135,2022-03-03,1950,019257,,4,2,9,4500,0,3,5,,2,004,"DESCHUTES ROAD","GREEN ACRES DRIVE",1300.00,E,N,A,-,N,,,,,,,,,,Y,3,0,2,1,A,-,03,22350,,N,E,H,A,A,H,-,D,B,0,,,,,Y,,D,22,0,2,0,0,0,0,0,0,0,"- ","- ",40.461688995361328,-122.24391937255859,SHASTA,UNINCORPORATED,-122.24399566650391,40.461505889892578
91717488,2022,2022-03-08,9135,2022-03-06,1633,018866,,7,2,9,4500,0,1,3,,2,603,SR-299,"PIT NO. 1 POWERHOUSE RD.",6864.00,E,N,A,-,Y,SHA,,299,,,88.877,H,,R,Y,2,0,3,1,A,-,08,22107,,N,E,I,A,A,H,-,A,D,0,,,,,Y,,A,07,1,2,0,0,0,0,0,0,0,"- ","- ",40.993400573730469,-121.48657989501953,SHASTA,UNINCORPORATED,-121.48658752441406,40.993427276611328
91720772,2022,2022-03-11,9135,2022-02-27,1603,018021,,7,2,9,4500,0,3,5,,2,001,"BOYLE RD","DESCHUTES RD",15.00,W,N,A,-,N,,,,,,,,,,N,4,0,1,1,A,-,01,23152,A,M,E,I,A,A,H,-,A,D,0,,,,,Y,Y,A,01,0,0,1,0,0,0,0,0,0,"- ","- ",40.592571258544922,-122.23873138427734,SHASTA,UNINCORPORATED,-122.23841094970703,40.592815399169922
91720844,2022,2022-03-11,9135,2022-03-02,1618,018829,,3,2,9,4500,0,3,5,,2,004,"BALLS FERRY RD","LONE TREE ROAD",0.00,,Y,A,-,N,,,,,,,,,,Y,2,0,2,2,A,-,08,22107,,N,D,C,A,A,H,-,A,D,0,,,Y,,Y,,A,01,2,0,0,0,0,0,0,0,2,"- ","- ",40.426181793212891,-122.22501373291016,SHASTA,UNINCORPORATED,-122.22498321533203,40.426136016845703
91720850,2022,2022-03-11,9135,2022-03-06,1715,018829,,7,2,5,4502,0,1,3,,2,040,"SR-44 E/B TO I-5 S/B","I-5 S/B",1267.00,W,N,A,-,Y,,,,,,,,,,Y,3,0,1,1,A,-,01,23152,A,N,E,I,A,A,H,-,A,D,0,,,,,Y,Y,A,01,0,1,0,0,0,0,0,0,0,"- ","- ",40.584308624267578,-122.36293792724609,SHASTA,REDDING,-122.36293792724609,40.584308624267578
91721007,2022,2022-03-11,9135,2022-03-07,0957,016424,,1,1,9,4500,0,1,1,,2,055,"INTERSTATE-5 SOUTHBOUND TO STATE ROUTE-151","STATE ROUTE-151 (SHASTA DAM BOULEVARD)",0.00,,Y,A,-,Y,SHA,,151,,R,6.859,H,,R,Y,3,0,1,1,A,-,03,22350,,N,E,I,A,A,H,-,A,A,0,,,,,Y,,A,01,0,1,0,0,0,0,0,0,0,"- ","- ",40.679618835449219,-122.34957885742188,SHASTA,UNINCORPORATED,-122.34956359863281,40.679653167724609
91723101,2022,2022-03-15,9135,2022-02-28,1355,019030,,1,1,9,4500,0,3,5,,2,001,"LAKE BLVD","AARLY LN",0.00,,Y,A,-,N,,,,,,,,,,N,4,0,1,2,A,-,09,21804,A,N,D,C,A,A,H,-,A,A,0,,,,,Y,,D,22,0,0,1,0,0,0,0,0,0,"- ","- ",40.637500762939453,-122.40312194824219,SHASTA,UNINCORPORATED,-122.40303039550781,40.637519836425781
91725733,2022,2022-03-17,9135,2022-03-15,0735,016087,,2,1,9,4500,0,3,5,,2,003,"GAS POINT RD.","PARK DR.",300.00,E,N,A,-,N,,,,,,,,,,Y,4,0,1,2,A,-,03,22350,,N,C,C,A,A,H,-,A,A,0,,,,,Y,,D,22,0,0,1,0,0,0,0,0,0,"- ","- ",40.389278411865234,-122.28955841064453,SHASTA,UNINCORPORATED,-122.28916931152344,40.389312744140625
91728878,2022,2022-03-22,9135,2022-03-16,1930,018829,,3,2,9,4500,0,1,3,,2,402,"SLEEPY HOLLOW DR","SHASTA FOREST DRIVE",1584.00,W,N,B,-,N,,,,,,,,,,N,3,0,1,1,A,-,08,22107,,N,F,A,A,A,H,-,B,D,0,,Y,,,Y,,L,04,0,1,0,0,0,0,1,0,0,"- ","- ",40.503261566162109,-121.9136962890625,SHASTA,UNINCORPORATED,-121.91432189941406,40.502590179443359
91730102,2022,2022-03-23,9135,2022-03-14,1258,017428,,1,1,9,4500,0,1,1,,2,056,"RIVERSIDE AVE","LOOP ST.",1056.00,W,N,A,-,N,,,,,,,,,,Y,3,0,5,2,A,-,09,21801,A,N,A,C,A,A,H,-,A,D,0,,,,,Y,,A,07,0,2,3,0,0,0,0,0,0,"- ","- ",40.468418121337891,-122.31443023681641,SHASTA,UNINCORPORATED,-122.31551361083984,40.468605041503906
91731066,2022,2022-03-24,9135,2022-03-12,1754,019683,,6,2,9,4500,0,3,5,,2,004,"DESCHUTES RD","OF LOS ALTOS",705.00,N,N,B,-,N,,,,,,,,,,Y,2,0,1,1,A,-,01,23152,A,N,F,A,A,A,H,-,B,D,0,,,Y,,Y,Y,C,02,1,0,0,0,0,0,0,0,1,"- ","- ",40.502548217773438,-122.23802947998047,SHASTA,UNINCORPORATED,-122.23846435546875,40.504207611083984
91731097,2022,2022-03-24,9135,2022-03-23,0200,019101,,3,3,9,4500,0,3,5,,2,003,"HAPPY VALLEY RD","MAJESTIC VIEW DR",10.00,W,N,A,-,N,,,,,,,,,,Y,2,0,1,1,A,-,08,22107,,N,F,A,A,A,H,-,D,D,0,,,Y,,Y,,C,02,1,0,0,0,0,0,0,0,1,"- ","- ",40.484569549560547,-122.37920379638672,SHASTA,UNINCORPORATED,-122.37921905517578,40.484607696533203
91740615,2022,2022-04-04,9135,2022-03-31,0528,016480,,4,3,9,4500,0,1,3,,1,301,"SR-299 E/B","HOADLEY PEAKS RD.",16896.00,E,N,A,-,Y,SHA,,299,,R,3.514,H,,R,Y,3,0,1,1,A,-,03,22350,,N,F,0,A,A,H,-,D,D,0,,,Y,,Y,,C,02,0,1,0,0,0,0,0,0,1,"- ","- ",40.667098999023438,-122.69796752929688,SHASTA,UNINCORPORATED,-122.69820404052734,40.667087554931641
91741318,2022,2022-04-05,9135,2022-04-02,1520,019101,,6,2,9,4500,0,1,3,,2,040,"EMIGRANT TRL","LAKE MCCUMBER RD",300.00,W,N,A,-,N,,,,,,,,,,N,3,0,1,1,A,-,08,22107,,N,F,A,A,A,H,-,A,A,0,,,Y,,Y,,C,06,0,1,0,0,0,0,0,0,1,"- ","- ",40.527858734130859,-121.74783325195312,SHASTA,UNINCORPORATED,-121.74797821044922,40.527812957763672
91741324,2022,2022-04-05,9135,2022-04-03,1515,018133,,7,2,5,4502,0,1,1,,2,054,"I-5 SOUTHBOUND TO SOUTH BONNYVIEW RD.","SOUTH BONNYVIEW RD.",15.00,N,N,A,-,Y,,,,,,,,,,N,4,0,1,2,A,-,03,22350,,N,C,C,A,A,H,-,A,A,0,,,,,Y,,D,22,0,0,1,0,0,0,0,0,0,"- ","- ",40.538730621337891,-122.35205078125,SHASTA,REDDING,-122.35205078125,40.538730621337891
91743570,2022,2022-04-07,9135,2022-02-12,2010,019257,,6,2,9,4500,0,3,5,,2,004,"MAIN STREET","LONG BRANCH DRIVE",259.00,S,N,A,-,N,,,,,,,,,,N,1,1,0,2,A,-,03,22350,,N,G,B,E,A,H,-,C,D,0,Y,,,,Y,Y,A,01,0,0,0,1,0,0,0,0,0,"- ","- ",40.233558654785156,-122.16506195068359,SHASTA,UNINCORPORATED,-122.28079223632812,40.39324951171875
91749223,2022,2022-04-15,9135,2022-04-05,2205,020361,,2,3,9,4500,0,1,1,,2,053,"I-5 S/B","GAS POINT RD",2963.00,N,N,A,-,Y,SHA,,5,,,1.464,H,,L,Y,2,0,1,2,A,-,01,23152,A,N,C,C,A,A,D,-,B,A,0,,,,Y,Y,Y,A,01,1,0,0,0,0,0,0,0,0,"- ","- ",40.3973388671875,-122.28379058837891,SHASTA,UNINCORPORATED,-122.28371429443359,40.397327423095703
91756623,2022,2022-04-26,9135,2022-04-17,2055,019257,,7,2,5,4502,0,1,1,,2,054,"INTERSTATE 5 NB TO BONNYVIEW ROAD OFF RAMP","BONNYVIEW ROAD",75.00,S,N,A,-,Y,,,,,,,,,,N,3,0,2,3,A,-,01,23152,A,N,C,C,A,A,H,-,A,A,0,,,,,Y,Y,A,01,0,1,1,0,0,0,0,0,0,"- ","- ",40.321678161621094,-122.21061706542969,SHASTA,REDDING,-122.35081481933594,40.538211822509766