CASE_ID,ACCIDENT_YEAR,PROC_DATE,JURIS,COLLISION_DATE,COLLISION_TIME,OFFICER_ID,REPORTING_DISTRICT,DAY_OF_WEEK,CHP_SHIFT,POPULATION,CNTY_CITY_LOC,SPECIAL_COND,BEAT_TYPE,CHP_BEAT_TYPE,CITY_DIVISION_LAPD,CHP_BEAT_CLASS,BEAT_NUMBER,PRIMARY_RD,SECONDARY_RD,DISTANCE,DIRECTION,INTERSECTION,WEATHER_1,WEATHER_2,STATE_HWY_IND,CALTRANS_COUNTY,CALTRANS_DISTRICT,STATE_ROUTE,ROUTE_SUFFIX,POSTMILE_PREFIX,POSTMILE,LOCATION_TYPE,RAMP_INTERSECTION,SIDE_OF_HWY,TOW_AWAY,COLLISION_SEVERITY,NUMBER_KILLED,NUMBER_INJURED,PARTY_COUNT,PRIMARY_COLL_FACTOR,PCF_CODE_OF_VIOL,PCF_VIOL_CATEGORY,PCF_VIOLATION,PCF_VIOL_SUBSECTION,HIT_AND_RUN,TYPE_OF_COLLISION,MVIW,PED_ACTION,ROAD_SURFACE,ROAD_COND_1,ROAD_COND_2,LIGHTING,CONTROL_DEVICE,CHP_ROAD_TYPE,PEDESTRIAN_ACCIDENT,BICYCLE_ACCIDENT,MOTORCYCLE_ACCIDENT,TRUCK_ACCIDENT,NOT_PRIVATE_PROPERTY,ALCOHOL_INVOLVED,STWD_VEHTYPE_AT_FAULT,CHP_VEHTYPE_AT_FAULT,COUNT_SEVERE_INJ,COUNT_VISIBLE_INJ,COUNT_COMPLAINT_PAIN,COUNT_PED_KILLED,COUNT_PED_INJURED,COUNT_BICYCLIST_KILLED,COUNT_BICYCLIST_INJURED,COUNT_MC_KILLED,COUNT_MC_INJURED,PRIMARY_RAMP,SECONDARY_RAMP,LATITUDE,LONGITUDE,COUNTY,CITY,POINT_X,POINT_Y
92003871,2023,2023-02-27,9135,2023-02-23,2015,018829,,4,2,9,4500,0,3,5,,2,002,"GILMAN RD","BUCK LEAF DR",1426.00,E,N,B,D,N,,,,,,,,,,Y,3,0,2,1,A,-,03,22350,,N,F,A,A,C,H,-,D,D,0,,,,,Y,,A,07,0,1,1,0,0,0,0,0,0,"- ","- ",40.873519897460938,-122.25823211669922,SHASTA,UNINCORPORATED,-122.25804138183594,40.87359619140625
92008115,2023,2023-03-02,9135,2023-02-25,"508 ",020361,,6,3,9,4500,0,1,1,,2,053,"I-5 N/B","GAS POINT ROAD OVERCROSSING",2611.00,S,N,A,-,Y,SHA,,5," "," ",0.156,H,,R,Y,3,0,1,2,A,-,03,22350,,N,C,C,A,C,H,-,D,D,0,,,,Y,Y,,A,07,0,1,0,0,0,0,0,0,0,"- ","- ",40.378440856933594,-122.28472900390625,SHASTA,UNINCORPORATED,-122.28469085693359,40.378440856933594
92008118,2023,2023-03-02,9135,2023-02-25,"638 ",017855,,6,1,2,4501,0,1,1,,2,053,"I-5 S/B","BALLS FERRY ROAD",1600.00,S,N,A,-,Y,SHA,,5," ",R,5.108,H,,L,N,2,0,1,1,A,-,03,22350,,N,E,I,A,C,H,-,D,D,0,,,,,Y,,D,22,1,0,0,0,0,0,0,0,0,"- ","- ",40.448989868164062,-122.29013824462891,SHASTA,ANDERSON,-122.29000091552734,40.449024200439453
92008211,2023,2023-03-02,9135,2023-02-27,1405,017855,,1,2,9,4500,0,1,3,,1,401,SR-44,"SOUTH COW CREEK ROAD",3696.00,E,N,B,D,Y,SHA,,44," ",R,14.527,H,,R,N,4,0,1,1,A,-,03,22350,,N,E,J,A,C,H,-,A,D,0,,,,,Y,,D,22,0,0,1,0,0,0,0,0,0,"- ","- ",40.529529571533203,-122.10791015625,SHASTA,UNINCORPORATED,-122.10799407958984,40.529483795166016
92008245,2023,2023-03-02,9135,2023-02-28,1100,016087,,2,1,9,4500,0,3,5,,2,004,"CHRUN CREEK RD.","PACHECO SCHOOL RD.",0.00,,Y,B,C,N,,,,,,,,,,Y,4,0,2,2,A,-,12,22450,A,N,D,C,A,B,H,-,A,A,0,,,,,Y,,A,01,0,0,2,0,0,0,0,0,0,"- ","- ",40.505561828613281,-122.32421112060547,SHASTA,UNINCORPORATED,-122.32418823242188,40.505588531494141
92010574,2023,2023-03-06,9135,2023-03-04,1255,016480,,6,1,5,4502,0,1,1,,2,054,"I-5 N/B",SR-44,2640.00,S,N,B,-,Y,SHA,,5," ",R,14.941,H,,R,Y,4,0,1,2,A,-,03,22350,,N,C,C,A,B,H,-,A,D,0,,,,,Y,,A,08,0,0,1,0,0,0,0,0,0,"- ","- ",40.578029632568359,-122.36022186279297,SHASTA,REDDING,-122.36032104492188,40.578029632568359
92012490,2023,2023-03-08,9135,2023-03-06,2005,018829,,1,2,9,4500,0,1,3,,2,402,SR-44,"NOBLES TRAIL",6970.00,W,N,D,-,Y,SHA,,44," "," ",45.590,H,,R,Y,4,0,1,1,A,-,03,22350,,N,E,I,A,C,H,-,D,D,0,,,,,Y,,A,07,0,0,1,0,0,0,0,0,0,"- ","- ",40.532451629638672,-121.63730621337891,SHASTA,UNINCORPORATED,-121.63729095458984,40.532432556152344
92015948,2023,2023-03-13,9135,2023-03-05,2015,019257,,7,2,9,4500,0,1,3,,2,604,"STATE ROUTE 44","MOUNTAIN HOUSE ROAD",825.00,E,N,A,-,Y,SHA,,44," "," ",61.776,H,,R,Y,3,0,2,1,A,-,08,22107,,N,E,I,A,C,H,-,D,D,0,,,,,Y,,A,07,0,1,1,0,0,0,0,0,0,"- ","- ",40.675559997558594,-121.44029235839844,SHASTA,UNINCORPORATED,-121.44024658203125,40.675483703613281
92016009,2023,2023-03-13,9135,2023-03-08,1855,016513,,3,2,5,4502,0,1,3,,2,040,"SR-44 W/B","DANA DR",725.00,E,N,B,-,Y,SHA,,44," ",R,0.743,H,,L,N,3,0,2,1,A,-,08,22107,,N,E,I,A,A,H,-,C,D,0,,,,,Y,,A,07,0,1,1,0,0,0,0,0,0,"- ","- ",40.583900451660156,-122.34654998779297,SHASTA,REDDING,-122.34665679931641,40.583717346191406
92027272,2023,2024-03-04,9135,2023-03-14,1500,019710,,2,2,9,4500,0,1,1,,2,053,"SOUTHBOUND INTERSTATE 5","KNIGHTON ROAD",9504.00,S,N,B,C,Y,SHA,,5," ",R,7.868,H,,R,Y,4,0,1,3,A,-,03,22350,,N,E,I,A,B,H,-,A,D,0,,,,,Y,,A,08,0,0,1,0,0,0,0,0,0,"- ","- ",40.481369018554688,-122.320556640625,SHASTA,UNINCORPORATED,-122.32027435302734,40.481529235839844
92027279,2023,2023-03-23,9135,2023-03-18,1250,016480,,6,1,5,4502,0,1,3,,2,040,"SR-44 W/B","OLD OREGON TRAIL",661.00,E,N,A,-,Y,SHA,,44," ",R,3.750,H,,L,Y,2,0,2,2,A,-,03,22350,,N,C,C,A,A,H,-,A,D,0,,,,,Y,,A,01,1,1,0,0,0,0,0,0,0,"- ","- ",40.5601806640625,-122.29853057861328,SHASTA,REDDING,-122.29851531982422,40.560195922851562
92027325,2023,2023-03-23,9135,2023-03-15,2003,019710,,3,2,9,4500,0,1,3,,1,401,"STATE HIGHWAY 44","MCCUMBER LAKE ROAD",2100.00,W,N,A,-,Y,SHA,,44," "," ",38.553,H,,R,Y,2,0,1,2,A,-,06,21751,,N,B,C,A,A,H,-,D,D,0,,,,,Y,,D,22,1,0,0,0,0,0,0,0,0,"- ","- ",40.517490386962891,-121.76383972167969,SHASTA,UNINCORPORATED,-121.76383972167969,40.517498016357422
92027328,2023,2023-03-23,9135,2023-02-12,1655,016513,,7,2,9,4500,0,1,1,,2,053,"I-5 N/B",SR-273,3643.00,S,N,A,-,Y,SHA,,5," ",R,3.128,H,,R,Y,1,1,2,1,D,-,00,,,N,E,I,A,A,H,-,A,D,0,,,,,Y,Y,-,"- ",1,1,0,0,0,0,0,0,0,"- ","- ",40.420909881591797,-122.28196716308594,SHASTA,UNINCORPORATED,-122.28205871582031,40.420902252197266
92039605,2023,2023-04-07,9135,2023-03-22,2155,017698,,3,2,9,4500,0,3,5,,2,004,"DESCHUTES ROAD","VALLOTTON LANE",2640.00,S,N,B,C,N,,,,,,,,,,Y,2,0,1,1,C,-,18,,,N,E,I,A,B,H,-,D,D,0,,,,,Y,,-,"- ",1,0,0,0,0,0,0,0,0,"- ","- ",40.616500854492188,-122.23420715332031,SHASTA,UNINCORPORATED,-122.23426055908203,40.616233825683594
92039632,2023,2023-04-07,9135,2023-03-28,1550,019493,,2,2,5,4502,0,1,1,,2,054,"INTERSTATE 5 N/B","CYPRESS AVENUE",1584.00,N,N,C,-,Y,SHA,,5," ",R,14.871,H,,R,Y,3,0,1,3,A,-,03,22350,,N,C,C,A,B,H,-,A,D,0,,,,,Y,,E,22,0,1,0,0,0,0,0,0,0,"- ","- ",40.577018737792969,-122.36016845703125,SHASTA,REDDING,-122.36031341552734,40.577018737792969
92039702,2023,2023-04-07,9135,2023-03-31,"622 ",021571,,5,1,9,4500,0,1,3,,2,605,SR-299,"CINDER COVE DR",79.00,N,N,B,-,Y,SHA,,89," "," ",15.888,H,,R,Y,3,0,3,1,A,-,08,22107,,N,E,I,A,A,H,-,D,D,0,,,,,Y,,A,07,0,2,1,0,0,0,0,0,0,"- ","- ",40.866851806640625,-121.54804229736328,SHASTA,UNINCORPORATED,-121.5479736328125,40.866886138916016
92040851,2023,2023-04-10,9135,2023-04-08,1205,016480,,6,1,9,4500,0,3,5,,2,004,"DESCHUTES RD.","CEDRO RD.",250.00,N,N,B,-,N,,,,,,,,,,N,4,0,2,2,A,-,09,21804,A,N,D,C,A,A,H,-,A,D,0,,,,,Y,,A,01,0,0,2,0,0,0,0,0,0,"- ","- ",40.560268402099609,-122.23870086669922,SHASTA,UNINCORPORATED,-122.2386474609375,40.560184478759766
92041203,2023,2023-04-10,9135,2023-04-10,"835 ",016480,,1,1,9,4500,0,1,3,,1,401,SR-44,"SILVERBRIDGE RD.",200.00,W,N,A,-,Y,SHA,,44," ",R,8.006,H,,R,Y,4,0,2,4,A,-,03,22350,,N,C,C,A,A,D,-,A,A,0,,,,,Y,,A,01,0,0,2,0,0,0,0,0,0,"- ","- ",40.553550720214844,-122.2205810546875,SHASTA,UNINCORPORATED,-122.22058868408203,40.553508758544922
92044177,2023,2023-04-13,9135,2023-04-10,1545,016513,,1,2,9,4500,0,3,5,,2,004,"BLACK BUTTE RD","GLACIER DR",575.00,S,N,A,-,N,,,,,,,,,,N,3,0,1,1,A,-,08,22107,,N,E,I,A,A,H,-,A,D,0,,,,,Y,,A,01,0,1,0,0,0,0,0,0,0,"- ","- ",40.481689453125,-122.99964141845703,SHASTA,UNINCORPORATED,-121.99935913085938,40.481006622314453
92046941,2023,2023-04-17,9135,2023-04-06,1445,017698,,4,2,9,4500,0,3,5,,2,004,"WEEKS ROAD","CHURN CREEK ROAD",2112.00,W,N,B,-,N,,,,,,,,,,Y,4,0,1,2,A,-,08,22107,,N,E,I,A,A,H,-,A,D,0,,,,,Y,,A,01,0,0,1,0,0,0,0,0,0,"- ","- ",40.487300872802734,-122.32404327392578,SHASTA,UNINCORPORATED,-122.32365417480469,40.487358093261719
92058238,2023,2023-05-01,9135,2023-04-15,1515,021437,,6,2,5,4502,0,3,5,,2,003,"CORAM ROAD","FETZER LANE",1246.00,N,N,A,-,N,,,,,,,,,,N,3,0,1,1,A,-,01,23152,A,M,E,I,A,A,H,-,A,D,0,,,,,Y,Y,A,07,0,1,0,0,0,0,0,0,0,"- ","- ",40.709220886230469,-122.44293212890625,SHASTA,REDDING,-122.44377136230469,40.709419250488281
92058341,2023,2023-05-01,9135,2023-04-19,2050,016513,,3,2,5,4502,0,1,1,,2,054,"I-5 S/B","SOUTH BONNYVIEW ROAD",125.00,N,N,B,-,Y,SHA,,5," ",R,12.195,H,,L,N,4,0,1,2,A,-,08,22107,,N,B,C,A,A,H,-,D,D,0,,,,Y,Y,,A,08,0,0,1,0,0,0,0,0,0,"- ","- ",40.539070129394531,-122.35141754150391,SHASTA,REDDING,-122.35147094726562,40.539058685302734
92060524,2023,2023-05-03,9135,2023-04-25,2023,019710,,2,2,9,4500,0,3,5,,2,003,"HAWTHORNE ROAD","DIXIELAND DRIVE",400.00,W,N,A,-,N,,,,,,,,,,Y,3,0,1,1,C,-,18,,,N,E,J,A,A,H,-,B,D,0,,,Y,,Y,,-,"- ",0,1,0,0,0,0,0,0,1,"- ","- ",40.478069305419922,-122.43972778320312,SHASTA,UNINCORPORATED,-122.43943786621094,40.478046417236328
92066472,2023,2023-05-11,9135,2023-04-25,1540,017698,,2,2,5,4502,0,1,3,,2,040,"SR-44 E/B",I-5,150.00,W,N,A,-,Y,SHA,,44," ",L,1.778,H,,R,N,4,0,1,1,A,-,08,22107,,N,E,I,A,A,H,-,A,D,0,,,,,Y,Y,A,01,0,0,1,0,0,0,0,0,0,"- ","- ",40.585239410400391,-122.36112976074219,SHASTA,REDDING,-122.36111450195312,40.585365295410156
92067050,2023,2023-05-11,9135,2023-05-11,"945 ",016615,,4,1,5,4502,0,1,1,,2,054,"I-5 S/B","LAKE BLVD",2300.00,S,N,A,-,Y,SHA,,5," ",R,16.884,H,,L,Y,4,0,2,2,A,-,07,21658,A,N,B,C,A,A,H,-,A,D,0,,,,,Y,,A,01,0,0,2,0,0,0,0,0,0,"- ","- ",40.60614013671875,-122.36147308349609,SHASTA,REDDING,-122.36153411865234,40.606128692626953
92067638,2023,2023-05-12,9135,2023-05-11,"930 ",021571,,4,1,5,4502,0,1,3,,2,603,SR-299,"BALDY MCCULLEY RD",756.00,W,N,A,-,Y,SHA,,299," "," ",98.387,H,,R,Y,2,0,1,1,A,-,08,22107,,N,E,I,A,A,H,-,A,D,0,,,,,Y,,A,01,1,0,0,0,0,0,0,0,0,"- ","- ",41.067440032958984,-121.3486328125,SHASTA,REDDING,-121.34867095947266,41.067508697509766
92074237,2023,2023-05-22,9135,2023-05-17,1155,017428,,3,1,9,4500,0,3,5,,2,002,"OLD OREGON TRAIL","OLD 44 DRIVE",500.00,N,N,A,-,N,,,,,,,,,,Y,4,0,2,3,A,-,03,22350,,N,C,C,A,A,H,-,A,D,0,,,,,Y,,A,01,0,0,2,0,0,0,0,0,0,"- ","- ",40.565330505371094,-122.29898071289062,SHASTA,UNINCORPORATED,-122.29899597167969,40.565258026123047
92074396,2023,2023-05-22,9135,2023-05-18,1357,018829,,4,1,9,4500,0,1,1,,2,056,"I-5 N/B","BRIDGE BAY ROAD UNDERCROSSING",330.00,S,N,A,-,Y,SHA,,5," ",R,28.129,H,,R,Y,4,0,1,1,A,-,01,23152,A,N,E,I,A,A,H,-,A,D,0,,,,Y,Y,Y,G,25,0,0,1,0,0,0,0,0,0,"- ","- ",40.757701873779297,-122.31918334960938,SHASTA,UNINCORPORATED,-122.31925201416016,40.757720947265625
92080967,2023,2023-05-30,9135,2023-05-19,1435,020224,,5,2,9,4500,0,1,3,,2,604,"SR 44","FOREST ROUTE 32N12",3590.00,W,N,A,-,Y,SHA,,44," "," ",56.656,H,,R,N,3,0,1,1,A,-,08,22107,,N,F,A,A,A,H,-,A,D,0,,,Y,,Y,,C,02,0,1,0,0,0,0,0,0,1,"- ","- ",40.618000030517578,-121.49237060546875,SHASTA,UNINCORPORATED,-121.49239349365234,40.618045806884766
92082270,2023,2023-05-31,9135,2023-05-22,2325,018021,,1,3,9,4500,0,1,3,,1,401,"STATE ROUTE 44","BRADY LANE",275.00,W,N,A,-,Y,SHA,,44," ",R,16.591,H,,R,Y,4,0,1,1,A,-,08,22107,,N,E,I,A,A,H,-,D,D,0,,,,,Y,,A,07,0,0,1,0,0,0,0,0,0,"- ","- ",40.515560150146484,-122.07723999023438,SHASTA,UNINCORPORATED,-122.07725524902344,40.515476226806641
92082420,2023,2023-05-31,9135,2023-05-24,1700,018829,,3,2,9,4500,0,3,5,,2,001,"CHAPPIE SHASTA OFF HIGHWAY VEHICLE TRAIL 13","TRAIL 30",325.00,E,N,A,-,N,,,,,,,,,,N,4,0,1,1,A,-,08,22107,,N,F,A,A,A,H,-,A,D,0,,,Y,,Y,,C,06,0,0,1,0,0,0,0,0,1,"- ","- ",40.75775146484375,-122.52393341064453,SHASTA,UNINCORPORATED,,
92082652,2023,2023-05-31,9135,2023-05-29,"808 ",018866,,1,1,9,4500,0,1,3,,2,601,SR-299,"BUNCH GRASS LOOKOUT RD",1056.00,E,N,A,-,Y,SHA,,299," "," ",68.343,H,,R,Y,3,0,2,1,A,-,08,22107,,N,E,I,A,A,H,-,A,D,0,,,,,Y,,A,07,0,2,0,0,0,0,0,0,0,"- ","- ",40.852470397949219,-121.76097106933594,SHASTA,UNINCORPORATED,-121.76097869873047,40.852310180664062
92083415,2023,2023-06-01,9135,2023-05-31,"920 ",016480,,3,1,5,4502,0,1,1,,2,054,"I-5 N/B","LOMA VISTA DR",1056.00,N,N,A,-,Y,SHA,,5," ",R,13.314,H,,R,N,4,0,1,2,A,-,07,21658,A,N,B,C,A,A,H,-,A,D,0,,,,Y,Y,,F,25,0,0,1,0,0,0,0,0,0,"- ","- ",40.554798126220703,-122.35604095458984,SHASTA,REDDING,-122.35604095458984,40.554801940917969
92085865,2023,2023-06-05,9135,2023-05-22,1514,017698,,1,2,5,4502,0,1,3,,2,040,"SR-44 W/B","AUDITORIUM DRIVE",1584.00,W,N,A,-,Y,SHA,,44," ",L,0.566,H,,L,N,4,0,1,4,A,-,03,22350,,N,C,C,A,A,H,-,A,D,0,,,,,Y,,A,01,0,0,1,0,0,0,0,0,0,"- ","- ",40.586750030517578,-122.384033203125,SHASTA,REDDING,-122.38399505615234,40.586673736572266
92086179,2023,2023-06-05,9135,2023-05-30,1454,016513,,2,2,2,4501,0,1,1,,2,053,"I-5 N/B","DESCHUTES RD",125.00,S,N,A,-,Y,SHA,,5," ",R,4.280,H,,R,Y,4,0,1,2,A,-,01,23152,A,N,D,C,A,A,H,-,A,D,0,,,,,Y,Y,A,01,0,0,1,0,0,0,0,0,0,"- ","- ",40.437320709228516,-122.28662109375,SHASTA,ANDERSON,-122.28667449951172,40.437309265136719
92086782,2023,2023-06-06,9135,2023-06-02,"310 ",020363,,5,3,9,4500,0,1,3,,2,040,"SR-44 W/B","STILLWATER RD.",600.00,E,N,A,-,Y,SHA,,44," ",R,5.141,H,,L,Y,3,0,1,1,A,-,01,23152,A,N,E,I,A,A,H,-,D,D,0,,,,,Y,Y,A,07,0,1,0,0,0,0,0,0,0,"- ","- ",40.559810638427734,-122.27297973632812,SHASTA,UNINCORPORATED,-122.27298736572266,40.559764862060547
92088602,2023,2023-09-19,9135,2023-06-02,1900,021571,,5,2,9,4500,0,1,3,,2,605,SR-89,"WANDER LN",396.00,N,N,A,-,Y,SHA,,89," "," ",0.682,H,,R,N,3,0,2,2,A,-,06,21750,A,N,D,C,A,A,H,-,A,D,0,,,Y,,Y,,C,02,0,2,0,0,0,0,0,0,2,"- ","- ",40.692939758300781,-121.41915893554688,SHASTA,UNINCORPORATED,-121.419189453125,40.692947387695312
92091424,2023,2023-06-12,9135,2023-05-27,1045,016461,,6,1,9,4500,0,3,5,,2,002,"JONES VALLEY RD","SILVERTHORN RD",8976.00,E,N,A,-,N,,,,,,,,,,Y,3,0,1,2,A,-,01,23152,A,N,B,C,A,A,H,-,A,A,0,,,,,Y,Y,D,22,0,1,0,0,0,0,0,0,0,"- ","- ",40.731178283691406,-122.21521759033203,SHASTA,UNINCORPORATED,-122.23133850097656,40.729930877685547
92091917,2023,2023-06-12,9135,2023-05-25,1750,017698,,4,2,9,4500,0,3,5,,2,004,"OLD 44 DRIVE","KIBLEY ROAD",750.00,W,N,B,-,N,,,,,,,,,,N,2,0,1,2,A,-,03,22350,,N,D,C,A,B,H,-,A,D,0,,,Y,,Y,,C,02,1,0,0,0,0,0,0,0,1,"- ","- ",40.564189910888672,-122.26857757568359,SHASTA,UNINCORPORATED,-122.26987457275391,40.563922882080078
92093902,2023,2023-06-14,9135,2023-06-12,1258,015317,,1,1,9,4500,0,1,1,,2,055,"INTERSTATE -5 NORTHBOUND","OASIS RD OVERCROSSING",528.00,N,N,A,-,Y,SHA,,5," ",R,19.640,H,,R,N,3,0,1,2,A,-,08,22107,,N,E,I,A,A,H,-,A,D,0,,,,,Y,,A,01,0,1,0,0,0,0,0,0,0,"- ","- ",40.645519256591797,-122.36347961425781,SHASTA,UNINCORPORATED,-122.36337280273438,40.645496368408203
92094645,2023,2023-06-15,9135,2023-06-08,1640,020491,,4,2,9,4500,0,3,5,,2,002,"NATALIE WAY","TIERRA OAKS DRIVE",685.00,N,N,B,-,N,,,,,,,,,,Y,3,0,1,1,A,-,01,23152,A,N,E,I,A,A,H,-,A,D,0,,,,,Y,Y,D,22,0,1,0,0,0,0,0,0,0,"- ","- ",40.678901672363281,-122.34163665771484,SHASTA,UNINCORPORATED,-122.34165954589844,40.678836822509766
92102517,2023,2023-06-26,9135,2023-06-22,1539,017428,,4,2,9,4500,0,3,5,,2,002,"BEAR MOUNTAIN ROAD","OLD OREGON TRAIL",45.00,E,N,A,-,N,,,,,,,,,,Y,3,0,1,1,A,-,08,22107,,N,E,8,A,A,H,-,A,D,0,,,,,Y,,A,01,0,1,0,0,0,0,0,0,0,"- ","- ",40.672821044921875,-122.32202911376953,SHASTA,UNINCORPORATED,-122.32213592529297,40.6727294921875
92108249,2023,2023-07-03,9135,2023-06-25,1635,019257,,7,2,9,4500,0,1,3,,2,602,"STATE ROUTE 299","CEDAR STREET",65.00,E,N,A,-,Y,SHA,,299," "," ",74.537,H,,R,Y,3,0,1,2,A,-,03,22350,,N,C,C,A,A,H,-,A,D,0,,,Y,,Y,,C,02,0,1,0,0,0,0,0,0,1,"- ","- ",40.879798889160156,-121.67439270019531,SHASTA,UNINCORPORATED,-121.67436218261719,40.879779815673828
92108383,2023,2023-07-03,9135,2023-06-27,1710,017698,,2,2,9,4500,0,3,5,,2,004,"WHITMORE ROAD","WILLIAMS RANCH ROAD",155.00,E,N,A,-,N,,,,,,,,,,Y,4,0,1,1,A,-,01,23152,A,N,E,I,A,A,H,-,A,D,0,,,,,Y,,A,01,0,0,1,0,0,0,0,0,0,"- ","- ",40.624061584472656,-121.99965667724609,SHASTA,UNINCORPORATED,-122.01148986816406,40.618770599365234
9210942,2020,2021-02-05,4501,2020-12-05,2023,228,A01,6,5,2,4501,0,0,0,,0,001,"RT 273","OX YOKE RD",105.00,S,N,A,-,Y,SHA,2,273,-,-,6.880,H,-,S,Y,4,0,1,3,A,-,03,22350,,N,C,C,A,A,H,-,C,D,0,,,,,Y,,A,01,0,0,1,0,0,0,0,0,0,"- ","- ",40.464500427246094,-122.32212066650391,SHASTA,ANDERSON,-122.32181549072266,40.464305877685547
92109645,2023,2023-07-05,9135,2023-07-02,1505,021571,,7,2,9,4500,0,1,3,,2,601,SR-299,"MOOSE CAMP RD",2640.00,E,N,A,-,Y,SHA,,299," "," ",64.054,H,,R,N,4,0,1,2,A,-,03,22350,,N,C,C,A,A,H,-,A,D,0,,,,,Y,,A,07,0,0,1,0,0,0,0,0,0,"- ","- ",40.865318298339844,-121.83544158935547,SHASTA,UNINCORPORATED,-121.83544158935547,40.865329742431641
9211075,2020,2021-02-22,4501,2020-12-16,1446,225,A01,3,5,2,4501,0,0,0,,0,A01,"FACTORY OUTLETS DR","ARBY WY",0.00,,Y,B,C,N,,,,,,,,,,Y,4,0,1,2,A,-,09,21804,B,N,D,C,A,B,H,-,A,D,0,,,,,Y,,A,01,0,0,1,0,0,0,0,0,0,"- ","- ",40.436931610107422,-122.28903961181641,SHASTA,ANDERSON,-122.28901,40.437019999999997
92110772,2023,2023-07-06,9135,2023-07-04,1442,018829,,2,2,9,4500,0,3,5,,2,003,"OLINDA RD","AUDREY LANE",19.00,W,N,A,-,N,,,,,,,,,,Y,3,0,1,1,A,-,03,22350,,N,F,A,A,A,H,-,A,D,0,,,Y,,Y,,C,02,0,1,0,0,0,0,0,0,1,"- ","- ",40.439151763916016,-122.39399719238281,SHASTA,UNINCORPORATED,-122.3941650390625,40.439132690429688
9211623,2020,2021-02-18,4502,2020-12-08,1601,R0158,R07,2,5,5,4502,0,0,0,,0,007,"LAKE BL","OASIS RD",0.00,,Y,A,-,N,,,,,,,,,,Y,1,1,2,2,A,-,00,23153,E,N,D,C,A,A,H,-,A,A,0,,,,,Y,,A,01,1,1,0,0,0,0,0,0,0,"- ","- ",40.627410888671875,-122.40522003173828,SHASTA,REDDING,-122.40522766113281,40.627368927001953
92124180,2023,2023-07-24,9135,2023-07-08,1715,019710,,6,2,2,4580,0,3,5,,2,003,"HAPPY VALLEY RD","SANDS LN",700.00,W,N,A,-,N,,,,,,,,,,N,3,0,1,1,A,-,05,21650,,N,E,I,A,A,H,-,A,D,0,,,,,Y,,A,07,0,1,0,0,0,0,0,0,0,"- ","- ",40.491058349609375,-122.37191009521484,SHASTA,"SHASTA LAKE",-122.37195587158203,40.491092681884766
92124391,2023,2023-07-24,9135,2023-07-18,1145,017855,,2,1,9,4500,0,3,5,,2,004,"DERSCH ROAD","DESCHUTES ROAD",1140.00,E,N,A,-,N,,,,,,,,,,N,3,0,1,2,A,-,06,21750,A,N,F,A,A,A,H,-,A,D,0,,,Y,Y,Y,,C,02,0,1,0,0,0,0,0,0,1,"- ","- ",40.476551055908203,-122.23709869384766,SHASTA,UNINCORPORATED,-122.23725128173828,40.476478576660156
92124486,2023,2023-07-24,9135,2023-07-18,1749,018829,,2,2,9,4500,0,3,5,,2,001,"KESWICK DAM ROAD","IRON MOUNTAIN ROAD",65.00,E,N,A,-,N,,,,,,,,,,N,4,0,1,1,A,-,08,22107,,N,F,A,A,A,H,-,A,D,0,,Y,,,Y,,L,04,0,0,1,0,0,0,1,0,0,"- ","- ",40.614891052246094,-122.46011352539062,SHASTA,UNINCORPORATED,-122.46015930175781,40.61492919921875
92125367,2023,2023-07-25,9135,2023-07-22,2047,019493,,6,2,9,4500,0,3,5,,2,001,"WALKER MINE ROAD","LAKE BLVD",10.00,W,N,A,-,N,,,,,,,,,,Y,4,0,2,1,A,-,03,22350,,N,E,I,A,A,H,-,B,D,0,,,,,Y,,A,01,0,0,2,0,0,0,0,0,0,"- ","- ",40.662490844726562,-122.39644622802734,SHASTA,UNINCORPORATED,-122.39641571044922,40.662731170654297
92135285,2023,2023-08-03,9135,2023-07-26,2145,019801,,3,2,5,4502,0,2,S,,2,901,"CHURN CREEK RD","GREEN ACRES DR",90.00,N,N,A,-,N,,,,,,,,,,N,3,0,1,2,A,-,08,22107,,N,G,B,E,A,H,-,D,D,0,Y,,,,Y,,D,22,0,1,0,0,1,0,0,0,0,"- ","- ",40.522331237792969,-122.333740234375,SHASTA,REDDING,-122.33371734619141,40.522266387939453