CASE_ID,ACCIDENT_YEAR,PROC_DATE,JURIS,COLLISION_DATE,COLLISION_TIME,OFFICER_ID,REPORTING_DISTRICT,DAY_OF_WEEK,CHP_SHIFT,POPULATION,CNTY_CITY_LOC,SPECIAL_COND,BEAT_TYPE,CHP_BEAT_TYPE,CITY_DIVISION_LAPD,CHP_BEAT_CLASS,BEAT_NUMBER,PRIMARY_RD,SECONDARY_RD,DISTANCE,DIRECTION,INTERSECTION,WEATHER_1,WEATHER_2,STATE_HWY_IND,CALTRANS_COUNTY,CALTRANS_DISTRICT,STATE_ROUTE,ROUTE_SUFFIX,POSTMILE_PREFIX,POSTMILE,LOCATION_TYPE,RAMP_INTERSECTION,SIDE_OF_HWY,TOW_AWAY,COLLISION_SEVERITY,NUMBER_KILLED,NUMBER_INJURED,PARTY_COUNT,PRIMARY_COLL_FACTOR,PCF_CODE_OF_VIOL,PCF_VIOL_CATEGORY,PCF_VIOLATION,PCF_VIOL_SUBSECTION,HIT_AND_RUN,TYPE_OF_COLLISION,MVIW,PED_ACTION,ROAD_SURFACE,ROAD_COND_1,ROAD_COND_2,LIGHTING,CONTROL_DEVICE,CHP_ROAD_TYPE,PEDESTRIAN_ACCIDENT,BICYCLE_ACCIDENT,MOTORCYCLE_ACCIDENT,TRUCK_ACCIDENT,NOT_PRIVATE_PROPERTY,ALCOHOL_INVOLVED,STWD_VEHTYPE_AT_FAULT,CHP_VEHTYPE_AT_FAULT,COUNT_SEVERE_INJ,COUNT_VISIBLE_INJ,COUNT_COMPLAINT_PAIN,COUNT_PED_KILLED,COUNT_PED_INJURED,COUNT_BICYCLIST_KILLED,COUNT_BICYCLIST_INJURED,COUNT_MC_KILLED,COUNT_MC_INJURED,PRIMARY_RAMP,SECONDARY_RAMP,LATITUDE,LONGITUDE,COUNTY,CITY,POINT_X,POINT_Y
9439054,2021,2022-05-24,4502,2021-08-12,1349,540,,4,5,5,4502,0,0,0,,0,001,"HILLTOP DR","DANA DR",60.00,S,N,A,-,N,,,,,,,,,,Y,3,0,1,3,A,-,03,22350,,N,C,C,A,A,H,-,A,A,0,,,,,Y,,A,07,0,1,0,0,0,0,0,0,0,"- ","- ",40.586479187011719,-122.3580322265625,SHASTA,REDDING,-122.35800933837891,40.586315155029297
94406132,2024,2024-09-24,9135,2024-09-19,1455,020157,,4,2,9,4500,0,3,5,,2,003,"GAS PIONT RD","I-5 S/B TO GAS POINT RD",0.00,,Y,A,-,Y,,,,,,,,,,Y,3,0,2,2,A,-,12,21453,A,N,D,C,A,A,H,-,A,A,0,,,,,Y,Y,-,"- ",0,2,0,0,0,0,0,0,0,"- ","- ",40.389381408691406,-122.28691101074219,SHASTA,UNINCORPORATED,-122.28739929199219,40.389328002929688
94407292,2024,2024-09-25,9135,2024-09-24,2350,020696,,2,3,9,4500,0,1,3,,1,201,SR-299,"299 SHA 43.56",25.00,W,N,A,-,Y,SHA,,299," "," ",43.612,H,,R,N,4,0,1,1,A,-,08,22107,,N,E,I,A,A,H,-,D,D,0,,,,,Y,,D,22,0,0,1,0,0,0,0,0,0,"- ","- ",40.735458374023438,-122.07402038574219,SHASTA,UNINCORPORATED,-122.07386779785156,40.735439300537109
94415013,2024,2024-10-01,9135,2024-08-15,"217 ",019638,,4,3,9,4500,0,1,3,,1,201,"SR-299 E/B","BLUE SKY RD",15.00,W,N,A,-,Y,SHA,,299," "," ",34.543,H,,R,Y,1,2,0,1,A,-,08,22107,,N,E,I,A,A,H,-,D,D,0,,,,,Y,,D,22,0,0,0,0,0,0,0,0,0,"- ","- ",40.661170959472656,-122.196533203125,SHASTA,UNINCORPORATED,-122.19651031494141,40.661224365234375
94420935,2024,2024-11-18,9135,2024-09-25,1925,021204,,3,2,9,4500,0,3,5,,2,003,"W. ANDERSON DR","OLINDA RD",8448.00,S,N,A,-,N,,,,,,,,,,Y,2,0,2,2,A,-,01,23152,A,N,A,C,A,A,H,-,D,D,0,,,,,Y,Y,A,07,2,0,0,0,0,0,0,0,0,"- ","- ",40.429218292236328,-122.32875823974609,SHASTA,UNINCORPORATED,-122.30428314208984,40.437698364257812
94424812,2024,2024-10-09,9135,2024-09-28,1045,019493,,6,1,9,4500,0,3,5,,2,001,"LAKE BLVD","MAC'S RD",10.00,S,N,A,-,N,,,,,,,,,,N,2,0,1,2,A,-,03,22350,,N,C,G,A,A,H,-,A,D,0,,Y,,,Y,,A,01,1,0,0,0,0,0,1,0,0,"- ","- ",40.639541625976562,-122.40115356445312,SHASTA,UNINCORPORATED,-122.40119934082031,40.639636993408203
94426127,2024,2024-10-10,9135,2024-10-08,1759,023943,,2,2,9,4500,0,3,5,,2,003,"HAPPY VALLEY RD","OLINDA RD",0.00,,Y,A,-,N,,,,,,,,,,Y,4,0,1,2,A,-,12,22450,A,N,D,C,A,A,H,-,A,A,0,,,,,Y,,D,22,0,0,1,0,0,0,0,0,0,"- ","- ",40.439250946044922,-122.40750122070312,SHASTA,UNINCORPORATED,-122.40760040283203,40.439449310302734
94434991,2024,2024-10-17,9135,2024-08-29,"50  ",020363,,4,3,5,4502,0,1,3,,2,040,"SR-44 E/B","OLD OREGON TRAIL",2165.00,E,N,A,-,Y,SHA,,44," ",R,4.039,H,,R,Y,1,1,3,1,A,-,01,23152,F,N,E,8,A,A,H,-,D,D,0,,,,,Y,,A,07,3,0,0,0,0,0,0,0,0,"- ","- ",40.557918548583984,-122.29374694824219,SHASTA,REDDING,-122.29370880126953,40.558063507080078
94438146,2024,2024-10-21,9135,2024-08-15,2115,020363,,4,2,5,4502,0,3,5,,2,003,"ANDERSON DR.","SHOOTING STAR WAY",3432.00,S,N,A,-,N,,,,,,,,,,Y,1,1,0,1,A,-,01,23152,F,N,E,8,A,A,H,-,D,D,0,,,,,Y,,A,01,0,0,0,0,0,0,0,0,0,"- ","- ",40.431720733642578,-122.32032775878906,SHASTA,REDDING,-122.32061767578125,40.431632995605469
94449857,2024,2024-10-29,9135,2024-10-14,1440,019257,,1,2,9,4500,0,1,3,,2,602,"STATE ROUTE 299","ROFF WAY",60.00,E,N,A,-,Y,SHA,,299," "," ",75.753,H,,R,N,2,0,1,2,D,-,00,,,N,D,G,A,A,H,-,A,D,0,,Y,,,Y,,-,"- ",1,0,0,0,0,0,1,0,0,"- ","- ",40.887409210205078,-121.65545654296875,SHASTA,UNINCORPORATED,-121.65532684326172,40.887340545654297
94449861,2024,2024-10-29,9135,2024-10-18,1130,017698,,5,1,9,4500,0,3,5,,2,004,"WILSON HILL ROAD","ROCK CREEK ROAD",1056.00,N,N,A,-,N,,,,,,,,,,Y,4,0,3,2,A,-,05,21650,,N,A,C,A,A,H,-,A,D,0,,,,,Y,,A,07,0,0,3,0,0,0,0,0,0,"- ","- ",40.446170806884766,-121.86869049072266,SHASTA,UNINCORPORATED,-121.86993408203125,40.445873260498047
94450943,2024,2024-10-30,9135,2024-10-28,1925,023943,,1,2,9,4500,0,1,3,,1,201,"SR-299 E/B","299 SHA 45.00",150.00,W,N,A,-,Y,,,,,,,,,,Y,3,0,1,1,A,-,01,23152,A,N,F,A,A,A,H,-,D,D,0,,,,,Y,Y,A,07,0,1,0,0,0,0,0,0,0,"- ","- ",40.746341705322266,-122.05471801757812,SHASTA,UNINCORPORATED,-121.91355895996094,40.861717224121094
94451262,2024,2024-10-30,9135,2024-10-25,1530,020157,,5,2,9,4500,0,3,5,,2,002,"OLD ALTURAS ROAD","OLD OAK LANE",500.00,W,N,A,-,N,,,,,,,,,,Y,4,0,1,2,A,-,08,22107,,N,A,C,A,A,H,-,A,D,0,,,,,Y,,A,07,0,0,1,0,0,0,0,0,0,"- ","- ",40.592880249023438,-122.29148101806641,SHASTA,UNINCORPORATED,-122.29087829589844,40.592746734619141
94452105,2024,2024-10-31,9135,2024-08-10,1905,020361,,6,2,9,4500,0,1,3,,2,402,SR-44,"BLACK BUTTE ROAD",1384.00,W,N,A,-,Y,SHA,,44," ",R,20.981,H,,R,Y,1,1,2,2,A,-,05,21460,A,N,A,C,A,A,H,-,A,D,0,,,,,Y,Y,D,22,1,1,0,0,0,0,0,0,0,"- ","- ",40.503288269042969,-121.99897766113281,SHASTA,UNINCORPORATED,-121.99893188476562,40.503318786621094
94452706,2024,2024-10-31,9135,2024-10-30,"755 ",018388,,3,1,9,4500,0,3,5,,2,001,"OLD OREGON TRAIL","OLD ALTURAS",2640.00,N,N,B,-,N,,,,,,,,,,Y,3,0,1,1,A,-,08,22107,,N,E,I,A,A,H,-,A,D,0,,,Y,,Y,,C,02,0,1,0,0,0,0,0,0,1,"- ","- ",40.595600128173828,-122.31072235107422,SHASTA,UNINCORPORATED,-122.31038665771484,40.594940185546875
94453071,2024,2024-10-31,9135,2024-10-14,1713,019257,,1,2,9,4500,0,1,3,,2,603,"STATE ROUTE 299","PIT #1 POWERHOUSE ROAD",5808.00,E,N,A,-,Y,SHA,,299," "," ",88.574,H,,R,Y,1,1,0,1,A,-,08,22107,,N,E,J,A,A,H,-,A,D,0,,,Y,,Y,,C,02,0,0,0,0,0,0,0,1,0,"- ","- ",40.993671417236328,-121.49221038818359,SHASTA,UNINCORPORATED,-121.49221038818359,40.993663787841797
9445346,2021,2022-06-06,4502,2021-08-23,1846,540,R02,1,5,5,4502,0,0,0,,0,002,"HILLTOP DR","RT 44",0.00,,Y,A,-,Y,SHA,2,5,-,R,15.265,R,4,N,Y,3,0,1,2,A,-,12,21453,A,N,D,C,A,A,H,-,A,A,0,,,,,Y,,A,01,0,1,0,0,0,0,0,0,0,"- ",EF,40.584011077880859,-122.35785675048828,SHASTA,REDDING,-122.36040496826172,40.582710266113281
9445351,2021,2022-06-09,4502,2021-10-19,1705,540,R05,2,5,5,4502,0,0,0,,0,005,"BENTON DR","NORTH MARKET ST",50.00,W,N,B,-,Y,SHA,2,273,-,-,17.820,I,6,S,N,3,0,1,2,A,-,03,22350,,N,C,C,A,A,H,-,A,A,0,,,,,Y,Y,-,99,0,1,0,0,0,0,0,0,0,"- ","- ",40.599510192871094,-122.38411712646484,SHASTA,REDDING,-122.38417053222656,40.599582672119141
94458120,2024,2024-11-05,9135,2024-10-30,1351,017428,,3,1,9,4500,0,1,1,,2,056,"I-5 N/B","OLD OREGON TRAIL",3168.00,N,N,B,-,Y,SHA,,5," ",R,24.681,H,,R,Y,3,0,1,1,A,-,08,22107,,N,E,I,A,A,H,-,A,D,0,,,,Y,Y,,-,"- ",0,1,0,0,0,0,0,0,0,"- ","- ",40.713668823242188,-122.33203887939453,SHASTA,UNINCORPORATED,-122.33213043212891,40.713703155517578
9445887,2021,2022-05-24,4502,2021-08-27,1416,539,R01,5,5,5,4502,0,0,0,,0,001,"OLD OREGON TRL","HARLEY LEIGHTON RD",39.00,S,N,A,-,N,,,,,,,,,,Y,3,0,2,2,A,-,03,22350,,N,C,C,A,A,H,-,A,D,0,,,,,Y,,A,01,0,2,0,0,0,0,0,0,0,"- ","- ",40.570960998535156,-122.30036163330078,SHASTA,REDDING,-122.30664825439453,40.586086273193359
94459977,2024,2024-11-06,9146,2024-10-28,2350,017958,,1,3,9,4500,0,1,1,,2,013,"INTERSTATE 5 (SOUTHBOUND)","CRAG VIEW DRIVE",1300.00,S,N,A,-,Y,SHA,,5," "," ",66.548,H,,R,Y,2,0,2,2,A,-,03,22350,,N,C,C,A,A,H,-,D,D,0,,,,Y,Y,,G,25,1,1,0,0,0,0,0,0,0,"- ","- ",41.178188323974609,-122.2938232421875,SHASTA,UNINCORPORATED,-122.29369354248047,41.178134918212891
9446358,2021,2022-05-27,4502,2021-09-16,1145,540,R03,4,5,5,4502,0,0,0,,0,003,"AIRPORT RD","MILL LN",60.00,S,N,A,-,N,,,,,,,,,,Y,4,0,1,2,A,-,03,22350,,N,C,C,A,A,H,-,A,A,0,,,,,Y,,D,22,0,0,1,0,0,0,0,0,0,"- ","- ",40.523040771484375,-122.30278015136719,SHASTA,REDDING,-122.30277252197266,40.522861480712891
9446361,2021,2022-05-27,4502,2021-09-08,1616,155,R02,3,5,5,4502,0,0,0,,0,002,"CHURN CREEK RD","PRESIDIO ST",420.00,S,N,A,-,N,,,,,,,,,,N,3,0,1,2,A,-,03,22350,,N,C,C,A,A,H,-,A,D,0,,,,,Y,,A,01,0,1,0,0,0,0,0,0,0,"- ","- ",40.580539703369141,-122.35434722900391,SHASTA,REDDING,-122.35417938232422,40.580970764160156
9446365,2021,2022-05-27,4502,2021-09-02,1335,526,R03,4,5,5,4502,0,0,0,,0,003,"HARTNELL AV","YANA AV",0.00,,Y,A,-,N,,,,,,,,,,N,4,0,1,2,A,-,09,21801,A,N,D,C,A,A,H,-,A,D,0,,,,,Y,,D,22,0,0,1,0,0,0,0,0,0,"- ","- ",40.563709259033203,-122.33715057373047,SHASTA,REDDING,-122.33712005615234,40.563720703125
9446379,2021,2022-07-07,4502,2021-09-27,2250,167,R06,1,5,5,4502,0,0,0,,0,006,"QUARTZ HILL RD","QUARTZ HILL RD 11194",260.00,W,N,A,-,N,,,,,,,,,,Y,3,0,1,1,A,-,01,23152,A,M,D,-,A,A,H,-,D,D,0,,,,,Y,Y,D,22,0,1,0,0,0,0,0,0,0,"- ","- ",40.596698760986328,-122.40068817138672,SHASTA,REDDING,,
9446481,2021,2022-05-27,4502,2021-09-19,1715,525,R02,7,5,5,4502,0,0,0,,0,002,"CYPRESS AV","CHURN CREEK RD",0.00,,Y,A,-,N,,,,,,,,,,Y,4,0,2,3,A,-,01,23152,A,N,D,C,A,A,H,-,A,A,0,,,,,Y,Y,A,07,0,0,2,0,0,0,0,0,0,"- ","- ",40.571041107177734,-122.35308837890625,SHASTA,REDDING,-122.35310363769531,40.571037292480469
94465451,2024,2024-11-12,9146,2024-10-31,1655,021333,,4,2,9,4500,0,1,1,,2,013,"INTERSTATE 5","FLUME CREEK RD",2640.00,S,N,C,-,Y,SHA,,5," "," ",58.911,H,,R,Y,2,0,1,1,A,-,03,22350,,N,E,I,A,B,H,-,D,D,0,,,,,Y,,D,22,1,0,0,0,0,0,0,0,0,"- ","- ",41.091281890869141,-122.35141754150391,SHASTA,UNINCORPORATED,-122.35145568847656,41.091320037841797
94467407,2024,2024-11-13,9135,2024-11-12,"38  ",022791,,2,3,9,4500,0,3,5,,2,002,"EMIGRANT TRAIL","STAR TREK DRIVE",385.00,W,N,A,-,N,,,,,,,,,,Y,4,0,1,1,A,-,08,22107,,N,E,I,A,B,H,-,D,D,0,,,,,Y,,A,01,0,0,1,0,0,0,0,0,0,"- ","- ",40.521308898925781,-121.79730987548828,SHASTA,UNINCORPORATED,-121.79740142822266,40.521694183349609
94474145,2024,2024-11-18,9135,2024-11-17,1755,019485,,7,2,9,4500,0,1,1,,2,056,"I-5 S/B","LA MOINE RD",5280.00,S,N,B,-,Y,SHA,,5," ",R,48.730,H,,L,Y,4,0,1,1,A,-,08,22107,,N,E,I,A,B,H,-,D,D,0,,,,,Y,,A,01,0,0,1,0,0,0,0,0,0,"- ","- ",40.972919464111328,-122.43202209472656,SHASTA,UNINCORPORATED,-122.43216705322266,40.972930908203125
94475213,2024,2024-11-19,9135,2024-11-02,"835 ",017428,,6,1,9,4500,0,1,1,,2,056,"I-5 S/B","ANTLERS BRIDGE #06-0210",528.00,S,N,B,-,Y,SHA,,5," ",M,40.265,H,,R,Y,3,0,1,1,A,-,08,22107,,N,E,I,A,B,H,-,A,D,0,,,,Y,Y,,G,25,0,1,0,0,0,0,0,0,0,"- ","- ",40.88214111328125,-122.38166809082031,SHASTA,UNINCORPORATED,-122.38188934326172,40.882057189941406
94475874,2024,2024-11-19,9135,2024-11-18,1445,016513,,1,2,9,4500,0,3,5,,2,003,"GAS POINT RD","EL CAMINO DR",30.00,E,N,A,-,N,,,,,,,,,,N,4,0,1,2,A,-,03,22350,,N,C,C,A,A,H,-,A,D,0,,,,,Y,,A,07,0,0,1,0,0,0,0,0,0,"- ","- ",40.389308929443359,-122.34342193603516,SHASTA,UNINCORPORATED,-122.34333038330078,40.389404296875
94478346,2024,2024-11-21,9135,2024-11-15,1615,016424,,5,2,9,4500,0,1,3,,1,201,"STATE ROUTE-299","BUZZARD ROOST ROAD",150.00,E,N,A,-,Y,SHA,,299," "," ",52.492,H,,R,Y,4,0,1,1,A,-,08,22107,,N,E,8,A,A,H,-,A,D,0,,,,,Y,,A,07,0,0,1,0,0,0,0,0,0,"- ","- ",40.786289215087891,-121.95240020751953,SHASTA,UNINCORPORATED,-121.95245361328125,40.786369323730469
94478355,2024,2024-11-21,9135,2024-11-18,"150 ",022791,,1,3,2,4501,0,1,1,,2,053,"I-5 S/B","DESCHUTES ROAD",3696.00,S,N,A,-,Y,SHA,,5," ",R,3.520,H,,L,Y,4,0,1,1,A,-,08,22107,,N,E,I,A,A,H,-,C,D,0,,,,Y,Y,,G,25,0,0,1,0,0,0,0,0,0,"- ","- ",40.426780700683594,-122.28324890136719,SHASTA,ANDERSON,-122.28339385986328,40.4267578125
94483257,2024,2024-11-25,9135,2024-11-21,1800,021161,,4,2,9,4500,0,1,1,,2,056,"I-5 N/B","MPM I5 SHA 45.9",300.00,S,N,B,C,Y,SHA,,5," ",R,45.198,H,,R,Y,4,0,1,1,A,-,03,22350,,N,E,8,A,B,H,-,D,D,0,,,,Y,Y,,G,25,0,0,1,0,0,0,0,0,0,"- ","- ",40.937210083007812,-122.42108154296875,SHASTA,UNINCORPORATED,-122.42109680175781,40.937191009521484
9448531,2021,2022-06-06,4502,2021-10-22,1117,338,,5,5,5,4502,0,0,0,,0,001,"SHASTA VIEW DR","PALACIO DR",0.00,,Y,A,-,N,,,,,,,,,,Y,3,0,2,2,A,-,12,22450,A,F,D,C,A,A,H,-,A,A,0,,,,,Y,,A,07,0,2,0,0,0,0,0,0,0,"- ","- ",40.5855712890625,-122.32270050048828,SHASTA,REDDING,-122.33007049560547,40.607227325439453
9448539,2021,2022-06-06,4502,2021-10-24,0958,529,R05,7,5,5,4502,0,0,0,,0,005,"BUENAVENTURA BL","PLACER ST",0.00,,Y,B,C,N,,,,,,,,,,Y,3,0,3,2,A,-,01,23152,A,N,D,C,A,B,H,-,A,A,0,,,,,Y,Y,A,01,0,2,1,0,0,0,0,0,0,"- ","- ",40.574260711669922,-122.41867828369141,SHASTA,REDDING,-122.41873168945312,40.574249267578125
9448554,2021,2022-06-06,4502,2021-10-08,1457,525,R02,5,5,5,4502,0,0,0,,0,002,"BECHELLI LN","HARTNELL AV",34.00,S,N,A,-,N,,,,,,,,,,N,4,0,1,2,A,-,03,22350,,N,C,C,A,A,H,-,A,A,0,,,,,Y,,D,22,0,0,1,0,0,0,0,0,0,"- ","- ",40.563800811767578,-122.3626708984375,SHASTA,REDDING,-122.36264038085938,40.563697814941406
9448779,2021,2022-06-06,4502,2021-10-25,1931,537,R07,1,5,5,4502,0,0,0,,0,007,"BELTLINE RD","ORSMBY WY",0.00,,Y,B,-,N,,,,,,,,,,Y,2,0,1,2,A,-,09,21800,B,N,D,C,A,A,H,-,C,D,0,,,Y,,Y,,A,01,1,0,0,0,0,0,0,0,0,"- ","- ",40.623680114746094,-122.38793182373047,SHASTA,REDDING,-122.38789367675781,40.623641967773438
9448782,2021,2022-06-06,4502,2021-10-14,1233,526,R06,4,5,5,4502,0,0,0,,0,006,"MIDDLE CREEK RD","BENTON DR",0.00,,Y,A,-,N,,,,,,,,,,Y,4,0,2,2,A,-,09,21802,A,N,D,C,A,A,H,-,A,A,0,,,,,Y,,A,01,0,0,2,0,0,0,0,0,0,"- ","- ",40.590400695800781,-122.40000152587891,SHASTA,REDDING,-122.40122985839844,40.591503143310547
94488478,2024,2024-12-02,9135,2024-11-07,1440,017698,,4,2,2,4501,0,1,1,,2,053,"I-5 S/B","DESCHUTES ROAD",1584.00,S,N,A,-,Y,SHA,,5," ",R,3.919,H,,L,Y,4,0,1,4,A,-,03,22350,,N,C,C,A,A,H,-,A,D,0,,,,,Y,,D,22,0,0,1,0,0,0,0,0,0,"- ","- ",40.432350158691406,-122.28524017333984,SHASTA,ANDERSON,-122.28528594970703,40.432342529296875
94489207,2024,2024-12-02,9135,2024-11-23,2210,021168,,6,3,9,4500,0,3,5,,2,004,"OAK STREET","PALM AVENUE",0.00,,Y,B,-,N,,,,,,,,,,Y,2,0,1,1,A,-,01,23153,A,N,E,I,A,B,H,-,D,D,0,,,,,Y,Y,A,07,1,0,0,0,0,0,0,0,0,"- ","- ",40.450969696044922,-122.45420074462891,SHASTA,UNINCORPORATED,-122.45436096191406,40.451129913330078
94489277,2024,2025-01-02,9135,2024-11-20,1715,021204,,3,2,5,4502,0,1,3,,2,040,"SR-44 E/B","INTERSTATE 5",2112.00,W,N,B,C,Y,SHA,,44," ",L,1.419,H,,R,Y,4,0,1,3,D,-,00,,,N,C,2,A,B,H,-,C,D,0,,,,,Y,,-,"- ",0,0,1,0,0,0,0,0,0,"- ","- ",40.585838317871094,-122.36795806884766,SHASTA,REDDING,-122.36796569824219,40.585819244384766
94490389,2024,2024-12-03,9135,2024-11-28,1650,021571,,4,2,9,4500,0,1,3,,1,606,SR-89,"LAKE BRITTON BRIDGE",220.00,S,N,A,-,Y,SHA,,89," "," ",29.142,H,,R,Y,2,0,2,2,A,-,03,22350,,N,A,C,A,C,B,-,B,D,0,,,,,Y,,A,07,1,1,0,0,0,0,0,0,0,"- ","- ",41.015960693359375,-121.62384033203125,SHASTA,UNINCORPORATED,-121.62384796142578,41.015972137451172
94490552,2024,2024-12-03,9135,2024-12-02,1615,019257,,1,2,9,4500,0,1,3,,2,602,"STATE ROUTE 299","BUTTE STREET",65.00,E,N,A,-,Y,SHA,,299," "," ",74.896,H,,R,Y,4,0,1,3,A,-,03,22350,,N,C,C,A,A,H,-,A,D,0,,,,,Y,,D,22,0,0,1,0,0,0,0,0,0,"- ","- ",40.881999969482422,-121.66842651367188,SHASTA,UNINCORPORATED,-121.66842651367188,40.881851196289062
94496452,2024,2024-12-12,9135,2024-11-29,"225 ",021035,,5,3,9,4500,0,1,3,,1,302,"SR-273 N/B","HILL ST",120.00,N,N,A,-,Y,SHA,,273," "," ",7.564,H,,R,Y,4,0,1,2,A,-,09,21802,A,N,D,C,A,A,H,-,D,D,0,,,,,Y,,A,01,0,0,1,0,0,0,0,0,0,"- ","- ",40.471031188964844,-122.33139038085938,SHASTA,UNINCORPORATED,-122.33137512207031,40.471042633056641
94497018,2024,2024-12-13,9135,2024-11-30,"410 ",020361,,6,3,9,4500,0,1,3,,2,402,SR-44,"BROKEOFF MEADOWS RD",360.00,E,N,A,-,N,,,,,,,,,,Y,2,0,1,1,A,-,08,22107,,N,E,I,A,A,H,-,D,A,0,,,,,Y,,D,22,1,0,0,0,0,0,0,0,0,"- ","- ",40.520050048828125,-121.68105316162109,SHASTA,UNINCORPORATED,-121.68138122558594,40.520042419433594
94497331,2024,2024-12-13,9135,2024-12-04,"755 ",020363,,3,1,5,4502,0,3,5,,2,004,"AIRPORT RD.","MOSSWOOD LN.",100.00,N,N,A,-,N,,,,,,,,,,N,4,0,1,2,A,-,03,22350,,N,C,C,A,A,H,-,A,D,0,,,,,Y,,A,01,0,0,1,0,0,0,0,0,0,"- ","- ",40.537899017333984,-122.30281066894531,SHASTA,REDDING,-122.30278015136719,40.537746429443359
94497496,2024,2024-12-13,9135,2024-12-04,1120,020157,,3,1,9,4500,0,3,5,,2,003,"GAS POINT RD","PLATINA RD",21120.00,S,N,A,-,N,,,,,,,,,,Y,3,0,1,1,A,-,08,22107,,N,F,I,A,A,H,-,A,D,0,,,,Y,Y,,G,26,0,1,0,0,0,0,0,0,0,"- ","- ",40.436050415039062,-122.52568054199219,SHASTA,UNINCORPORATED,-122.52687072753906,40.44085693359375
94502393,2024,2024-12-13,9135,2024-11-17,1510,019801,,7,2,9,4500,0,3,5,,2,004,"SMITH RD","I-5 N/B",420.00,E,N,A,-,N,,,,,,,,,,N,1,1,1,1,A,-,08,22107,,N,F,A,A,A,H,-,A,D,0,,,,,Y,,M,96,0,1,0,0,0,0,0,0,0,"- ","- ",40.520069122314453,-122.34349822998047,SHASTA,UNINCORPORATED,-122.34391021728516,40.52008056640625
94505857,2024,2024-12-16,9135,2024-12-07,1542,020363,,6,2,9,4500,0,3,5,,2,004,"LOCUST RD.","KIMBERLY RD.",0.00,,Y,A,-,N,,,,,,,,,,N,3,0,1,2,A,-,03,22350,,N,D,C,A,A,H,-,A,A,0,,,Y,,Y,,A,01,0,1,0,0,0,0,0,0,1,"- ","- ",40.431259155273438,-122.27323913574219,SHASTA,UNINCORPORATED,-122.27342224121094,40.431312561035156
94506083,2024,2024-12-16,9135,2024-12-13,1232,016461,,5,1,9,4500,0,1,3,,1,201,"SR-299 E/B","JIM HARVEY RD",10.00,W,N,B,C,Y,SHA,,299," "," ",28.642,H,,R,Y,4,0,2,2,A,-,09,21804,A,N,D,C,A,B,H,-,A,D,0,,,,,Y,,D,22,0,0,2,0,0,0,0,0,0,"- ","- ",40.626369476318359,-122.29302978515625,SHASTA,UNINCORPORATED,-122.29302978515625,40.626361846923828
94506741,2024,2024-12-17,9135,2024-12-14,"224 ",021035,,6,3,9,4500,0,1,1,,2,053,"I-5 S/B TO MAIN ST.","CATTLEMAN DR",1373.00,N,N,C,G,Y,,,,,,,,,,Y,3,0,1,1,A,-,01,23152,A,N,E,I,A,B,H,-,D,D,0,,,,,Y,Y,D,22,0,1,0,0,0,0,0,0,0,"- ","- ",40.404228210449219,-122.28189086914062,SHASTA,UNINCORPORATED,,
94506970,2024,2024-12-17,9135,2024-12-07,1625,019742,,6,2,9,4500,0,1,S,,2,904,"STATE ROUTE 44","SHINGLE CREEK LANE",105.00,E,N,A,-,Y,SHA,,44," ",R,22.611,H,,R,Y,4,0,1,2,A,-,01,23152,A,N,B,2,A,A,H,-,D,D,0,,,,,Y,Y,A,01,0,0,1,0,0,0,0,0,0,"- ","- ",40.500400543212891,-121.97189331054688,SHASTA,UNINCORPORATED,-121.97187042236328,40.500389099121094
94507055,2024,2024-12-17,9135,2024-12-13,1655,019493,,5,2,5,4502,0,1,1,,2,054,"I-5 N/B","CYPRESS AVE",10.00,N,N,C,-,Y,SHA,,5," ",R,14.498,H,,R,Y,4,0,2,2,A,-,03,22350,,N,C,C,A,B,H,-,B,D,0,,,,,Y,,A,01,0,0,2,0,0,0,0,0,0,"- ","- ",40.571628570556641,-122.36020660400391,SHASTA,REDDING,-122.36026763916016,40.571628570556641
94510778,2024,2024-12-19,9135,2024-12-14,1955,021571,,6,2,9,4500,0,1,3,,2,605,SR-89,"BLACK ANGUS LN",7392.00,S,N,A,-,Y,SHA,,89," "," ",4.326,H,,R,Y,3,0,1,1,A,-,03,22350,,N,E,I,A,C,H,-,D,D,0,,,,,Y,Y,A,07,0,1,0,0,0,0,0,0,0,"- ","- ",40.733211517333984,-121.44518280029297,SHASTA,UNINCORPORATED,-121.44522094726562,40.733123779296875