CASE_ID,ACCIDENT_YEAR,PROC_DATE,JURIS,COLLISION_DATE,COLLISION_TIME,OFFICER_ID,REPORTING_DISTRICT,DAY_OF_WEEK,CHP_SHIFT,POPULATION,CNTY_CITY_LOC,SPECIAL_COND,BEAT_TYPE,CHP_BEAT_TYPE,CITY_DIVISION_LAPD,CHP_BEAT_CLASS,BEAT_NUMBER,PRIMARY_RD,SECONDARY_RD,DISTANCE,DIRECTION,INTERSECTION,WEATHER_1,WEATHER_2,STATE_HWY_IND,CALTRANS_COUNTY,CALTRANS_DISTRICT,STATE_ROUTE,ROUTE_SUFFIX,POSTMILE_PREFIX,POSTMILE,LOCATION_TYPE,RAMP_INTERSECTION,SIDE_OF_HWY,TOW_AWAY,COLLISION_SEVERITY,NUMBER_KILLED,NUMBER_INJURED,PARTY_COUNT,PRIMARY_COLL_FACTOR,PCF_CODE_OF_VIOL,PCF_VIOL_CATEGORY,PCF_VIOLATION,PCF_VIOL_SUBSECTION,HIT_AND_RUN,TYPE_OF_COLLISION,MVIW,PED_ACTION,ROAD_SURFACE,ROAD_COND_1,ROAD_COND_2,LIGHTING,CONTROL_DEVICE,CHP_ROAD_TYPE,PEDESTRIAN_ACCIDENT,BICYCLE_ACCIDENT,MOTORCYCLE_ACCIDENT,TRUCK_ACCIDENT,NOT_PRIVATE_PROPERTY,ALCOHOL_INVOLVED,STWD_VEHTYPE_AT_FAULT,CHP_VEHTYPE_AT_FAULT,COUNT_SEVERE_INJ,COUNT_VISIBLE_INJ,COUNT_COMPLAINT_PAIN,COUNT_PED_KILLED,COUNT_PED_INJURED,COUNT_BICYCLIST_KILLED,COUNT_BICYCLIST_INJURED,COUNT_MC_KILLED,COUNT_MC_INJURED,PRIMARY_RAMP,SECONDARY_RAMP,LATITUDE,LONGITUDE,COUNTY,CITY,POINT_X,POINT_Y
9773545,2024,2025-01-08,4500,2024-05-02,1345,328,,4,5,2,4580,0,0,0,,0,,"LAKE BL","TOYON RD",0.00,,Y,A,-,N,,,,,,,,,,Y,4,0,1,1,A,-,08,22107,,N,E,J,A,A,H,-,A,D,0,,,,,Y,,A,01,0,0,1,0,0,0,0,0,0,"- ","- ",,,SHASTA,"SHASTA LAKE",-122.40303039550781,40.685920715332031
9821028,2025,2025-10-09,4500,2025-08-15,1556,355,,5,5,2,4580,0,0,0,,0,S3B,"CASCADE BL","CASCADE BL 1725",0.00,,N,A,-,N,,,,,,,,,,N,2,0,1,2,A,-,03,22350,,N,G,B,D,A,H,-,A,D,0,Y,,,,Y,,A,01,1,0,0,0,1,0,0,0,0,"- ","- ",,,SHASTA,"SHASTA LAKE",,
6290498,2014,2015-12-23,9135,2014-03-24,2045,15418,,1,2,9,4500,0,3,5,,2,003,"PALM AV","PINE ST",196.00,E,N,A,-,N,,,,,,,,,,Y,1,1,0,2,A,-,01,23152,A,N,D,C,A,A,H,-,D,D,0,,,Y,,Y,Y,D,22,0,0,0,0,0,0,0,1,0,"- ","- ",,,SHASTA,UNINCORPORATED,-122.42008554,40.446460000000002
6291245,2014,2014-10-20,9135,2014-07-25,2122,016424,,5,2,9,4500,0,1,3,,1,401,"RT 44","TOMPATA TRL",162.00,W,N,A,-,Y,SHA,2,44,-,R,14.710,H,-,W,Y,1,1,3,1,A,-,01,23152,A,N,E,I,A,A,H,-,D,D,0,,,,,Y,Y,A,01,2,1,0,0,0,0,0,0,0,"- ","- ",40.533009999999997,-122.1318,SHASTA,UNINCORPORATED,-122.10619526000001,40.526801720000002
6291616,2014,2014-11-13,9135,2014-09-13,0139,16191,,6,3,9,4500,0,3,5,,2,001,"LAKESHORE DR","MAMMOTH DR",332.00,S,N,A,-,N,,,,,,,,,,Y,1,1,1,1,A,-,01,23152,A,N,E,I,A,A,H,-,C,D,0,,,,,Y,Y,A,01,0,1,0,0,0,0,0,0,0,"- ","- ",,,SHASTA,UNINCORPORATED,-122.38402600000001,40.888689110000001
6291868,2014,2015-01-28,9135,2014-09-19,0029,16480,,5,3,9,4500,0,1,3,,1,201,"RT 299","MCCANDLESS GULCH RD",6864.00,E,N,A,-,Y,SHA,2,299,-,-,48.040,H,-,E,Y,1,1,3,2,A,-,03,22350,,N,F,A,A,A,H,-,D,D,0,,,,Y,Y,,G,25,1,2,0,0,0,0,0,0,0,"- ","- ",40.77805,-122.00490000000001,SHASTA,UNINCORPORATED,-122.01169985,40.765391350000002
6344260,2014,2015-04-13,9135,2014-06-20,0830,15968,,5,1,9,4500,0,3,5,,2,002,"DESCHUTES RD","BLOOMINGDALE RD",0.00,,Y,A,-,N,,,,,,,,,,N,3,0,1,2,A,-,05,21650,,N,B,C,A,A,H,-,A,D,0,,,,,Y,,A,01,0,1,0,0,0,0,0,0,0,"- ","- ",,,SHASTA,UNINCORPORATED,-122.23462986,40.605910000000002
6345022,2014,2015-11-14,9135,2014-01-08,0010,12468,,3,3,9,4500,0,1,1,,2,054,"RT 5","CYPRESS AV",73.00,N,N,A,B,Y,SHA,2,5,-,R,14.761,R,2,N,Y,3,0,2,1,A,-,01,23152,A,N,E,I,A,A,H,-,D,D,1,,,,,Y,Y,A,01,0,1,1,0,0,0,0,0,0,"- ","- ",,,SHASTA,UNINCORPORATED,-122.36030658999999,40.575401589999998
6345034,2014,2014-06-04,9135,2014-01-07,2045,015418,,2,2,9,4500,0,3,5,,2,002,"BOYLE RD","DAYSTAR WY",170.00,E,N,A,-,N,,,,,,,,,,Y,4,0,1,1,A,-,08,22107,,N,E,I,A,A,H,-,D,D,0,,,,,Y,,A,01,0,0,1,0,0,0,0,0,0,"- ","- ",,,SHASTA,UNINCORPORATED,-122.24600465,40.591305370000001
6359179,2014,2015-11-14,9135,2014-02-15,1515,016424,,6,2,9,4500,0,1,3,,1,201,"RT 299","OAK RUN RD",11616.00,E,N,B,C,Y,SHA,2,299,-,-,49.170,H,-,W,Y,2,0,5,2,A,-,08,22107,,N,E,I,A,B,H,-,A,D,0,,,,,Y,,D,22,2,2,1,0,0,0,0,0,0,"- ","- ",,,SHASTA,UNINCORPORATED,-122.00418319000001,40.778371559999997
6362986,2014,2014-06-10,9135,2014-01-25,1025,013331,,6,1,9,4500,0,3,5,,2,003,"GAS POINT RD","RHONDA RD",15.00,E,N,A,-,N,,,,,,,,,,N,4,0,1,2,A,-,03,22350,,N,C,C,A,A,H,-,A,A,0,,,,,Y,,A,01,0,0,1,0,0,0,0,0,0,"- ","- ",,,SHASTA,UNINCORPORATED,-122.28775613000001,40.389330000000001
6370054,2014,2014-06-13,9135,2014-02-07,1955,012421,,5,2,9,4500,0,3,5,,2,006,"TIMBER HILL DR","MARQUETTE ST",13.00,W,N,C,-,N,,,,,,,,,,Y,4,0,1,1,A,-,01,23152,A,N,E,I,A,B,H,-,D,D,0,,,,,Y,Y,A,01,0,0,1,0,0,0,0,0,0,"- ","- ",,,SHASTA,UNINCORPORATED,-121.65751702,40.874359679999998
6371669,2014,2014-06-03,9135,2014-01-17,2220,016672,,5,3,9,4500,0,3,5,,2,003,"OLINDA RD","ANDERSON DR",3696.00,W,N,A,-,N,,,,,,,,,,Y,3,0,1,1,A,-,01,23152,A,N,E,I,A,A,H,-,D,D,0,,,,,Y,Y,A,07,0,1,0,0,0,0,0,0,0,"- ","- ",,,SHASTA,UNINCORPORATED,-122.31765616,40.44117189
6371673,2014,2014-06-03,9135,2014-01-16,0955,012264,,4,1,9,4500,0,3,5,,2,002,"DESCHUTES RD","BLOOMINGDALE RD",136.00,S,N,A,-,N,,,,,,,,,,Y,3,0,1,1,A,-,08,22107,,N,E,I,A,A,H,-,A,D,0,,,,,Y,,A,01,0,1,0,0,0,0,0,0,0,"- ","- ",40.605260000000001,-122.23459,SHASTA,UNINCORPORATED,-122.23462434,40.605536600000001
6374302,2014,2014-06-23,4502,2014-01-26,1955,00001,,7,5,5,4502,0,0,0,,0,,"HILLTOP DR","LAKE BL",1584.00,S,N,A,-,N,,,,,,,,,,Y,4,0,1,1,A,-,01,23152,A,F,E,I,A,A,H,-,C,D,0,,,,,Y,Y,A,01,0,0,1,0,0,0,0,0,0,"- ","- ",,,SHASTA,REDDING,-122.3764235,40.607092160000001
6374493,2014,2014-09-02,9135,2014-02-07,1500,00001,,5,2,9,4500,0,1,1,,2,054,"LAKE GRACE RD","MANTON PONDEROSA WY",1056.00,N,N,B,D,N,,,,,,,,,,N,4,0,2,1,C,-,18,,,N,E,I,A,C,G,-,A,D,0,,,,,Y,,-,"- ",0,0,2,0,0,0,0,0,0,"- ","- ",40.484999999999999,-121.85563999999999,SHASTA,UNINCORPORATED,-121.85568452,40.485005639999997
6386096,2014,2015-11-14,9135,2014-02-17,1520,012978,,1,2,9,4500,0,1,3,,1,302,"RT 299","IRON MOUNTAIN RD",83.00,E,N,B,-,Y,SHA,2,299,-,-,20.450,H,-,W,Y,4,0,1,2,A,-,07,21658,A,N,B,C,A,A,H,-,A,D,0,,,,,Y,,A,01,0,0,1,0,0,0,0,0,0,"- ","- ",40.581710000000001,-122.41718,SHASTA,UNINCORPORATED,-122.45819797,40.588902859999997
6387088,2014,2015-11-14,9135,2014-02-20,0855,15133,,4,1,9,4500,0,1,1,,2,054,"RT 15","CYPRESS AV",5.00,N,N,A,-,Y,SHA,2,5,-,R,14.665,R,1,S,N,3,0,1,2,A,-,12,21453,A,N,D,G,A,A,H,-,A,A,1,,Y,,,Y,,A,01,0,1,0,0,0,0,1,0,0,"- ","- ",,,SHASTA,UNINCORPORATED,-122.36068839000001,40.574017429999998
6387092,2014,2014-06-16,9135,2014-02-23,2030,16087,,7,2,9,4500,0,3,5,,2,004,"BALLS FERRY RD","ASH CREEK RD",148.00,N,N,A,-,N,,,,,,,,,,Y,3,0,1,1,A,-,08,22107,,N,E,I,A,A,H,-,D,D,0,,,,,Y,,A,08,0,1,0,0,0,0,0,0,0,"- ","- ",,,SHASTA,UNINCORPORATED,-122.21451845999999,40.418468779999998
6387784,2014,2015-02-10,9135,2014-02-21,1245,016480,,5,1,9,4500,0,3,5,,2,004,"BLACK BUTTE RD","RANCHERIA CREEK RD",1056.00,S,N,A,-,N,,,,,,,,,,Y,4,0,1,1,A,-,08,22107,,N,E,I,A,A,H,-,A,D,0,,,,,Y,,A,01,0,0,1,0,0,0,0,0,0,"- ","- ",40.44558,-122.00654,SHASTA,UNINCORPORATED,-122.00661421,40.445597149999998
6387792,2014,2015-02-10,9135,2014-02-20,0001,013331,,4,3,9,4500,0,3,5,,2,004,"BALLS FERRY RD","JIM DANDY DR",35.00,N,N,A,-,N,,,,,,,,,,Y,4,0,1,1,A,-,08,22107,,N,E,I,A,A,H,-,D,D,0,,,,,Y,,A,01,0,0,1,0,0,0,0,0,0,"- ","- ",,,SHASTA,UNINCORPORATED,-122.25368,40.397219999999997
6387796,2014,2015-02-10,9135,2014-02-10,0945,015627,,1,1,9,4500,0,3,5,,2,003,"OLINDA RD","HAMMER LN",458.00,E,N,A,-,N,,,,,,,,,,Y,2,0,1,1,A,-,01,23152,E,N,E,I,A,A,H,-,A,D,0,,,,,Y,,A,01,1,0,0,0,0,0,0,0,0,"- ","- ",,,SHASTA,UNINCORPORATED,-122.38623631,40.43904182
6390363,2014,2015-11-14,9135,2014-02-22,1232,14516,,6,1,9,4500,0,1,1,,2,056,"RT 5","DOG CREEK",1056.00,S,N,A,-,Y,SHA,2,5,-,R,45.100,H,-,S,N,4,0,1,1,A,-,08,22107,,N,F,I,A,A,H,-,A,D,1,,,,Y,Y,,G,25,0,0,1,0,0,0,0,0,0,"- ","- ",40.936689999999999,-122.41973,SHASTA,UNINCORPORATED,-122.4199579,40.93665026
6398607,2014,2015-11-14,9135,2014-01-27,2140,16087,,1,2,9,4500,0,3,5,,2,003,"RT 273",BANIGAN,200.00,N,N,A,-,Y,SHA,2,273,-,-,9.310,H,-,S,N,3,0,1,2,A,-,11,21954,A,N,G,B,E,A,H,-,D,D,0,Y,,,,Y,,N,60,0,1,0,0,1,0,0,0,0,"- ","- ",,,SHASTA,UNINCORPORATED,-122.35630361,40.487882859999999
6398611,2014,2015-11-14,9135,2014-01-26,1750,16087,,7,2,2,4501,0,1,1,,2,053,"RT 5","RIVERSIDE AV",185.00,S,N,A,-,Y,SHA,2,5,-,R,6.526,R,2,N,Y,4,0,1,2,A,-,01,23152,A,N,C,C,A,A,H,-,C,D,1,,,,,Y,Y,A,01,0,0,1,0,0,0,0,0,0,TO,"- ",,,SHASTA,ANDERSON,-122.30509413,40.465993159999996
6399183,2014,2015-11-14,9135,2014-02-27,1151,15133,,4,1,9,4500,0,3,5,,2,002,"OLD OREGON TRAIL","RT 299",0.00,,Y,B,C,Y,SHA,2,299,-,-,27.002,R,4,E,Y,4,0,1,1,A,-,03,22350,,N,E,I,A,B,H,-,A,A,1,,,,,Y,,A,07,0,0,1,0,0,0,0,0,0,"- ","- ",40.620310000000003,-122.31820999999999,SHASTA,UNINCORPORATED,-122.32299333,40.619753830000001
6403321,2014,2014-06-20,9135,2014-03-05,1845,013145,,3,2,9,4500,0,3,5,,2,006,"GLENBURN RD","RT 299",10032.00,N,N,B,C,N,,,,,,,,,,N,2,0,1,2,A,-,11,21956,,N,G,B,E,B,H,-,C,D,0,Y,,,,Y,Y,N,60,1,0,0,0,1,0,0,0,0,"- ","- ",,,SHASTA,UNINCORPORATED,-121.47111397,41.018328279999999
6414617,2014,2015-11-14,9135,2014-02-28,1230,16480,,5,1,9,4500,0,1,1,,2,054,"RT 5","SMITH RD",20.00,S,N,B,C,Y,SHA,2,5,-,R,10.850,H,-,N,Y,3,0,1,1,A,-,08,22107,,N,F,A,A,B,H,-,A,D,1,,,,,Y,,A,07,0,1,0,0,0,0,0,0,0,"- ","- ",,,SHASTA,UNINCORPORATED,-122.34506044,40.520079549999998
6414618,2014,2015-11-14,9135,2014-02-19,1325,13553,,3,1,9,4500,0,1,3,,2,604,"RT 44","BIG SPRINGS CT",5280.00,W,N,A,-,Y,SHA,2,44,-,-,56.970,H,-,E,Y,4,0,1,1,A,-,01,23152,E,N,E,I,A,A,H,-,A,D,0,,,,,Y,,A,01,0,0,1,0,0,0,0,0,0,"- ","- ",40.627490000000002,-121.47847,SHASTA,UNINCORPORATED,-121.48918027000001,40.619209230000003
6414736,2014,2015-11-14,9135,2014-03-12,1133,15793,,3,1,2,4501,0,1,1,,2,053,"RT 5","NORTH ST",634.00,S,N,A,-,Y,SHA,2,5,-,R,5.520,H,-,S,Y,4,0,5,4,A,-,03,22350,,N,C,C,A,A,H,-,A,D,1,,,,,Y,,D,22,0,0,5,0,0,0,0,0,0,"- ","- ",,,SHASTA,ANDERSON,-122.29390528,40.454182690000003
6417415,2014,2014-06-24,9135,2014-03-12,1200,016191,,3,1,9,4500,0,3,5,,2,002,"FERN RD","WHITMORE RD",10560.00,W,N,A,-,N,,,,,,,,,,Y,4,0,1,1,A,-,08,22107,,N,E,I,A,A,H,-,A,D,0,,,,,Y,,A,01,0,0,1,0,0,0,0,0,0,"- ","- ",,,SHASTA,UNINCORPORATED,-121.99294999999999,40.623420000000003
6425144,2014,2014-06-27,9135,2014-02-26,1205,12264,,3,1,9,4500,0,3,5,,2,002,"OAK RUN RD","FERN RD",5780.00,S,N,B,C,N,,,,,,,,,,Y,3,0,2,1,A,-,08,22107,,N,E,I,A,B,H,-,A,D,0,,,,,Y,,A,01,0,2,0,0,0,0,0,0,0,"- ","- ",40.671669999999999,-122.05647,SHASTA,UNINCORPORATED,-122.05648899000001,40.671670579999997
6425145,2014,2014-06-27,9135,2014-02-03,2029,15968,,1,2,9,4500,0,3,5,,2,003,"HAPPY VALLEY RD","SHAWN DR",0.00,,Y,A,-,N,,,,,,,,,,Y,4,0,2,1,A,-,01,23152,A,N,E,I,A,A,H,-,D,D,0,,,,,Y,Y,A,01,0,0,2,0,0,0,0,0,0,"- ","- ",,,SHASTA,UNINCORPORATED,-122.40277995,40.450029899999997
6426209,2014,2014-06-27,9135,2014-03-26,1249,17428,,3,1,2,4580,0,3,5,,2,003,"GAS POINT RD","MAJESTIC OAK CIR",168.00,E,N,B,C,N,,,,,,,,,,Y,3,0,2,2,A,-,09,21804,A,N,D,C,A,B,H,-,A,D,0,,,,,Y,,A,01,0,1,1,0,0,0,0,0,0,"- ","- ",,,SHASTA,"SHASTA LAKE",-122.35649682,40.389629419999999
6436925,2014,2015-11-14,9135,2014-03-21,1639,016191,,5,2,9,4500,0,1,3,,1,201,"RT 299","CHURN CREEK RD",3696.00,E,N,A,-,Y,SHA,2,299,-,-,26.400,H,-,W,Y,2,0,1,1,A,-,08,22107,,N,F,I,A,A,H,-,A,D,1,,,,,Y,,D,22,1,0,0,0,0,0,0,0,0,"- ","- ",,,SHASTA,UNINCORPORATED,-122.3341568,40.617661130000002
6436945,2014,2014-06-30,9135,2014-03-28,1705,016672,,5,2,9,4500,0,3,5,,2,004,"HALLS LN","GREEN ACRES DR",1472.00,N,N,B,C,N,,,,,,,,,,N,3,0,1,1,A,-,08,22107,,N,E,I,A,B,H,-,A,A,0,,,,,Y,,D,22,0,1,0,0,0,0,0,0,0,"- ","- ",,,SHASTA,UNINCORPORATED,-122.24125938,40.460848640000002
6457707,2014,2014-07-09,9135,2014-04-06,1140,12978,,7,1,9,4500,0,3,5,,2,003,"PLACER RD","PLACER VIEW CT",634.00,E,N,A,-,N,,,,,,,,,,Y,2,0,2,2,A,-,05,21460,A,N,B,C,A,A,H,-,A,D,0,,,Y,,Y,,C,02,1,0,1,0,0,0,0,0,1,"- ","- ",40.519840000000002,-122.49757,SHASTA,UNINCORPORATED,-122.49918983000001,40.519583040000001
6459669,2014,2015-11-19,9135,2014-05-11,1332,12209,,7,1,9,4500,0,1,3,,1,201,"RT 299E","LAGGO VISTA CT",1584.00,W,N,A,-,Y,SHA,2,299,-,-,36.570,H,-,W,Y,3,0,1,2,A,-,08,22107,,N,E,J,A,A,H,-,A,D,0,,,,,Y,,A,01,0,1,0,0,0,0,0,0,0,"- ","- ",,,SHASTA,UNINCORPORATED,-122.16575148,40.676930740000003
6471526,2014,2015-11-19,4501,2014-05-05,0110,A411,SHAST,1,5,2,4501,0,0,0,,0,001,"RT 273","BRUCE ST",0.00,,Y,A,-,Y,SHA,2,273,-,-,4.930,H,-,N,Y,3,0,1,1,A,-,08,22107,,M,A,I,A,A,H,-,C,A,0,,,,,Y,Y,D,22,0,1,0,0,0,0,0,0,0,"- ","- ",,,SHASTA,ANDERSON,-122.2956621,40.444973930000003
6471764,2014,2015-11-19,4501,2014-04-17,1126,A420,SHAST,4,5,2,4501,0,0,0,,0,001,"RT 273","ALEXANDER AV",0.00,,Y,A,-,Y,SHA,2,273,-,-,6.400,I,5,S,Y,3,0,5,2,A,-,12,21453,A,N,D,C,A,A,H,-,A,A,0,,,,,Y,,A,01,0,1,4,0,0,0,0,0,0,"- ","- ",,,SHASTA,ANDERSON,-122.31504252000001,40.459668489999999
6487938,2014,2015-11-20,9135,2014-05-13,1105,15627,,2,1,9,4500,0,1,1,,2,056,"RT 5","SACRAMENTO RIVER BR",193.00,S,N,A,-,Y,SHA,2,5,-,R,40.120,H,-,S,Y,3,0,1,1,A,-,01,23152,F,N,E,I,A,A,H,-,A,A,1,,,,,Y,Y,A,01,0,1,0,0,0,0,0,0,0,"- ","- ",,,SHASTA,UNINCORPORATED,-122.38060196000001,40.879525260000001
6488866,2014,2014-08-01,9135,2014-05-02,1513,16191,,5,2,9,4500,0,3,5,,2,001,"KESWICK DAM RD","ROXANNA DR",2640.00,W,N,A,-,N,,,,,,,,,,N,3,0,1,1,A,-,03,22350,,N,F,A,A,A,H,-,A,D,0,,Y,,,Y,,L,04,0,1,0,0,0,0,1,0,0,"- ","- ",,,SHASTA,UNINCORPORATED,-122.44180799,40.612464709999998
6488867,2014,2014-08-05,9135,2014-05-07,0754,12209,,3,1,9,4500,0,3,5,,2,002,"DESCHUTES RD","BOYLE RD",1056.00,S,N,A,-,N,,,,,,,,,,Y,3,0,1,2,A,-,01,23152,E,N,E,J,A,A,H,-,A,D,0,,,,,Y,,D,22,0,1,0,0,0,0,0,0,0,"- ","- ",,,SHASTA,UNINCORPORATED,-122.23906807,40.59003294
6499749,2014,2016-05-09,9146,2014-05-08,2240,17956,,4,3,9,4500,0,1,1,,2,014,"RT 5","SIMS RD",8448.00,S,N,C,-,Y,SHA,2,5,-,R,55.810,H,-,S,Y,3,0,1,1,A,-,03,22350,,N,E,I,A,B,H,-,D,D,1,,,,,Y,,A,01,0,1,0,0,0,0,0,0,0,"- ","- ",,,SHASTA,UNINCORPORATED,-122.37761147000001,41.055550859999997
6505327,2014,2015-11-19,9135,2014-05-17,1515,18026,,6,2,9,4500,0,1,3,,2,603,"RT 299","HAT CREEK PK",2000.00,W,N,A,-,Y,SHA,2,299,-,-,82.670,H,-,W,Y,3,0,1,1,A,-,08,22107,,N,E,I,A,A,H,-,A,D,0,,,,,Y,,A,01,0,1,0,0,0,0,0,0,0,"- ","- ",,,SHASTA,UNINCORPORATED,-121.57398334,40.966319200000001
6505439,2014,2015-11-19,9135,2014-05-15,0607,017428,,4,1,9,4500,0,1,3,,2,040,"RT 44","DESCHUTES RD",432.00,W,N,A,-,Y,SHA,2,44,-,R,6.814,R,2,E,Y,3,0,1,1,A,-,08,22107,,N,E,I,A,A,H,-,A,D,0,,,,,Y,,A,01,0,1,0,0,0,0,0,0,0,TO,"- ",40.557000000000002,-122.23999999999999,SHASTA,UNINCORPORATED,-122.24182795999999,40.558375030000001
6506934,2014,2016-05-09,9135,2014-06-01,1810,015245,,7,2,9,4500,0,1,3,,1,302,"RT 273","HAPPY VALLEY RD",0.00,,Y,A,-,Y,SHA,2,273,-,-,9.990,I,5,S,Y,3,0,2,2,A,-,12,21453,A,N,D,C,A,A,H,-,A,A,0,,,,,Y,,D,22,0,1,1,0,0,0,0,0,0,"- ","- ",,,SHASTA,UNINCORPORATED,-122.3659615,40.494456169999999
6511665,2014,2014-08-12,9135,2014-06-10,1430,011890,,2,2,9,4500,0,3,5,,2,004,"ASH CREEK RD","WILDCAT RD",13200.00,S,N,A,-,N,,,,,,,,,,Y,3,0,1,1,A,-,03,22350,,N,E,I,A,A,H,-,A,D,0,,,,,Y,,D,22,0,1,0,0,0,0,0,0,0,"- ","- ",40.438969999999998,-122.12336000000001,SHASTA,UNINCORPORATED,-122.12365620999999,40.4392426
6511940,2014,2014-08-07,9135,2014-06-08,0100,013553,,7,3,9,4500,0,3,5,,2,006,"DAY RD","IRIS RD",1584.00,N,N,A,-,N,,,,,,,,,,Y,4,0,1,1,A,-,08,22107,,N,E,I,A,A,H,-,D,D,0,,,,,Y,Y,A,01,0,0,1,0,0,0,0,0,0,"- ","- ",41.122129999999999,-121.33256,SHASTA,UNINCORPORATED,-121.34710335,41.141950059999999
6519217,2014,2015-02-13,4501,2014-06-01,0332,405,SCMC,7,5,2,4501,0,0,0,,0,001,"OX YOKE RD","RT 273",30.00,E,N,A,-,Y,SHA,2,273,-,-,6.900,I,5,S,Y,4,0,1,1,A,-,01,23152,A,M,E,I,A,A,H,-,C,A,0,,,,,Y,Y,-,,0,0,1,0,0,0,0,0,0,"- ","- ",,,SHASTA,ANDERSON,-122.32209795999999,40.464497180000002
6519297,2014,2014-07-31,9135,2014-05-20,1455,15627,,2,2,9,4500,0,3,5,,2,003,"HAWTHORNE AV","SADDLE TRL",67.00,E,N,A,-,N,,,,,,,,,,Y,4,0,1,2,A,-,01,23152,A,N,A,C,A,A,H,-,A,A,0,,,,,Y,Y,A,01,0,0,1,0,0,0,0,0,0,"- ","- ",,,SHASTA,UNINCORPORATED,-122.43557908,40.478059999999999
6523711,2014,2015-02-13,9135,2014-06-05,0519,013331,,4,3,9,4500,0,1,3,,1,401,"RT 44","PINE BLUFF DR",670.00,E,N,A,-,Y,SHA,2,44,-,R,22.220,H,-,W,Y,3,0,1,1,C,-,18,,,N,H,H,A,A,H,-,D,D,0,,,Y,,Y,,-,"- ",0,1,0,0,0,0,0,0,1,"- ","- ",40.498899999999999,-121.9803,SHASTA,UNINCORPORATED,-121.97898585,40.498719860000001
6523715,2014,2014-08-08,9135,2014-06-05,1702,016672,,4,2,9,4500,0,3,5,,2,003,"GAS POINT RD","MANSEE DR",7392.00,W,N,A,-,N,,,,,,,,,,Y,3,0,1,1,A,-,08,22107,,N,E,I,A,A,H,-,A,D,0,,,,,Y,,A,01,0,1,0,0,0,0,0,0,0,"- ","- ",,,SHASTA,UNINCORPORATED,-122.49267236999999,40.388403439999998
6523723,2014,2014-08-08,9135,2014-06-07,0817,015133,,6,1,9,4500,0,3,5,,2,004,"TREFOIL LN","LOCUST AV",0.00,,Y,A,-,N,,,,,,,,,,Y,3,0,1,2,A,-,09,21802,A,N,D,C,A,A,H,-,A,D,0,,,Y,,Y,,C,02,0,1,0,0,0,0,0,0,1,"- ","- ",40.396509999999999,-122.2739,SHASTA,UNINCORPORATED,-122.27395995000001,40.396589900000002
6524202,2014,2015-11-19,9135,2014-05-01,2325,16424,,4,3,9,4500,0,1,3,,1,201,"RT 299","OAK RUN RD",16896.00,W,N,A,-,Y,SHA,2,299,-,-,43.530,H,-,E,Y,4,0,1,1,A,-,08,22107,,N,E,I,A,A,H,-,D,D,0,,,,,Y,,A,01,0,0,1,0,0,0,0,0,0,"- ","- ",,,SHASTA,UNINCORPORATED,-122.0748694,40.732133879999999
6530917,2014,2015-11-19,9135,2014-06-23,1520,011890,,1,2,9,4500,0,1,3,,2,402,"RT 44","FOREST SERVICE RD 32N17",0.00,,Y,A,-,Y,SHA,2,44,-,-,47.210,I,5,W,Y,3,0,3,2,A,-,09,21801,A,N,D,C,A,A,H,-,A,D,0,,,,,Y,,A,07,0,2,1,0,0,0,0,0,0,"- ","- ",40.532829999999997,-121.62047,SHASTA,UNINCORPORATED,-121.62047566,40.532710870000003
6537036,2014,2014-08-19,9135,2014-06-14,2250,16672,,6,3,9,4500,0,3,5,,2,004,"LOCUST RD","BARNEY RD",83.00,N,N,A,-,N,,,,,,,,,,Y,3,0,1,1,A,-,01,23152,A,N,F,A,A,A,H,-,D,D,0,,,,,Y,Y,A,07,0,1,0,0,0,0,0,0,0,"- ","- ",,,SHASTA,UNINCORPORATED,-122.28313,40.43721
6540222,2014,2014-08-13,9135,2014-06-15,1530,012209,,7,2,9,4500,0,3,5,,2,002,"DESCHUTES RD","OLD DESCHUTES RD",471.00,N,N,A,-,N,,,,,,,,,,Y,3,0,1,1,A,-,08,22107,,N,E,J,A,A,H,-,A,D,0,,,,,Y,,D,22,0,1,0,0,0,0,0,0,0,"- ","- ",,,SHASTA,UNINCORPORATED,-122.23721947999999,40.593766819999999
6542161,2014,2016-05-09,9146,2014-06-24,1428,16245,,2,2,9,4500,0,1,1,,2,014,"RT 5","SIMS RD",8976.00,S,N,A,-,Y,SHA,2,5,-,R,55.720,H,-,N,Y,2,0,1,1,A,-,08,22107,,N,E,I,A,A,H,-,A,D,1,,,Y,,Y,,C,02,1,0,0,0,0,0,0,0,1,"- ","- ",41.054870000000001,-122.3783,SHASTA,UNINCORPORATED,-122.3786003,41.054628200000003
6548310,2014,2014-07-26,4502,2014-07-06,1451,10000,,7,5,5,4502,0,0,0,,0,,"SHASTA ST","LIBERTY ST",60.00,W,N,A,-,N,,,,,,,,,,Y,4,0,1,1,A,-,01,23152,A,N,E,I,A,A,H,-,A,D,0,,,,,Y,Y,D,22,0,0,1,0,0,0,0,0,0,"- ","- ",40.58737,-122.38812,SHASTA,REDDING,-122.38796348,40.587269999999997
6550301,2014,2014-08-21,9135,2014-06-29,0840,012978,,7,1,9,4500,0,3,5,,2,002,"DESCHUTES RD","BOYLE RD",81.00,S,N,A,-,N,,,,,,,,,,Y,4,0,1,1,A,-,08,22107,,N,E,I,A,A,H,-,A,D,0,,,,,Y,,A,01,0,0,1,0,0,0,0,0,0,"- ","- ",40.59198,-122.23900999999999,SHASTA,UNINCORPORATED,-122.2385189,40.592623469999999
6565800,2014,2015-04-21,9135,2014-07-04,1214,017428,,5,1,9,4500,0,3,5,,2,003,"CANYON RD","VALLEY VIEW RD",1430.00,S,N,A,-,N,,,,,,,,,,Y,4,0,1,1,A,-,08,22107,,N,E,I,A,A,H,-,A,D,0,,,,,Y,,A,07,0,0,1,0,0,0,0,0,0,"- ","- ",,,SHASTA,UNINCORPORATED,-122.38628962999999,40.495069000000001