CASE_ID,ACCIDENT_YEAR,PROC_DATE,JURIS,COLLISION_DATE,COLLISION_TIME,OFFICER_ID,REPORTING_DISTRICT,DAY_OF_WEEK,CHP_SHIFT,POPULATION,CNTY_CITY_LOC,SPECIAL_COND,BEAT_TYPE,CHP_BEAT_TYPE,CITY_DIVISION_LAPD,CHP_BEAT_CLASS,BEAT_NUMBER,PRIMARY_RD,SECONDARY_RD,DISTANCE,DIRECTION,INTERSECTION,WEATHER_1,WEATHER_2,STATE_HWY_IND,CALTRANS_COUNTY,CALTRANS_DISTRICT,STATE_ROUTE,ROUTE_SUFFIX,POSTMILE_PREFIX,POSTMILE,LOCATION_TYPE,RAMP_INTERSECTION,SIDE_OF_HWY,TOW_AWAY,COLLISION_SEVERITY,NUMBER_KILLED,NUMBER_INJURED,PARTY_COUNT,PRIMARY_COLL_FACTOR,PCF_CODE_OF_VIOL,PCF_VIOL_CATEGORY,PCF_VIOLATION,PCF_VIOL_SUBSECTION,HIT_AND_RUN,TYPE_OF_COLLISION,MVIW,PED_ACTION,ROAD_SURFACE,ROAD_COND_1,ROAD_COND_2,LIGHTING,CONTROL_DEVICE,CHP_ROAD_TYPE,PEDESTRIAN_ACCIDENT,BICYCLE_ACCIDENT,MOTORCYCLE_ACCIDENT,TRUCK_ACCIDENT,NOT_PRIVATE_PROPERTY,ALCOHOL_INVOLVED,STWD_VEHTYPE_AT_FAULT,CHP_VEHTYPE_AT_FAULT,COUNT_SEVERE_INJ,COUNT_VISIBLE_INJ,COUNT_COMPLAINT_PAIN,COUNT_PED_KILLED,COUNT_PED_INJURED,COUNT_BICYCLIST_KILLED,COUNT_BICYCLIST_INJURED,COUNT_MC_KILLED,COUNT_MC_INJURED,PRIMARY_RAMP,SECONDARY_RAMP,LATITUDE,LONGITUDE,COUNTY,CITY,POINT_X,POINT_Y
8355542,2016,2017-04-28,4502,2016-11-22,1100,166,,2,5,5,4502,0,0,0,,0,003,"VICTOR AV","MARLENE AV",0.00,,Y,B,-,N,,,,,,,,,,Y,2,0,1,2,D,-,00,,,N,D,C,A,A,H,-,A,D,0,,,Y,,Y,,-,"- ",1,0,0,0,0,0,0,0,1,"- ","- ",,,SHASTA,REDDING,-122.33828991999999,40.558119959999999
8355557,2016,2017-04-28,4502,2016-10-28,1515,173,,5,5,5,4502,0,0,0,,0,002,"EAST CYPRESS AV","BEVERLY DR",70.00,W,N,B,C,N,,,,,,,,,,,2,0,1,2,A,-,10,21950,A,N,D,B,C,B,H,-,A,A,0,Y,,,,Y,,A,01,1,0,0,0,1,0,0,0,0,"- ","- ",,,SHASTA,REDDING,-122.36555206,40.571060000000003
8355561,2016,2017-04-28,4502,2016-10-28,1252,124,,5,5,5,4502,0,0,0,,0,005,PLACER,PINE,50.00,W,N,B,-,N,,,,,,,,,,N,4,0,1,2,A,-,03,22350,,F,C,C,A,B,H,-,A,A,0,,,,,Y,,A,07,0,0,1,0,0,0,0,0,0,"- ","- ",,,SHASTA,REDDING,-122.38893998,40.582654669999997
8355562,2016,2017-04-28,4502,2016-12-01,1442,158,SCSC,4,5,5,4502,0,0,0,,0,006,"SOUTH ST","EAST ST",0.00,,Y,A,-,N,,,,,,,,,,Y,4,0,1,2,A,-,12,22450,A,N,B,C,A,A,H,-,A,A,0,,,,,Y,,A,01,0,0,1,0,0,0,0,0,0,"- ","- ",,,SHASTA,REDDING,-122.38673995000001,40.58142995
8355565,2016,2017-04-28,4502,2016-10-24,1506,327,,1,5,5,4502,0,0,0,,0,004,"PARKVIEW AV","AKARD AV",42.00,W,N,B,C,N,,,,,,,,,,Y,3,0,2,2,A,-,03,22350,,N,C,C,A,B,H,-,A,D,0,,,,,Y,,A,01,0,1,1,0,0,0,0,0,0,"- ","- ",,,SHASTA,REDDING,-122.38332646000001,40.572299729999997
8355573,2016,2017-04-28,4502,2016-10-21,0906,124,,5,5,5,4502,0,0,0,,0,006,WEST,"11TH ST",0.00,,Y,A,-,N,,,,,,,,,,N,3,0,1,2,A,-,11,21954,A,N,A,B,D,A,H,-,A,A,0,Y,,,,Y,,N,60,0,1,0,0,1,0,0,0,0,"- ","- ",,,SHASTA,REDDING,-122.39979989,40.586989899999999
8355590,2016,2017-05-02,4502,2016-12-01,1600,101,,4,5,5,4502,0,0,0,,0,002,"HARTNELL AV","SHASTA VIEW DR",285.00,W,N,A,-,N,,,,,,,,,,N,4,0,2,2,A,-,08,22102,,N,D,C,A,A,H,-,A,D,0,,,,,Y,,A,01,0,0,2,0,0,0,0,0,0,"- ","- ",,,SHASTA,REDDING,-122.32649592999999,40.563755020000002
8355593,2016,2017-04-28,4502,2016-10-08,1519,177,,6,5,5,4502,0,0,0,,0,007,"LAKE BL","BOULDER DR",10.00,E,N,A,-,N,,,,,,,,,,Y,4,0,3,3,A,-,03,22350,,N,C,C,A,A,H,-,A,A,0,,,,,Y,,A,08,0,0,3,0,0,0,0,0,0,"- ","- ",,,SHASTA,REDDING,-122.37005495,40.61108634
8356436,2017,2018-03-20,4502,2017-01-28,1254,155,RPD,6,5,5,4502,0,0,0,,0,006,"RT 299","PIONEER DR",0.00,,Y,A,-,Y,SHA,2,299,-,-,230.025,H,-,E,Y,4,0,1,2,A,-,03,22350,,N,C,C,A,A,H,-,A,A,0,,,,,Y,,A,01,0,0,1,0,0,0,0,0,0,"- ","- ",,,SHASTA,REDDING,,
8357782,2016,2017-05-12,4502,2016-12-28,0831,141,,3,5,5,4502,0,0,0,,0,007,"LAKE BL","CLAY ST",0.00,,Y,A,-,N,,,,,,,,,,Y,4,0,1,2,A,-,12,21453,A,N,D,C,A,A,H,-,A,A,0,,,,,Y,,A,08,0,0,1,0,0,0,0,0,0,"- ","- ",,,SHASTA,REDDING,-122.38567988,40.613899910000001
8357794,2016,2017-05-05,4502,2016-12-24,0959,312,,6,5,5,4502,0,0,0,,0,002,"MARAGLIA ST","LARKSPUR LN",0.00,,Y,A,-,N,,,,,,,,,,N,3,0,1,1,A,-,12,22450,,N,H,A,A,A,H,-,A,D,0,,,Y,,Y,,C,02,0,1,0,0,0,0,0,0,1,"- ","- ",,,SHASTA,REDDING,-122.35558987,40.567399889999997
8357806,2016,2017-05-05,4502,2016-12-17,2132,159,SCSC,6,5,5,4502,0,0,0,,0,007,"TWIN VIEW BL","VALLEY RIDGE DR",100.00,N,N,A,-,N,,,,,,,,,,N,4,0,2,2,D,-,00,,,N,B,C,A,A,H,-,D,D,0,,,,,Y,,-,"- ",0,0,2,0,0,0,0,0,0,"- ","- ",,,SHASTA,REDDING,-122.37299556000001,40.61712026
8357822,2016,2017-05-05,4502,2016-12-10,1822,155,RPD,6,5,5,4502,0,0,0,,0,007,"VALLEYRIDGE DR","VALLEY BROOK DR",309.00,W,N,A,-,N,,,,,,,,,,Y,4,0,1,2,A,-,05,21650,,N,A,C,A,A,H,-,C,D,0,,,,,Y,,A,01,0,0,1,0,0,0,0,0,0,"- ","- ",,,SHASTA,REDDING,-122.36865401999999,40.614911110000001
8357830,2016,2017-05-05,4502,2016-12-10,1427,146,,6,5,5,4502,0,0,0,,0,001,"OLD ALTURAS RD","CHURN CREEK RD",180.00,W,N,B,-,N,,,,,,,,,,N,4,0,1,2,A,-,03,22350,,N,C,C,A,B,H,-,A,A,0,,,,,Y,,A,07,0,0,1,0,0,0,0,0,0,"- ","- ",,,SHASTA,REDDING,-122.3517159,40.588389999999997
8357834,2016,2017-05-05,4502,2016-12-09,0710,177,4502,5,5,5,4502,0,0,0,,0,007,"TWIN VIEW","NORTH MARKET ST",0.00,,Y,C,-,N,,,,,,,,,,Y,4,0,1,3,A,-,12,21453,A,N,D,C,A,B,H,-,A,A,0,,,,,Y,,A,07,0,0,1,0,0,0,0,0,0,"- ","- ",,,SHASTA,REDDING,-122.37552345,40.613492280000003
8366519,2017,2017-06-15,4502,2017-01-21,1229,125,,6,5,5,4502,0,0,0,,0,,"EAST CYPRESS AV","BECHELLI LN",160.00,E,N,C,-,N,,,,,,,,,,N,4,0,1,2,A,-,03,22350,,N,C,C,A,B,H,-,A,A,0,,,,,Y,,A,01,0,0,1,0,0,0,0,0,0,"- ","- ",,,SHASTA,REDDING,-122.36216389000001,40.571046549999998
8366625,2017,2017-06-13,4501,2017-04-23,1010,405,,7,5,2,4501,0,0,0,,0,001,"RHONDA RD","PLEASANT HILLS DR",500.00,S,N,A,-,N,,,,,,,,,,N,4,0,1,1,A,-,07,21658,A,N,E,I,A,A,H,-,A,A,0,,,Y,,Y,,C,02,0,0,1,0,0,0,0,0,1,"- ","- ",,,SHASTA,ANDERSON,-122.28811021,40.433220210000002
8367935,2017,2017-05-24,4502,2017-01-13,1907,155,RPD,5,5,5,4502,0,0,0,,0,004,"PARKVIEW AV","FAVRETTO AV",0.00,,Y,A,-,N,,,,,,,,,,N,4,0,1,2,A,-,11,21950,B,N,G,B,B,-,H,-,C,D,0,Y,,,,Y,Y,N,60,0,0,1,0,1,0,0,0,0,"- ","- ",,,SHASTA,REDDING,-122.38554999999999,40.573099990000003
8367943,2017,2017-05-23,4502,2017-01-21,1237,146,,6,5,5,4502,0,0,0,,0,001,"HILLTOP DR","LAKE BL",528.00,S,N,B,-,N,,,,,,,,,,N,3,0,3,2,A,-,03,22350,,N,A,C,A,B,H,-,A,D,0,,,,,Y,,A,01,0,1,2,0,0,0,0,0,0,"- ","- ",,,SHASTA,REDDING,-122.37452155,40.609037970000003
8370943,2017,2018-04-23,4501,2017-04-15,0955,406,,6,5,2,4501,0,0,0,,0,001,"RT 273","NORTH ST",0.00,,Y,B,-,Y,SHA,2,273,-,-,5.438,I,5,S,N,4,0,1,2,A,-,09,21804,,N,D,C,A,A,H,-,A,A,0,,,,,Y,,A,01,0,0,1,0,0,0,0,0,0,"- ","- ",,,SHASTA,ANDERSON,-122.30147786000001,40.450410509999998
8370988,2017,2018-04-23,4502,2017-04-16,1607,329,,7,5,5,4502,0,0,0,,0,006,"EUREKA WY","COURT ST",0.00,,Y,C,-,Y,SHA,2,299,-,-,23.810,I,5,E,N,4,0,1,2,A,-,12,21453,A,N,D,C,A,B,H,-,A,A,0,,,,,Y,,A,07,0,0,1,0,0,0,0,0,0,"- ","- ",,,SHASTA,REDDING,-122.39714257999999,40.586390170000001
8373770,2017,2017-06-14,4502,2017-03-16,0552,119,,4,5,5,4502,0,0,0,,0,002,LARKSPUR,"CYPRESS AV",9.00,S,N,B,-,N,,,,,,,,,,N,3,0,1,2,A,-,11,21950,B,N,G,B,B,A,H,-,D,A,0,Y,,,Y,Y,Y,N,60,0,1,0,0,1,0,0,0,0,"- ","- ",,,SHASTA,REDDING,-122.35542562000001,40.57101566
8374351,2017,2018-03-20,4502,2017-02-01,1950,134,,3,5,5,4502,0,0,0,,0,006,"SUNDIAL BRIDGE DR","RT 44",147.00,N,N,A,-,Y,SHA,2,44,-,L,0.748,R,4,W,N,3,0,1,2,A,-,10,21950,A,F,G,B,B,A,H,-,C,A,0,Y,,,,Y,,-,99,0,1,0,0,1,0,0,0,0,"- ","- ",,,SHASTA,REDDING,-122.38033357,40.586818170000001
8374376,2017,2017-06-01,4502,2017-02-10,1813,323,RPD,5,5,5,4502,0,0,0,,0,002,"HARTNELL AV","VICTOR AV",0.00,,Y,B,C,N,,,,,,,,,,N,4,0,1,2,A,-,10,21950,A,N,G,B,B,B,H,-,C,A,0,Y,,,,Y,,A,01,0,0,1,0,1,0,0,0,0,"- ","- ",,,SHASTA,REDDING,-122.33949996,40.563739990000002
8374384,2017,2017-06-09,4502,2017-02-14,1610,134,,2,5,5,4502,0,0,0,,0,006,"11TH ST","WEST ST",0.00,,Y,A,-,N,,,,,,,,,,N,4,0,1,2,A,-,00,21951,A,N,B,B,B,A,H,-,A,D,0,Y,,,,Y,,A,01,0,0,1,0,1,0,0,0,0,"- ","- ",,,SHASTA,REDDING,-122.39979989,40.586989899999999
8374396,2017,2017-06-01,4502,2017-02-07,1437,145,,2,5,5,4502,0,0,0,,0,005,"SOUTH ST","OREGON ST",25.00,E,N,B,-,N,,,,,,,,,,Y,3,0,1,2,A,-,08,22107,,N,D,C,A,A,H,-,A,D,0,,,,,Y,,A,01,0,1,0,0,0,0,0,0,0,"- ","- ",,,SHASTA,REDDING,-122.39280393,40.579960139999997
8374400,2017,2017-06-01,4502,2017-02-08,0750,166,,3,5,5,4502,0,0,0,,0,003,"SOUTH BONNYVIEW RD","BECHELLI LN",110.00,E,N,C,-,N,,,,,,,,,,N,4,0,1,2,A,-,03,22350,,N,C,C,A,B,H,-,A,A,0,,,,,Y,,A,01,0,0,1,0,0,0,0,0,0,"- ","- ",,,SHASTA,REDDING,-122.3543536,40.538894229999997
8374408,2017,2017-06-13,4502,2017-03-03,1926,137,4502,5,5,5,4502,0,0,0,,0,001,"DANA DR","CHURN CREEK RD",0.00,,Y,A,-,N,,,,,,,,,,Y,4,0,6,3,A,-,12,21453,A,N,A,C,A,A,H,-,B,A,0,,,,,Y,,A,01,0,0,6,0,0,0,0,0,0,"- ","- ",,,SHASTA,REDDING,-122.35151995,40.586189949999998
8374421,2017,2017-06-01,4502,2017-02-18,1923,131,,6,5,5,4502,0,0,0,,0,002,"CHURN CREEK RD","EAST CYPRESS AV",0.00,,Y,B,-,N,,,,,,,,,,Y,4,0,4,2,D,-,00,,,N,D,C,A,A,H,-,C,A,0,,,,,Y,,-,"- ",0,0,4,0,0,0,0,0,0,"- ","- ",,,SHASTA,REDDING,-122.35309998,40.571039910000003
8374424,2017,2017-06-01,4502,2017-03-01,1823,128,,3,5,5,4502,0,0,0,,0,005,"TEHAMA ST","PINE ST",57.00,E,N,A,-,N,,,,,,,,,,Y,3,0,2,2,A,-,03,22350,,N,C,C,A,A,H,-,C,D,0,,,,,Y,,A,01,0,1,1,0,0,0,0,0,0,"- ","- ",,,SHASTA,REDDING,-122.38981704,40.585723440000002
8374463,2017,2017-06-01,4502,2017-03-01,1033,133,4502,3,5,5,4502,0,0,0,,0,002,"MISTLETOE LN","PENN DR",0.00,,Y,A,-,N,,,,,,,,,,Y,3,0,1,2,A,-,09,21802,A,N,D,C,A,A,H,-,A,A,0,,,,,Y,,A,01,0,1,0,0,0,0,0,0,0,"- ","- ",,,SHASTA,REDDING,-122.34569990999999,40.578379990000002
8374467,2017,2017-06-01,4502,2017-03-01,1351,133,4502,3,5,5,4502,0,0,0,,0,006,"ATHENS AV","LOCUST ST",170.00,,N,A,-,N,,,,,,,,,,N,4,0,1,2,A,-,03,22350,,N,C,C,A,A,H,-,A,A,0,,,,,Y,,A,01,0,0,1,0,0,0,0,0,0,"- ","- ",,,SHASTA,REDDING,-122.37625998,40.57504995
8374806,2017,2018-04-23,4502,2017-04-25,0858,105,,2,5,5,4502,0,0,0,,0,006,"RT 299","ALMOND AV",500.00,W,N,B,-,Y,SHA,2,299,-,-,22.880,H,-,W,Y,3,0,1,2,C,-,18,,,N,C,E,A,A,H,-,A,D,0,,,,,Y,,-,"- ",0,1,0,0,0,0,0,0,0,"- ","- ",,,SHASTA,REDDING,-122.41482323,40.585669070000002
8374826,2017,2018-04-23,4502,2017-04-10,1003,105,,1,5,5,4502,0,0,0,,0,007,"LAKE BL","RT 273",0.00,,Y,A,-,Y,SHA,2,273,-,-,18.622,I,5,N,Y,4,0,2,3,A,-,09,21453,C,N,A,C,A,A,H,-,A,A,0,,,,,Y,,A,01,0,0,2,0,0,0,0,0,0,"- ","- ",,,SHASTA,REDDING,-122.37650293,40.609444779999997
8374838,2017,2017-06-09,4502,2017-05-05,0905,157,,5,5,5,4502,0,0,0,,0,003,"BECHELLI AV","HARTNELL AV",78.00,S,N,A,-,N,,,,,,,,,,Y,4,0,1,2,A,-,08,22107,,N,D,C,A,A,H,-,A,D,0,,,,,Y,,D,23,0,0,1,0,0,0,0,0,0,"- ","- ",,,SHASTA,REDDING,-122.36263549,40.563575849999999
8374846,2017,2017-06-12,4502,2017-04-06,1119,157,,4,5,5,4502,0,0,0,,0,004,"BRANSTETTER LN","CEDARS RD",0.00,,Y,C,-,N,,,,,,,,,,Y,3,0,1,2,A,-,09,21802,A,N,D,C,A,B,H,-,A,A,0,,,,Y,Y,,F,26,0,1,0,0,0,0,0,0,0,"- ","- ",,,SHASTA,REDDING,-122.38902994999999,40.535859909999999
8375067,2017,2017-06-05,4502,2017-03-16,1809,134,,4,5,5,4502,0,0,0,,0,006,"EUREKA WY","BUENAVENTURA BL",395.00,E,N,A,-,N,,,,,,,,,,N,2,0,1,2,A,-,09,21801,A,N,D,C,A,A,H,-,A,D,0,,,Y,,Y,,A,01,1,0,0,0,0,0,0,0,1,"- ","- ",,,SHASTA,REDDING,-122.42546972,40.584051469999999
8375107,2017,2017-06-05,4502,2017-03-27,1041,105,,1,5,5,4502,0,0,0,,0,004,"EASTSIDE RD","PROGRESS DR",256.00,N,N,A,-,N,,,,,,,,,,Y,2,0,1,2,A,-,05,21650,,N,E,I,A,A,H,-,A,D,0,,,,,Y,,A,01,1,0,0,0,0,0,0,0,0,"- ","- ",,,SHASTA,REDDING,-122.38785077999999,40.557228549999998
8375707,2017,2017-06-09,4502,2017-04-27,0054,157,,4,5,5,4502,0,0,0,,0,004,"E BONNYVIEW RD","WILLOWBRAE AV",158.00,N,N,A,-,N,,,,,,,,,,Y,4,0,1,1,A,-,01,23152,A,N,F,I,A,A,H,-,C,D,0,,,,,Y,Y,A,01,0,0,1,0,0,0,0,0,0,"- ","- ",,,SHASTA,REDDING,-122.3753256,40.537289989999998
8375738,2017,2017-06-09,4502,2017-04-18,1711,145,,2,5,5,4502,0,0,0,,0,002,"HARTNELL AV","KENCO AV",6.00,E,N,A,-,N,,,,,,,,,,N,4,0,1,2,A,-,05,21650,1,N,D,G,A,A,H,-,A,A,0,,Y,,,Y,,L,04,0,0,1,0,0,0,1,0,0,"- ","- ",,,SHASTA,REDDING,-122.33822840000001,40.563720000000004
8375750,2017,2017-06-09,4502,2017-04-01,0242,178,4502,6,5,5,4502,0,0,0,,0,001,"HILLTOP DR","MERCEDES LN",0.00,,Y,A,-,N,,,,,,,,,,Y,4,0,1,1,A,-,01,23152,A,N,A,I,A,A,H,-,D,D,0,,,,,Y,Y,-,"- ",0,0,1,0,0,0,0,0,0,"- ","- ",,,SHASTA,REDDING,-122.37186993,40.600039940000002
8376265,2017,2018-03-20,4502,2017-03-01,2047,128,,3,5,5,4502,0,0,0,,0,006,"EUREKA WY","OLIVE ST",102.00,W,N,A,-,Y,SHA,2,299,-,-,23.280,H,-,W,Y,3,0,3,3,A,-,03,22350,,N,C,C,A,A,H,-,C,A,0,,,,,Y,,A,01,0,1,2,0,0,0,0,0,0,"- ","- ",,,SHASTA,REDDING,-122.40720472,40.586304949999999
8378867,2017,2017-06-13,4502,2017-03-16,1601,132,,4,5,5,4502,0,0,0,,0,002,"CYPRESS AV","CHURN CREEK RD",85.00,W,N,A,-,N,,,,,,,,,,Y,4,0,1,3,A,-,08,22107,,N,A,C,A,A,H,-,A,D,0,,,,,Y,,A,01,0,0,1,0,0,0,0,0,0,"- ","- ",,,SHASTA,REDDING,-122.35340607000001,40.571039999999996
8378964,2017,2017-06-12,4502,2017-04-24,1442,105,,1,5,5,4502,0,0,0,,0,003,"CHURN CREEK RD",LINDA,57.00,N,N,B,-,N,,,,,,,,,,Y,4,0,1,2,A,-,03,22350,,N,C,C,A,B,H,-,A,D,0,,,,,Y,,A,01,0,0,1,0,0,0,0,0,0,"- ","- ",,,SHASTA,REDDING,-122.35307237000001,40.560366500000001
8386552,2017,2018-03-20,4500,2017-03-01,1506,0140,REDDI,3,5,2,4580,0,0,0,,0,03B,"SHASTA DAM BL","MUSSEL SHOALS AV",102.00,W,N,A,-,Y,SHA,2,151,-,-,6.370,H,-,W,Y,4,0,1,3,A,-,03,22350,,N,C,C,A,A,H,-,A,D,0,,,,,Y,,A,01,0,0,1,0,0,0,0,0,0,"- ","- ",,,SHASTA,"SHASTA LAKE",-122.41575748,40.715112849999997
8388360,2017,2017-06-20,4500,2017-05-05,1021,0209,SHAST,5,5,2,4580,0,0,0,,0,03B,"CASCADE BL","AUTUMN HARVEST WY",0.00,,Y,A,-,N,,,,,,,,,,Y,4,0,1,2,A,-,21,22106,,N,D,C,A,A,H,-,A,A,0,,,,,Y,,A,01,0,0,1,0,0,0,0,0,0,"- ","- ",,,SHASTA,"SHASTA LAKE",-122.35962994,40.655349970000003
8421122,2017,2017-08-03,4502,2017-05-19,1416,170,,5,5,5,4502,0,0,0,,0,006,"MARKET ST","TRINITY ST",12.00,N,N,A,-,N,,,,,,,,,,Y,4,0,1,2,A,-,09,21801,A,N,A,C,A,A,H,-,A,A,0,,,,,Y,,A,01,0,0,1,0,0,0,0,0,0,"- ","- ",,,SHASTA,REDDING,-122.39270316,40.588671380000001
8421130,2017,2017-08-03,4502,2017-05-17,2226,182,4502,3,5,5,4502,0,0,0,,0,006,"SOUTH ST","EAST ST",0.00,,Y,A,-,N,,,,,,,,,,Y,3,0,2,2,A,-,03,22350,,N,C,C,A,A,H,-,C,-,0,,,,,Y,,A,01,0,2,0,0,0,0,0,0,0,"- ","- ",,,SHASTA,REDDING,-122.38673995000001,40.58142995
8421181,2017,2017-08-03,4502,2017-05-24,2120,101,,3,5,5,4502,0,0,0,,0,003,"BECHELLI LN","2ND ST",28.00,N,N,A,-,N,,,,,,,,,,Y,3,0,2,2,A,-,09,21801,A,N,D,C,A,A,H,-,C,D,0,,,,,Y,,A,07,0,2,0,0,0,0,0,0,0,"- ","- ",,,SHASTA,REDDING,-122.36264,40.557316880000002
8421185,2017,2017-08-03,4502,2017-05-29,1619,145,,1,5,5,4502,0,0,0,,0,002,"BECHELLI LN","HARTNELL AV",156.00,N,N,A,-,N,,,,,,,,,,Y,4,0,1,2,A,-,08,22107,,N,D,C,A,A,H,-,A,D,0,,,,,Y,,A,01,0,0,1,0,0,0,0,0,0,"- ","- ",,,SHASTA,REDDING,-122.36265367,40.564218220000001
8421189,2017,2017-08-03,4502,2017-05-26,0130,198,,5,5,5,4502,0,0,0,,0,002,"HARTNELL AV",NORTHWOODS,244.00,E,N,A,-,N,,,,,,,,,,N,3,0,1,2,A,-,05,21650,,F,B,B,E,A,H,-,C,D,0,Y,,,,Y,Y,A,01,0,1,0,0,1,0,0,0,0,"- ","- ",,,SHASTA,REDDING,-122.35545150999999,40.56381623
8424253,2017,2017-08-16,4501,2017-06-28,0943,421,SHAST,3,5,2,4501,0,0,0,,0,001,"SOUTH ST","EMILY DR",200.00,E,N,A,-,N,,,,,,,,,,N,4,0,1,2,A,-,03,22350,,N,C,C,A,A,H,-,A,D,0,,,,,Y,,A,01,0,0,1,0,0,0,0,0,0,"- ","- ",,,SHASTA,ANDERSON,-122.30243225,40.4434355
8431650,2017,2017-09-18,4502,2017-06-24,1400,152,4502,6,5,5,4502,0,0,0,,0,001,"WINGSETTER WY","WINGSETTER WY 1521",0.00,,Y,A,-,N,,,,,,,,,,Y,3,0,1,1,B,-,22,,,N,H,A,A,A,H,-,A,D,0,,,,,Y,,-,"- ",0,1,0,0,0,0,0,0,0,"- ","- ",,,SHASTA,REDDING,-122.34628558,40.594530659999997
8433381,2017,2017-09-19,4502,2017-06-25,1500,129,SHAST,7,5,5,4502,0,0,0,,0,007,"LAKE BL","MASONIC AV",0.00,,Y,B,-,N,,,,,,,,,,N,4,0,1,2,A,-,05,21650,,N,D,G,A,A,H,-,A,A,0,,Y,,,Y,,L,04,0,0,1,0,0,0,1,0,0,"- ","- ",,,SHASTA,REDDING,-122.37944994,40.609989919999997
8433385,2017,2018-04-23,4502,2017-06-30,0346,135,,5,5,5,4502,0,0,0,,0,004,"RT 273","CLEAR CREEK RD",15.00,N,N,A,-,Y,SHA,2,273,-,-,11.840,H,-,S,Y,3,0,1,2,A,-,01,23152,,N,C,C,A,A,H,-,C,A,0,,,,,Y,Y,D,22,0,1,0,0,0,0,0,0,0,"- ","- ",,,SHASTA,REDDING,-122.38147098,40.516799169999999
8433413,2017,2017-09-06,4502,2017-06-16,1850,182,4502,5,5,5,4502,0,0,0,,0,006,"QUARTZ HILL RD","DELTA ST",175.00,W,N,A,-,N,,,,,,,,,,Y,4,0,1,1,A,-,05,21650,,N,A,I,A,A,H,-,A,D,0,,,,Y,Y,,F,26,0,0,1,0,0,0,0,0,0,"- ","- ",,,SHASTA,REDDING,-122.39360471000001,40.595890439999998
8433429,2017,2018-03-20,4502,2017-06-14,1613,107,,3,5,5,4502,0,0,0,,0,007,"LAKE BL","TAMARACK DR",0.00,,Y,A,-,N,,,,,,,,,,Y,3,0,1,2,D,-,00,,,N,D,C,A,A,H,-,A,A,0,,,,,Y,,-,"- ",0,1,0,0,0,0,0,0,0,"- ","- ",,,SHASTA,REDDING,-122.40039994,40.620559919999998
8433433,2017,2017-09-19,4502,2017-06-03,2356,135,,6,5,5,4502,0,0,0,,0,007,"KESWICK DAM RD","NASH RD",150.00,E,N,A,-,N,,,,,,,,,,Y,3,0,2,1,A,-,01,23152,A,N,A,I,A,A,H,-,D,D,0,,,,,Y,Y,D,22,0,2,0,0,0,0,0,0,0,"- ","- ",,,SHASTA,REDDING,-122.41686661,40.624932029999997
8436667,2017,2017-09-18,4502,2017-07-28,1330,150,SCSC,5,5,5,4502,0,0,0,,0,002,"EAST CYPRESS AV","HARTNELL AV",0.00,,Y,A,-,N,,,,,,,,,,N,4,0,1,2,A,-,03,22350,,N,C,C,A,A,H,-,A,A,0,,,,,Y,,A,07,0,0,1,0,0,0,0,0,0,"- ","- ",,,SHASTA,REDDING,-122.36957986,40.57125989
8436670,2017,2017-09-20,4502,2017-07-11,1152,193,,2,5,5,4502,0,0,0,,0,006,"BENTON DR","MARKET ST",1267.00,W,N,A,-,N,,,,,,,,,,Y,4,0,1,1,D,-,00,,,N,E,I,A,A,H,-,A,B,0,,,,,Y,,-,"- ",0,0,1,0,0,0,0,0,0,"- ","- ",,,SHASTA,REDDING,-122.3887417,40.599647879999999
8436678,2017,2017-09-25,4502,2017-07-10,0947,133,,1,5,5,4502,0,0,0,,0,005,"PLACER ST","WEST ST",15.00,E,N,A,-,N,,,,,,,,,,Y,3,0,1,2,A,-,03,22350,,N,C,C,A,A,H,-,A,D,0,,,,,Y,,A,01,0,1,0,0,0,0,0,0,0,"- ","- ",,,SHASTA,REDDING,-122.39627877,40.580833069999997
8436698,2017,2017-09-25,4502,2017-07-03,1640,131,,1,5,5,4502,0,0,0,,0,002,"HILLTOP DR","EAST CYPRESS AV",207.00,S,N,A,-,N,,,,,,,,,,N,4,0,1,2,A,-,09,21804,A,N,D,C,A,A,H,-,A,D,0,,,,,Y,,A,01,0,0,1,0,0,0,0,0,0,"- ","- ",,,SHASTA,REDDING,-122.35808906,40.570482470000002
8436715,2017,2017-10-03,4502,2017-07-14,2104,102,,5,5,5,4502,0,0,0,,0,003,"BECHELLI LN","LOMA VISTA DR",20.00,S,N,A,-,N,,,,,,,,,,Y,4,0,1,2,A,-,12,22450,,N,-,C,A,A,H,-,C,A,0,,,,,Y,,-,"- ",0,0,1,0,0,0,0,0,0,"- ","- ",,,SHASTA,REDDING,-122.36248999999999,40.549325080000003
8444993,2017,2017-11-09,4502,2017-06-03,1426,152,4502,6,5,5,4502,0,0,0,,0,002,"HARTNELL AV","ROBERTS CT",150.00,W,N,A,-,N,,,,,,,,,,N,3,0,1,2,A,-,09,21801,A,N,D,C,A,A,H,-,A,D,0,,,,,Y,,A,01,0,1,0,0,0,0,0,0,0,"- ","- ",,,SHASTA,REDDING,-122.34115002999999,40.563745310000002
8444997,2017,2017-11-09,4502,2017-06-02,1650,198,,5,5,5,4502,0,0,0,,0,004,"EASTSIDE RD","GIRVAN RD",0.00,,Y,A,-,N,,,,,,,,,,N,4,0,2,2,A,-,03,22350,,N,C,C,A,A,H,-,A,A,0,,,,,Y,,A,01,0,0,2,0,0,0,0,0,0,"- ","- ",,,SHASTA,REDDING,-122.38011989,40.513049950000003
8445005,2017,2017-11-09,4502,2017-06-01,0212,128,,4,5,5,4502,0,0,0,,0,003,"BECHELLI LN","3RD ST",3.00,S,N,A,-,N,,,,,,,,,,N,4,0,1,2,A,-,09,21802,A,F,D,G,A,A,H,-,D,D,0,,Y,,,Y,Y,A,07,0,0,1,0,0,0,1,0,0,"- ","- ",,,SHASTA,REDDING,-122.36264,40.557981759999997
8445063,2017,2018-05-09,4501,2017-07-20,1412,421,SHAST,4,5,2,4501,0,0,0,,0,A01,"RT 273","OX YOKE RD",0.00,,Y,A,-,Y,SHA,2,273,-,-,6.890,H,-,S,N,3,0,1,2,A,-,08,22107,,N,C,G,A,A,H,-,A,A,0,,Y,,,Y,,L,04,0,1,0,0,0,0,1,0,0,"- ","- ",,,SHASTA,ANDERSON,-122.32195634,40.464400550000001