CASE_ID,ACCIDENT_YEAR,PROC_DATE,JURIS,COLLISION_DATE,COLLISION_TIME,OFFICER_ID,REPORTING_DISTRICT,DAY_OF_WEEK,CHP_SHIFT,POPULATION,CNTY_CITY_LOC,SPECIAL_COND,BEAT_TYPE,CHP_BEAT_TYPE,CITY_DIVISION_LAPD,CHP_BEAT_CLASS,BEAT_NUMBER,PRIMARY_RD,SECONDARY_RD,DISTANCE,DIRECTION,INTERSECTION,WEATHER_1,WEATHER_2,STATE_HWY_IND,CALTRANS_COUNTY,CALTRANS_DISTRICT,STATE_ROUTE,ROUTE_SUFFIX,POSTMILE_PREFIX,POSTMILE,LOCATION_TYPE,RAMP_INTERSECTION,SIDE_OF_HWY,TOW_AWAY,COLLISION_SEVERITY,NUMBER_KILLED,NUMBER_INJURED,PARTY_COUNT,PRIMARY_COLL_FACTOR,PCF_CODE_OF_VIOL,PCF_VIOL_CATEGORY,PCF_VIOLATION,PCF_VIOL_SUBSECTION,HIT_AND_RUN,TYPE_OF_COLLISION,MVIW,PED_ACTION,ROAD_SURFACE,ROAD_COND_1,ROAD_COND_2,LIGHTING,CONTROL_DEVICE,CHP_ROAD_TYPE,PEDESTRIAN_ACCIDENT,BICYCLE_ACCIDENT,MOTORCYCLE_ACCIDENT,TRUCK_ACCIDENT,NOT_PRIVATE_PROPERTY,ALCOHOL_INVOLVED,STWD_VEHTYPE_AT_FAULT,CHP_VEHTYPE_AT_FAULT,COUNT_SEVERE_INJ,COUNT_VISIBLE_INJ,COUNT_COMPLAINT_PAIN,COUNT_PED_KILLED,COUNT_PED_INJURED,COUNT_BICYCLIST_KILLED,COUNT_BICYCLIST_INJURED,COUNT_MC_KILLED,COUNT_MC_INJURED,PRIMARY_RAMP,SECONDARY_RAMP,LATITUDE,LONGITUDE,COUNTY,CITY,POINT_X,POINT_Y
9001540,2019,2019-12-19,4502,2019-07-20,1134,167,R05,6,5,5,4502,0,0,0,,0,005,"SHASTA ST","WILLIS ST",30.00,W,N,A,-,N,,,,,,,,,,Y,4,0,1,1,A,-,08,22107,,N,A,I,A,A,H,-,A,D,0,,,,,Y,,A,01,0,0,1,0,0,0,0,0,0,"- ","- ",,,SHASTA,REDDING,-122.40078735351562,40.584438323974609
9001564,2019,2019-12-19,4502,2019-07-31,1211,R0158,R05,3,5,5,4502,0,0,0,,0,005,"COURT ST","GOLD ST",0.00,,Y,A,-,N,,,,,,,,,,Y,3,0,1,2,A,-,09,21802,B,N,D,C,A,A,H,-,A,A,0,,,,,Y,,A,01,0,1,0,0,0,0,0,0,0,"- ","- ",40.578620910644531,-122.39380645751953,SHASTA,REDDING,-122.393798828125,40.578601837158203
9001568,2019,2019-12-19,4502,2019-07-31,1847,R526,R03,3,5,5,4502,0,0,0,,0,003,"SARATOGA DR","EL RANCHO RD",0.00,,Y,A,-,N,,,,,,,,,,Y,4,0,1,3,A,-,03,22350,,N,C,C,A,A,H,-,A,D,0,,,,,Y,,A,01,0,0,1,0,0,0,0,0,0,"- ","- ",40.535041809082031,-122.32456970214844,SHASTA,REDDING,-122.32485,40.53472
9001599,2019,2019-12-19,4502,2019-07-10,1656,R0096,R05,3,5,5,4502,0,0,0,,0,005,"PLACER ST","BUENAVENTURA ST",1000.00,S,N,A,-,N,,,,,,,,,,N,4,0,3,2,A,-,17,22109,,N,C,C,A,A,H,-,A,D,0,,,,,Y,,A,01,0,0,3,0,0,0,0,0,0,"- ","- ",,,SHASTA,REDDING,-122.42215728759766,40.573410034179688
9001715,2019,2019-12-30,4502,2019-07-06,1319,YABRA108,R01,6,5,5,4502,0,0,0,,0,001,"DANA DR","BRADFORD WY",959.00,W,N,A,-,N,,,,,,,,,,Y,4,0,1,2,A,-,08,22107,,N,B,C,A,A,H,-,A,A,0,,,,,Y,,A,01,0,0,1,0,0,0,0,0,0,"- ","- ",40.585678100585938,-122.34374237060547,SHASTA,REDDING,-122.34715270996094,40.585746765136719
90017215,2015,2015-10-19,9135,2015-09-10,1527,015133,,4,2,9,4500,0,3,5,,2,002,"OASIS ROAD","TENNESSEE DRIVE",236.00,E,N,A,-,N,,,,,,,,,,Y,3,0,1,2,A,-,08,22107,,N,B,C,A,A,H,-,A,D,0,,,,Y,Y,,D,22,0,1,0,0,0,0,0,0,0,"- ","- ",40.637099999999997,-122.3801,SHASTA,UNINCORPORATED,-122.38016902,40.637044340000003
9001727,2019,2019-12-30,4502,2019-07-02,1243,538,,2,5,5,4502,0,0,0,,0,,"CHURN CREEK RD","VICTOR AV",6.00,S,N,A,-,N,,,,,,,,,,Y,2,0,4,2,A,-,09,21801,A,N,A,C,A,A,H,-,A,D,0,,,,,Y,,A,07,1,0,3,0,0,0,0,0,0,"- ","- ",,,SHASTA,REDDING,-122.33619689941406,40.53472900390625
9001735,2019,2019-12-30,4502,2019-07-02,1123,R526,R04,2,5,5,4502,0,0,0,,0,004,"CYPRESS AV","CIVIC CENTER DR",500.00,W,N,A,-,N,,,,,,,,,,N,3,0,1,1,A,-,03,22350,,N,F,A,A,A,H,-,A,D,0,,,Y,,Y,,C,02,0,1,0,0,0,0,0,0,1,"- ","- ",40.575801849365234,-122.38378143310547,SHASTA,REDDING,-122.38278961181641,40.575202941894531
90018477,2015,2015-10-19,9135,2015-09-09,1325,012864,,3,1,9,4500,0,3,5,,2,002,"SR-299 WESTBOUND","HELENA DRIVE",0.00,,Y,A,-,Y,,,,,,,,,,Y,2,0,4,2,A,-,09,21801,A,N,D,C,A,A,H,-,A,D,0,,,,,Y,,A,01,1,2,1,0,0,0,0,0,0,"- ","- ",,,SHASTA,UNINCORPORATED,-122.2732199,40.630559939999998
90018525,2015,2015-10-19,9135,2015-09-16,1740,016087,,3,2,9,4500,0,1,3,,1,302,"HAPPY VALLEY RD.","WILD WEED WAY",60.00,N,N,B,C,N,,,,,,,,,,Y,4,0,2,2,A,-,05,21460,A,M,E,I,A,A,H,-,A,D,0,,,,,Y,,A,01,0,0,2,0,0,0,0,0,0,"- ","- ",,,SHASTA,UNINCORPORATED,-122.3995767,40.461295059999998
90026006,2015,2015-10-19,9135,2015-09-23,0030,013861,,3,3,9,4500,0,3,5,,2,002,"OLD OREGON TRAIL","COLLYER DRIVE",154.00,N,N,A,-,N,,,,,,,,,,Y,3,0,1,1,A,-,05,21650,,M,E,I,A,A,H,-,D,D,0,,,,,Y,,D,22,0,1,0,0,0,0,0,0,0,"- ","- ",40.623699999999999,-122.31981,SHASTA,UNINCORPORATED,-122.31967802,40.623355349999997
90028876,2015,2015-10-19,9135,2015-10-07,1750,018133,,3,2,9,4500,0,3,5,,2,002,"OASIS RD.","ALEE LANE",350.00,W,N,A,-,N,,,,,,,,,,Y,4,0,1,1,A,-,08,22107,,N,E,I,A,A,H,-,A,D,0,,,,,Y,,D,22,0,0,1,0,0,0,0,0,0,"- ","- ",40.631070000000001,-122.39753,SHASTA,UNINCORPORATED,-122.39719245000001,40.631191610000002
90030899,2015,2015-10-19,9135,2015-10-11,1555,013553,,7,2,9,4500,0,3,5,,2,006,"FAIRFIELD ST",SR-299,400.00,N,N,A,-,N,,,,,,,,,,N,3,0,1,2,A,-,03,22350,,N,F,A,A,A,H,-,A,D,0,,,Y,,Y,,C,06,0,1,0,0,0,0,0,0,1,"- ","- ",,,SHASTA,UNINCORPORATED,-121.62955463,40.917077200000001
90034141,2015,2015-10-19,9135,2015-10-11,0825,013553,,7,1,9,4500,0,1,3,,2,603,SR-299,"PIT NO 1 POWERHOUSE RD",0.00,,N,A,-,Y,,,,,,,,,,Y,3,0,1,1,A,-,08,22107,,N,E,I,A,A,H,-,A,D,0,,,,,Y,,A,07,0,1,0,0,0,0,0,0,0,"- ","- ",,,SHASTA,UNINCORPORATED,-121.50661993999999,41.00189993
90034835,2015,2015-10-20,9135,2015-10-06,1520,013861,,2,2,9,4500,0,3,5,,2,002,"DESCHUTES ROAD","BOYLE ROAD",2112.00,S,N,A,-,N,,,,,,,,,,Y,4,0,1,2,A,-,03,22350,,N,C,C,A,A,H,-,A,D,0,,,,,Y,,A,01,0,0,1,0,0,0,0,0,0,"- ","- ",40.586779999999997,-122.23902,SHASTA,UNINCORPORATED,-122.23901155999999,40.587133729999998
90035989,2015,2015-10-29,9135,2015-08-08,0800,015627,,6,1,9,4500,0,3,5,,2,004,"MILLVILLE PLAINS RD","BASCOM RD",960.00,S,N,A,-,N,,,,,,,,,,Y,1,1,0,1,A,-,01,23152,A,N,F,A,A,A,H,-,A,A,0,,,,,Y,Y,A,01,0,0,0,0,0,0,0,0,0,"- ","- ",,,SHASTA,UNINCORPORATED,-122.17676892999999,40.525908960000002
90036329,2015,2015-10-22,9135,2015-10-16,1524,015133,,5,2,9,4500,0,3,5,,2,003,"HAWTHORNE AVE","HAPPY VALLEY ROAD",0.00,,Y,A,-,N,,,,,,,,,,N,4,0,1,2,A,-,09,21802,A,N,D,C,A,A,H,-,A,A,0,,,,,Y,,D,22,0,0,1,0,0,0,0,0,0,"- ","- ",40.128869999999999,-122.44614,SHASTA,UNINCORPORATED,-122.39737986,40.477929930000002
90038328,2015,2015-10-26,9135,2015-10-13,1308,014761,,2,1,9,4500,0,3,5,,2,003,"PINE STREET","OLINDA ROAD",200.00,S,N,A,-,N,,,,,,,,,,N,3,0,1,1,C,-,18,,,N,E,H,A,A,H,-,A,D,0,,,Y,,Y,,-,"- ",0,1,0,0,0,0,0,0,1,"- ","- ",40.438400000000001,-122.42064999999999,SHASTA,UNINCORPORATED,-122.42067756,40.438751570000001
90040467,2015,2015-10-29,9135,2015-10-20,0735,016513,,2,1,9,4500,0,3,5,,2,002,"AIRPORT RD","CHARLANE RD",100.00,N,N,A,-,N,,,,,,,,,,N,4,0,2,2,A,-,03,22350,,N,C,C,A,A,H,-,A,D,0,,,,,Y,,D,22,0,0,2,0,0,0,0,0,0,"- ","- ",,,SHASTA,UNINCORPORATED,-122.30285000000001,40.546294580000001
90043567,2015,2015-11-03,9135,2015-10-13,1538,013861,,2,2,9,4500,0,3,5,,2,002,"OLD ALTURAS ROAD","DESCHUTES ROAD",1056.00,W,N,A,-,N,,,,,,,,,,Y,3,0,1,1,A,-,01,23152,A,M,E,I,A,A,H,-,A,B,0,,,,,Y,Y,D,22,0,1,0,0,0,0,0,0,0,"- ","- ",40.636029999999998,-122.24399,SHASTA,UNINCORPORATED,-122.24398178,40.636368449999999
90043730,2015,2015-11-03,9146,2015-11-01,1310,015592,,7,1,9,4500,0,1,1,,2,013,"INTERSTATE 5 S/B","FLUME CREEK RD",2640.00,S,N,B,-,Y,,,5,,,,,,S,Y,4,0,1,1,A,-,08,22107,,N,E,I,A,B,H,-,A,D,0,,,,,Y,,A,01,0,0,1,0,0,0,0,0,0,"- ","- ",41.0901,-122.35283,SHASTA,UNINCORPORATED,-122.35281906,41.090096129999999
90044240,2015,2015-11-04,9135,2015-10-28,2005,015418,,3,2,9,4500,0,3,5,,2,002,"OLD ALTURAS ROAD","BOYLE ROAD",3168.00,E,N,A,-,N,,,,,,,,,,Y,2,0,1,1,A,-,08,22107,,N,F,A,A,A,H,-,D,D,0,,,,,Y,,A,01,1,0,0,0,0,0,0,0,0,"- ","- ",,,SHASTA,UNINCORPORATED,-122.28222101999999,40.60127627
90048875,2015,2015-11-11,9135,2015-11-02,1150,016513,,1,1,9,4500,0,3,5,,2,003,"GAS POINT RD","MAJESTIC OAK CIR",4224.00,E,N,B,-,N,,,,,,,,,,Y,2,0,1,1,A,-,08,22107,,N,E,I,A,A,H,-,A,D,0,,,,,Y,,A,07,1,0,0,0,0,0,0,0,0,"- ","- ",,,SHASTA,UNINCORPORATED,-122.34194786,40.3893269
90051452,2015,2015-11-16,9146,2015-10-28,1055,16697,,3,1,9,4500,0,1,1,,2,013,"I-5 S/B","SODA CREEK",3696.00,S,N,B,C,Y,,,5,,,,,,S,Y,2,0,1,4,A,-,03,22350,,N,C,C,A,B,H,-,A,D,0,,,,Y,Y,,E,22,1,0,0,0,0,0,0,0,0,"- ","- ",41.153399999999998,-122.29601,SHASTA,UNINCORPORATED,-122.29603459,41.153444399999998
90052687,2015,2015-11-17,9135,2015-11-07,0330,013331,,6,3,9,4500,0,1,3,,1,401,"SR-44 W/B","DESCHUTES RD",1056.00,E,N,A,-,Y,,,,,,,,,,Y,4,0,1,1,C,-,18,,,N,H,H,A,A,H,-,D,D,0,,,,,Y,,-,"- ",0,0,1,0,0,0,0,0,0,"- ","- ",,,SHASTA,UNINCORPORATED,-122.23495610000001,40.556185210000002
90056484,2015,2015-11-20,9135,2015-10-24,1314,015627,,6,1,9,4500,0,3,5,,2,002,"SILVER BRIDGE ROAD","SILVERLODE LANE",0.00,,Y,A,-,N,,,,,,,,,,Y,4,0,1,2,A,-,09,21802,A,N,D,C,A,A,H,-,A,A,0,,,,,Y,,A,01,0,0,1,0,0,0,0,0,0,"- ","- ",,,SHASTA,UNINCORPORATED,-122.21981993999999,40.554999899999999
90056504,2015,2015-11-20,9135,2015-11-09,0750,012978,9135,1,1,9,4500,0,1,1,,2,054,I-5,"LAKE BLVD",75.00,S,N,B,C,Y,,,,,,,,,,N,4,0,1,2,A,-,03,22350,,N,C,C,A,B,H,-,A,D,0,,,,,Y,,A,01,0,0,1,0,0,0,0,0,0,"- ","- ",40.611969999999999,-122.36206,SHASTA,UNINCORPORATED,-122.36337745,40.612139659999997
90060034,2015,2015-11-25,9135,2015-10-28,0750,013861,,3,1,9,4500,0,3,5,,2,002,"SWEDE CREEK ROAD","FRISBIE LANE",1056.00,N,N,B,-,N,,,,,,,,,,Y,3,0,1,1,A,-,08,22107,,N,E,I,A,B,H,-,A,A,0,,,,,Y,,D,22,0,1,0,0,0,0,0,0,0,"- ","- ",40.579990000000002,-122.22049,SHASTA,UNINCORPORATED,-122.22031741000001,40.579876030000001
90061628,2015,2015-11-30,9135,2015-11-01,0423,013861,,7,3,9,4500,0,3,5,,2,003,"OLINDA ROAD","POPLAR AVENUE",36.00,W,N,B,-,N,,,,,,,,,,Y,2,0,2,1,A,-,01,23152,E,N,E,I,A,A,H,-,D,D,0,,,,,Y,,D,22,2,0,0,0,0,0,0,0,0,"- ","- ",40.43918,-122.39782,SHASTA,UNINCORPORATED,-122.39782931000001,40.439213080000002
90061759,2015,2015-11-30,9135,2015-11-09,1420,016513,,1,2,5,4502,0,1,1,,2,054,"I-5 N/B TO SR-44 W/B","I-5 N/B",528.00,E,N,B,C,Y,,,,,,,,,,Y,4,0,1,1,A,-,03,22350,,N,F,A,A,B,H,-,A,D,0,,,,,Y,,A,01,0,0,1,0,0,0,0,0,0,"- ","- ",,,SHASTA,REDDING,,
90063185,2015,2015-12-01,9135,2015-11-10,0544,013861,,2,3,9,4500,0,1,1,,2,056,"INTERSTATE 5 SOUTHBOUND","TURNTABLE BAY UNDERCROSS",2270.00,N,N,A,-,Y,,,5,,,,,,S,Y,4,0,2,1,A,-,03,22350,,N,E,I,A,B,H,-,D,A,0,,,,,Y,,A,01,0,0,2,0,0,0,0,0,0,"- ","- ",40.777799999999999,-122.31891,SHASTA,UNINCORPORATED,-122.31920607000001,40.77726827
90065232,2015,2015-12-03,9135,2015-11-19,1610,012421,,4,2,9,4500,0,1,3,,2,605,SR-89,"DOTY ROAD",3168.00,S,N,A,-,Y,,,,,,,,,,N,4,0,2,1,A,-,08,22107,,N,E,A,A,A,H,-,A,D,0,,,,,Y,,A,07,0,0,2,0,0,0,0,0,0,"- ","- ",,,SHASTA,UNINCORPORATED,-121.51341999,40.821904019999998
90065568,2015,2015-12-04,9135,2015-11-20,0800,013331,,5,1,9,4500,0,1,3,,1,302,"SR-273 S/B","SPRING GULCH RD",89.00,N,N,A,-,Y,,,,,,,,,,Y,2,0,2,3,A,-,03,22350,,N,C,C,A,A,H,-,A,A,0,,,,,Y,,A,01,1,0,1,0,0,0,0,0,0,"- ","- ",,,SHASTA,UNINCORPORATED,-122.32473858,40.466292850000002
90065834,2015,2015-12-04,9135,2015-11-23,1520,016513,,1,2,9,4500,0,3,5,,2,004,"PARKVILLE ROAD","DERSCH RD",11088.00,S,N,A,-,N,,,,,,,,,,Y,3,0,1,1,A,-,08,22107,,N,E,I,A,A,H,-,A,D,0,,,,,Y,,A,01,0,1,0,0,0,0,0,0,0,"- ","- ",,,SHASTA,UNINCORPORATED,-122.19663117,40.446455690000001
90067531,2015,2015-12-08,9135,2015-11-27,2240,018133,,5,3,9,4500,0,3,5,,2,002,"NORTH STAR DR.","OLD OREGON TRL",0.00,,Y,A,-,N,,,,,,,,,,Y,2,0,2,1,A,-,01,23152,A,N,E,I,A,A,H,-,C,D,0,,,,,Y,Y,A,01,2,0,0,0,0,0,0,0,0,"- ","- ",40.578200000000002,-122.30525,SHASTA,UNINCORPORATED,-122.30540996000001,40.578249890000002
90067661,2015,2015-12-08,9135,2015-12-01,1935,015418,,2,2,9,4500,0,3,5,,2,002,"DESCHUTES ROAD","OLD DESCHUTES ROAD",0.00,,Y,B,-,N,,,,,,,,,,N,4,0,1,2,A,-,09,21802,A,N,B,C,A,A,H,-,D,D,0,,,,,Y,,A,01,0,0,1,0,0,0,0,0,0,"- ","- ",,,SHASTA,UNINCORPORATED,-122.23835996,40.592809969999998
90068109,2015,2015-12-08,9135,2015-12-03,1130,014516,,4,1,9,4500,0,1,1,,2,056,"I-5 S/B","GABLES RD O/C",155.00,N,N,C,-,Y,,,5,,,,,,S,Y,4,0,1,1,A,-,08,22107,,N,E,I,A,B,H,-,A,D,0,,,,Y,Y,,G,25,0,0,1,0,0,0,0,0,0,"- ","- ",40.957880000000003,-122.4359,SHASTA,UNINCORPORATED,-122.43584314,40.957920440000002
90071704,2015,2015-12-11,9135,2015-12-10,0738,019030,,4,1,9,4500,0,1,3,,2,604,"SR-44 W/B",SR-89,19536.00,E,N,D,-,Y,,,,,,,,,,Y,4,0,1,1,A,-,03,22350,,N,E,I,A,C,H,-,A,D,0,,,,Y,Y,,G,25,0,0,1,0,0,0,0,0,0,"- ","- ",,,SHASTA,UNINCORPORATED,-121.54772609,40.58777611
90072473,2015,2015-12-14,9135,2015-12-08,0300,016424,,2,3,9,4500,0,3,5,,2,001,"INTERSTATE-5 SOUTHBOUND","KNIGHTON ROAD",1584.00,N,N,B,-,Y,,,5,,,,,,S,Y,3,0,1,1,A,-,08,22107,,M,E,I,A,B,H,-,D,D,0,,,,,Y,,D,22,0,1,0,0,0,0,0,0,0,"- ","- ",40.509639999999997,-122.34103,SHASTA,UNINCORPORATED,-122.34097269999999,40.509678450000003
90075167,2015,2015-12-16,9135,2015-12-10,1710,018433,,4,2,9,4500,0,3,5,,2,004,"MAIN STREET","MUSKET WAY",230.00,N,N,C,-,N,,,,,,,,,,N,4,0,1,3,A,-,03,22350,,N,E,J,E,B,E,-,C,D,0,Y,,,,Y,,D,22,0,0,1,0,1,0,0,0,0,"- ","- ",,,SHASTA,UNINCORPORATED,-122.28080923,40.391961340000002
90076103,2015,2015-12-17,9135,2015-12-05,0030,017428,,6,3,9,4500,0,3,5,,2,003,"CHINA GULCH DR.","SYLVAN LN.",632.00,E,N,B,-,N,,,,,,,,,,Y,2,0,1,1,A,-,01,23152,A,N,E,I,A,A,H,-,D,A,0,,,,,Y,Y,A,01,1,0,0,0,0,0,0,0,0,"- ","- ",,,SHASTA,UNINCORPORATED,-122.39805982,40.490374520000003
90079720,2015,2015-12-22,9135,2015-12-20,0645,012978,9135,7,1,9,4500,0,3,5,,2,002,"BEAR MOUNTAIN RD","DRY CREEK ROAD",1056.00,W,N,B,C,N,,,,,,,,,,Y,3,0,1,1,A,-,08,22107,,M,E,I,A,B,H,-,D,D,0,,,,,Y,,A,01,0,1,0,0,0,0,0,0,0,"- ","- ",,,SHASTA,UNINCORPORATED,-122.24485122999999,40.713911199999998
90080840,2015,2015-12-23,9135,2015-12-18,1530,16461,,5,2,9,4500,0,1,1,,2,053,"I-5 N/B ON FROM GAS POINT ROAD","GAS PIONT RD",300.00,N,N,B,C,Y,,,,,,,,,,Y,4,0,1,1,A,-,08,22107,,N,E,I,A,B,H,-,A,D,0,,,,,Y,,A,01,0,0,1,0,0,0,0,0,0,"- ","- ",,,SHASTA,UNINCORPORATED,,
90081200,2015,2015-12-23,9135,2015-12-20,1100,016513,,7,1,9,4500,0,1,3,,2,040,"SR-44 W/B","DESCHUTES RD",750.00,W,N,B,C,Y,,,,,,,,,,Y,3,0,1,1,A,-,08,22107,,N,E,I,A,B,H,-,A,D,0,,,,,Y,,A,07,0,1,0,0,0,0,0,0,0,"- ","- ",,,SHASTA,UNINCORPORATED,-122.24095174999999,40.558103119999998
90082117,2015,2015-12-24,9135,2015-12-18,1658,018469,,5,2,5,4502,0,1,1,,2,054,"I-5 N/B",SR-44,528.00,S,N,C,-,Y,,,5,,,,,,N,N,4,0,1,2,A,-,03,22350,,N,C,C,A,B,H,-,C,D,0,,,,,Y,,A,01,0,0,1,0,0,0,0,0,0,"- ","- ",40.577669999999998,-122.36024,SHASTA,REDDING,-122.36031583,40.57766951
90082153,2015,2015-12-24,9135,2015-12-21,0915,013355,,1,1,9,4500,0,1,3,,2,601,"STATE ROUTE 299","MOOSE CAMP RD",1584.00,W,N,B,C,Y,,,,,,,,,,Y,4,0,1,1,A,-,03,22350,,N,E,I,A,C,H,-,A,D,0,,,,,Y,,D,22,0,0,1,0,0,0,0,0,0,"- ","- ",,,SHASTA,UNINCORPORATED,-121.85445463000001,40.867527340000002
90084756,2015,2015-12-29,9135,2015-12-20,0401,014761,,7,3,9,4500,0,1,1,,2,053,"I-5 (NORTHBOUND)","SACRAMENTO RIVER BRIDGE",5280.00,N,N,B,-,Y,,,5,,,,,,,Y,3,0,1,1,A,-,01,23152,A,N,E,I,A,A,H,-,D,D,0,,,,,Y,Y,A,08,0,1,0,0,0,0,0,0,0,"- ","- ",40.482880000000002,-122.32235,SHASTA,UNINCORPORATED,-122.32216142999999,40.483065199999999
90084957,2015,2015-12-30,9135,2015-12-22,1936,015363,,2,2,5,4502,0,3,5,,2,004,"AIRPORT ROAD","E/B SR-44 OFF RAMP",0.00,,Y,B,-,Y,,,,,,,,,,Y,4,0,1,2,A,-,01,23152,A,N,D,C,A,B,H,-,C,D,0,,,,,Y,Y,D,22,0,0,1,0,0,0,0,0,0,"- ","- ",,,SHASTA,REDDING,,
90086340,2015,2015-12-31,9135,2015-12-24,1030,015430,,4,1,9,4500,0,1,3,,1,301,SR-299,"HIGH STREET",16.00,W,N,A,-,Y,,,,,,,,,,Y,4,0,2,2,A,-,03,22350,,N,C,C,A,B,H,-,A,D,0,,,,,Y,,D,22,0,0,2,0,0,0,0,0,0,"- ","- ",,,SHASTA,UNINCORPORATED,,
90091344,2015,2016-01-08,9135,2015-12-07,1330,012978,,1,1,9,4500,0,3,5,,2,002,"OAK RUN ROAD","OLD 44 DRIVE",4224.00,N,N,B,-,N,,,,,,,,,,Y,1,1,0,1,A,-,01,23152,A,N,E,I,A,B,H,-,A,D,0,,,,,Y,Y,D,22,0,0,0,0,0,0,0,0,0,"- ","- ",40.57837,-122.18265,SHASTA,UNINCORPORATED,-122.18275466,40.578064449999999
90094066,2016,2016-01-13,9135,2016-01-05,1814,015363,,2,2,5,4502,0,1,3,,2,040,"E/B SR-44 TO S/B I-5 TRANS ROAD","INTERSTATE 5",1320.00,W,N,B,-,Y,,,,,,,,,,Y,3,0,1,1,A,-,08,22107,,N,E,I,A,A,H,-,D,D,0,,,,,Y,,A,01,0,1,0,0,0,0,0,0,0,"- ","- ",,,SHASTA,REDDING,,
90094088,2016,2016-01-13,9135,2016-01-11,1535,016087,,1,2,9,4500,0,3,5,,2,004,"PANORAMA POINT RD","LONE TREE RD.",2640.00,S,N,A,-,N,,,,,,,,,,Y,4,0,1,1,A,-,08,22107,,N,E,I,A,A,H,-,A,D,0,,,,,Y,,A,01,0,0,1,0,0,0,0,0,0,"- ","- ",,,SHASTA,UNINCORPORATED,-122.24543545,40.409159600000002
90094805,2016,2016-01-13,9135,2016-01-05,1915,013145,,2,2,9,4500,0,1,3,,2,605,SR-44,"RITTS MILL ROAD",375.00,W,N,B,-,Y,,,,,,,,,,Y,4,0,2,1,A,-,03,22350,,N,E,I,A,C,H,-,D,D,0,,,,,Y,,D,22,0,0,2,0,0,0,0,0,0,"- ","- ",,,SHASTA,UNINCORPORATED,-121.8050444,40.516128049999999
90096383,2016,2016-01-15,9135,2016-01-11,1410,017428,,1,2,9,4500,0,3,5,,2,003,"CARRIAGE LN","PONDER LN.",300.00,N,N,B,-,N,,,,,,,,,,Y,4,0,1,1,A,-,08,22107,,N,E,I,A,A,H,-,A,D,0,,,,,Y,,A,01,0,0,1,0,0,0,0,0,0,"- ","- ",,,SHASTA,UNINCORPORATED,-122.44897,40.380090000000003
90097251,2016,2016-01-18,9135,2016-01-14,1500,018133,,4,2,9,4500,0,3,5,,2,003,"PLACER RD.","FRONTIERSMAN DR",528.00,W,N,B,C,N,,,,,,,,,,Y,4,0,1,1,A,-,08,22107,,N,E,I,A,B,H,-,A,D,0,,,,,Y,,A,01,0,0,1,0,0,0,0,0,0,"- ","- ",40.542650000000002,-122.46732,SHASTA,UNINCORPORATED,-122.46719455,40.542837749999997
90098214,2016,2016-01-19,9135,2016-01-17,1125,013553,,7,1,9,4500,0,1,3,,2,605,SR-89,SR-44,9504.00,N,N,B,C,Y,,,,,,,,,,Y,4,0,1,1,A,-,03,22350,,N,F,A,A,B,H,-,A,D,0,,,,,Y,,A,01,0,0,1,0,0,0,0,0,0,"- ","- ",,,SHASTA,UNINCORPORATED,-121.57339021,40.569526430000003
90101024,2016,2016-01-22,9135,2016-01-21,1340,016480,,4,1,9,4500,0,3,5,,2,004,"KIMBERLY ROAD W/B","PANORAMA POINT RD",788.00,E,N,B,-,N,,,,,,,,,,Y,4,0,1,1,A,-,08,22107,,N,F,A,A,A,H,-,A,D,0,,,,,Y,,A,07,0,0,1,0,0,0,0,0,0,"- ","- ",,,SHASTA,UNINCORPORATED,-122.27038584,40.432705939999998
90103355,2016,2016-01-27,9135,2016-01-25,1938,016424,,1,2,9,4500,0,1,1,,2,055,INTERSTATE-5,"PINE GROVE AVENUE",4224.00,S,N,A,-,Y,,,,,,,,,,Y,4,0,1,2,A,-,08,22107,,N,E,I,A,A,H,-,D,D,0,,,,,Y,,A,07,0,0,1,0,0,0,0,0,0,"- ","- ",40.652279999999998,-122.36064,SHASTA,UNINCORPORATED,-122.36064634,40.652609490000003
90110294,2016,2016-02-05,9135,2016-02-02,0630,012421,,2,1,9,4500,0,3,5,,2,006,"DAY ROAD",SR-299,18480.00,N,N,D,-,N,,,,,,,,,,Y,4,0,1,1,A,-,03,22350,,N,E,I,A,C,H,-,D,D,0,,,,,Y,,A,07,0,0,1,0,0,0,0,0,0,"- ","- ",,,SHASTA,UNINCORPORATED,-121.34251356,41.132901599999997
90111822,2016,2016-02-09,9135,2016-02-02,1420,012978,9135,2,2,5,4502,0,1,1,,2,055,"I-5 N/B","TWIN VIEW BLVD",338.00,N,N,B,-,Y,,,5,,,,,,N,Y,3,0,3,4,A,-,03,22350,,N,C,C,A,A,H,-,A,D,0,,,,Y,Y,,G,25,0,2,1,0,0,0,0,0,0,"- ","- ",40.624020000000002,-122.36669999999999,SHASTA,REDDING,-122.36675472,40.62400264
90116798,2016,2016-02-17,9135,2016-02-07,1830,017698,,7,2,9,4500,0,3,5,,2,003,"CLOVERDALE ROAD","PLACER ROAD",2112.00,S,N,A,-,N,,,,,,,,,,Y,4,0,1,1,A,-,08,22107,,N,E,I,A,A,H,-,D,D,0,,,,,Y,,D,22,0,0,1,0,0,0,0,0,0,"- ","- ",,,SHASTA,UNINCORPORATED,-122.53881,40.506529999999998
90117010,2016,2016-02-17,9135,2016-02-10,2047,012142,9135,3,2,9,4500,0,1,3,,2,602,"STATE ROUTE 299","MARQUETTE ST",0.00,,Y,A,-,Y,,,,,,,,,,N,3,0,1,2,A,-,10,21950,A,N,G,B,B,A,H,-,C,D,0,Y,,,,Y,,D,22,0,1,0,0,1,0,0,0,0,"- ","- ",,,SHASTA,UNINCORPORATED,,
90119356,2016,2016-02-22,9135,2016-02-09,1545,016513,,2,2,9,4500,0,3,5,,2,001,"OASIS RD","SCOTT RD",575.00,W,N,A,-,N,,,,,,,,,,N,4,0,1,2,A,-,03,22350,,N,C,C,A,A,H,-,A,D,0,,,Y,,Y,,C,02,0,0,1,0,0,0,0,0,1,"- ","- ",,,SHASTA,UNINCORPORATED,-122.39673367,40.631287100000002