CASE_ID,ACCIDENT_YEAR,PROC_DATE,JURIS,COLLISION_DATE,COLLISION_TIME,OFFICER_ID,REPORTING_DISTRICT,DAY_OF_WEEK,CHP_SHIFT,POPULATION,CNTY_CITY_LOC,SPECIAL_COND,BEAT_TYPE,CHP_BEAT_TYPE,CITY_DIVISION_LAPD,CHP_BEAT_CLASS,BEAT_NUMBER,PRIMARY_RD,SECONDARY_RD,DISTANCE,DIRECTION,INTERSECTION,WEATHER_1,WEATHER_2,STATE_HWY_IND,CALTRANS_COUNTY,CALTRANS_DISTRICT,STATE_ROUTE,ROUTE_SUFFIX,POSTMILE_PREFIX,POSTMILE,LOCATION_TYPE,RAMP_INTERSECTION,SIDE_OF_HWY,TOW_AWAY,COLLISION_SEVERITY,NUMBER_KILLED,NUMBER_INJURED,PARTY_COUNT,PRIMARY_COLL_FACTOR,PCF_CODE_OF_VIOL,PCF_VIOL_CATEGORY,PCF_VIOLATION,PCF_VIOL_SUBSECTION,HIT_AND_RUN,TYPE_OF_COLLISION,MVIW,PED_ACTION,ROAD_SURFACE,ROAD_COND_1,ROAD_COND_2,LIGHTING,CONTROL_DEVICE,CHP_ROAD_TYPE,PEDESTRIAN_ACCIDENT,BICYCLE_ACCIDENT,MOTORCYCLE_ACCIDENT,TRUCK_ACCIDENT,NOT_PRIVATE_PROPERTY,ALCOHOL_INVOLVED,STWD_VEHTYPE_AT_FAULT,CHP_VEHTYPE_AT_FAULT,COUNT_SEVERE_INJ,COUNT_VISIBLE_INJ,COUNT_COMPLAINT_PAIN,COUNT_PED_KILLED,COUNT_PED_INJURED,COUNT_BICYCLIST_KILLED,COUNT_BICYCLIST_INJURED,COUNT_MC_KILLED,COUNT_MC_INJURED,PRIMARY_RAMP,SECONDARY_RAMP,LATITUDE,LONGITUDE,COUNTY,CITY,POINT_X,POINT_Y
9081518,2019,2020-05-13,4502,2019-12-01,1928,530,,7,5,5,4502,0,0,0,,0,001,"CHURN CREEK RD","LANCERS LN",0.00,,Y,C,-,N,,,,,,,,,,N,3,0,1,2,A,-,03,22350,I,N,D,C,A,B,H,-,C,A,0,,,,,Y,,A,01,0,1,0,0,0,0,0,0,0,"- ","- ",40.590671539306641,-122.351318359375,SHASTA,REDDING,-122.35134124755859,40.590679168701172
9081608,2019,2020-04-24,4502,2019-12-06,1505,530,6,5,5,5,4502,0,0,0,,0,,"MARKET ST","TRINITY ST",0.00,,Y,B,C,N,,,,,,,,,,N,2,0,1,2,A,-,09,21801,,N,D,C,A,B,H,-,A,A,0,,,,,Y,,A,01,1,0,0,0,0,0,0,0,0,"- ","- ",40.588661193847656,-122.39272308349609,SHASTA,REDDING,-122.39269256591797,40.588638305664062
90820765,2018,2018-09-25,9135,2018-07-14,2112,018829,,6,2,9,4500,0,3,5,,2,002,"DESCHUTES RD","GASPERS RD",259.00,N,N,B,-,N,,,,,,,,,,Y,1,1,0,1,A,-,08,22107,,N,E,I,A,A,H,-,D,D,0,,,,,Y,,A,01,0,0,0,0,0,0,0,0,0,"- ","- ",40.621379852294922,-122.23313903808594,SHASTA,UNINCORPORATED,-122.23325347900391,40.621101379394531
9082193,2019,2020-04-24,4502,2019-12-19,1748,R151,R07,4,5,5,4502,0,0,0,,0,007,"OASIS RD","BELTLINE RD",0.00,,Y,B,C,N,,,,,,,,,,Y,4,0,1,2,A,-,09,21802,A,N,D,C,A,B,H,-,C,A,0,,,,,Y,,A,07,0,0,1,0,0,0,0,0,0,"- ","- ",40.633419036865234,-122.39087677001953,SHASTA,REDDING,-122.39087677001953,40.633438110351562
9082209,2019,2020-05-09,4502,2019-12-23,1414,530,,1,5,5,4502,0,0,0,,0,005,"ORANGE AV","SHASTA ST",0.00,,Y,A,-,N,,,,,,,,,,Y,3,0,4,2,A,-,09,21802,A,N,D,C,A,A,H,-,A,A,0,,,,,Y,,D,22,0,2,2,0,0,0,0,0,0,"- ","- ",40.583759307861328,-122.40381622314453,SHASTA,REDDING,-122.40376281738281,40.583728790283203
9082593,2019,2020-05-13,4502,2019-12-04,1440,R526,R01,3,5,5,4502,0,0,0,,0,001,"HILLTOP DR","ROCKAWAY DR",0.00,,Y,B,-,N,,,,,,,,,,Y,4,0,1,2,A,-,09,21801,A,N,D,C,A,A,H,-,A,D,0,,,Y,,Y,,A,01,0,0,1,0,0,0,0,0,1,"- ","- ",40.591060638427734,-122.35829925537109,SHASTA,REDDING,-122.35823822021484,40.591129302978516
9082601,2019,2020-05-13,4502,2019-12-09,1404,524,R05,1,5,5,4502,0,0,0,,0,005,"CALIFORNIA ST","SACRAMENTO ST",0.00,,N,A,-,N,,,,,,,,,,N,4,0,1,2,A,-,09,21804,A,N,B,C,A,A,H,-,A,A,0,,,,,Y,,A,01,0,0,1,0,0,0,0,0,0,"- ","- ",40.581058502197266,-122.39089202880859,SHASTA,REDDING,-122.39089965820312,40.581039428710938
9082625,2019,2020-05-13,4502,2019-12-12,1215,524,R02,4,5,5,4502,0,0,0,,0,002,"EAST CYPRESS AV","BEECHELLI LN",26.00,N,N,B,-,N,,,,,,,,,,N,4,0,1,2,A,-,03,22350,I,N,C,C,A,A,H,-,A,A,0,,,,,Y,,-,,0,0,1,0,0,0,0,0,0,"- ","- ",40.571041107177734,-122.36271667480469,SHASTA,REDDING,-122.36273956298828,40.571048736572266
90828466,2018,2018-10-04,9135,2018-08-22,2145,018391,,3,2,9,4500,0,1,3,,1,302,"STATE ROUTE 273","WHITE HOUSE DR.",251.00,N,N,A,-,Y,,,273,,,,,,,N,1,1,0,2,A,-,11,21954,A,N,G,B,D,A,H,-,D,D,0,Y,,,,Y,Y,N,60,0,0,0,1,0,0,0,0,0,"- ","- ",40.498291015625,-122.37155914306641,SHASTA,UNINCORPORATED,-122.37155151367188,40.498298645019531
90830808,2018,2018-10-08,9135,2018-10-04,1605,018890,,4,2,9,4500,0,3,5,,2,004,"AIRPORT RD.","PRAIRIE LN.",200.00,N,N,B,-,N,,,,,,,,,,Y,3,0,2,3,A,-,03,22350,,N,C,C,A,A,H,-,A,D,0,,,,,Y,,A,07,0,2,0,0,0,0,0,0,0,"- ","- ",40.485950469970703,-122.29328918457031,SHASTA,UNINCORPORATED,-122.29331970214844,40.485877990722656
90833114,2018,2018-10-10,9135,2018-10-10,0700,014425,,3,1,5,4502,0,1,3,,2,040,"SR-44 W/B","SUNDIAL BRIDGE DRIVE",290.00,E,N,A,-,Y,,,44,,,,,,W,Y,4,0,1,1,A,-,08,22107,,N,E,I,A,A,H,-,A,D,0,,,,,Y,,A,01,0,0,1,0,0,0,0,0,0,"- ","- ",40.586799621582031,-122.37729644775391,SHASTA,REDDING,-122.37731170654297,40.586597442626953
90833825,2018,2018-10-11,9135,2018-10-11,0600,016480,,4,1,9,4500,0,1,3,,1,301,SR-299,"ROCK CREEK RD.",1161.00,W,N,A,-,Y,,,299,,,,,,,Y,2,0,1,1,A,-,08,22107,,N,E,I,A,A,H,-,D,D,0,,,,,Y,,D,22,1,0,0,0,0,0,0,0,0,"- ","- ",40.605701446533203,-122.510498046875,SHASTA,UNINCORPORATED,-122.51041412353516,40.605865478515625
90834829,2018,2018-10-12,9135,2018-10-06,2030,020361,,6,2,9,4500,0,3,5,,2,003,"OLINDA ROAD","LOU ANNE LN",890.00,E,N,A,-,N,,,,,,,,,,N,3,0,1,1,A,-,01,23152,A,N,F,A,A,A,H,-,D,D,0,,,Y,,Y,Y,C,02,0,1,0,0,0,0,0,0,1,"- ","- ",40.440280914306641,-122.33354949951172,SHASTA,UNINCORPORATED,-122.33255004882812,40.440128326416016
90834860,2018,2018-10-12,9135,2018-10-04,0811,018021,,4,1,9,4500,0,3,5,,2,003,"GAS POINT RD","DELLA LN",1455.00,W,N,C,-,N,,,,,,,,,,Y,4,0,4,3,A,-,03,22350,,N,C,C,A,B,H,-,A,D,0,,,,,Y,,D,22,0,0,4,0,0,0,0,0,0,"- ","- ",40.233558654785156,-122.17948150634766,SHASTA,UNINCORPORATED,-122.2991943359375,40.389301300048828
9083968,2020,2020-05-09,4502,2020-01-20,0941,R526,R05,1,5,5,4502,0,0,0,,0,005,"PLACER ST","CALIFORNIA ST",0.00,,Y,B,-,N,,,,,,,,,,Y,4,0,1,2,A,-,12,21453,A,N,D,C,A,A,H,-,A,A,0,,,,,Y,,A,07,0,0,1,0,0,0,0,0,0,"- ","- ",40.582061767578125,-122.39132690429688,SHASTA,REDDING,-122.39131927490234,40.582061767578125
90840853,2018,2018-10-22,9135,2018-10-15,0932,016087,,1,1,5,4502,0,1,3,,2,040,"SR-44 W/B","OLD OREGON TRAIL",1000.00,W,N,A,-,Y,,,44,,,,,,W,Y,3,0,1,2,A,-,03,22350,,N,C,C,A,A,C,H,A,D,0,,,,,Y,,A,01,0,1,0,0,0,0,0,0,0,"- ","- ",40.563041687011719,-122.30435180664062,SHASTA,REDDING,-122.30435180664062,40.563030242919922
90844360,2018,2018-10-25,9135,2018-10-16,1348,018469,,2,1,9,4500,0,3,5,,2,003,"OLINDA RD","LOUANN LN",50.00,W,N,A,-,N,,,,,,,,,,Y,4,0,1,1,C,-,18,,,N,E,I,A,A,H,-,A,D,0,,,,,Y,,-,"- ",0,0,1,0,0,0,0,0,0,"- ","- ",40.440738677978516,-122.33795928955078,SHASTA,UNINCORPORATED,-122.33584594726562,40.440666198730469
90846241,2018,2018-10-26,9135,2018-10-22,1400,012142,,1,2,9,4500,0,1,3,,2,601,"STATE ROUTE 299","BUNCH GRASS RD",8976.00,W,N,A,-,Y,,,,,,,,,,Y,4,0,1,1,A,-,08,22107,,N,E,I,A,A,H,-,A,D,0,,,,,Y,,A,01,0,0,1,0,0,0,0,0,0,"- ","- ",,,SHASTA,UNINCORPORATED,,
90857518,2018,2018-11-09,9135,2018-09-27,1905,020361,,4,2,9,4500,0,3,5,,2,002,"OAK RUN ROAD","OAK RUN TO FERN ROAD",1584.00,N,N,A,-,N,,,,,,,,,,Y,1,1,0,1,A,-,03,22350,,N,F,A,A,A,H,-,B,A,0,,,Y,,Y,,C,02,0,0,0,0,0,0,0,1,0,"- ","- ",40.689018249511719,-122.04158782958984,SHASTA,UNINCORPORATED,-122.04163360595703,40.689136505126953
90861540,2018,2018-11-16,9135,2018-11-14,1805,016960,,3,2,5,4502,0,1,1,,2,054,"INTERSTATE 5 SOUTHBOUND","SOUTH BONNYVIEW ROAD",0.00,,N,A,-,Y,,,,,,,,,,Y,4,0,1,2,A,-,03,22350,,N,C,C,A,A,H,-,D,A,0,,,,,Y,,A,01,0,0,1,0,0,0,0,0,0,"- ","- ",40.530750274658203,-122.34880065917969,SHASTA,REDDING,-122.35124206542969,40.538459777832031
90862739,2018,2018-11-19,9135,2018-11-15,1800,019680,,4,2,9,4500,0,1,3,,2,601,"HIGHWAY 299     W","WOODHILL DR",3643.00,W,N,A,-,Y,,,,,,,,,,Y,4,0,1,1,A,-,01,23152,A,N,E,I,A,A,H,-,D,D,0,,,,,Y,Y,D,22,0,0,1,0,0,0,0,0,0,"- ","- ",,,SHASTA,UNINCORPORATED,-121.90505218505859,40.865459442138672
90865188,2018,2018-11-21,9146,2018-11-19,1405,020647,,1,2,9,4500,0,1,1,,2,014,"I-5 S/B","CONANT RD",715.00,S,N,A,-,Y,,,5,,,,,,S,Y,4,0,2,1,A,-,08,22107,,N,E,I,A,A,H,-,A,D,0,,,,,Y,,A,01,0,0,2,0,0,0,0,0,0,"- ","- ",41.109020233154297,-122.32933807373047,SHASTA,UNINCORPORATED,-122.32936859130859,41.109066009521484
90869631,2018,2018-11-28,9135,2018-11-25,1230,016087,,7,1,9,4500,0,3,5,,2,003,"GAS POINT RD","RHONDA RD.",0.00,,Y,A,-,N,,,,,,,,,,N,4,0,1,2,A,-,12,21453,A,N,D,C,A,A,H,-,A,A,0,,,Y,,Y,,A,01,0,0,1,0,0,0,0,0,1,"- ","- ",40.389270782470703,-122.28784942626953,SHASTA,UNINCORPORATED,-122.28781127929688,40.389331817626953
90872045,2018,2018-12-24,9135,2018-11-28,1910,018890,,3,2,9,4500,0,3,5,,2,004,"DERSCH RD.","PARKVILLE RD.",14256.00,E,N,B,-,N,,,,,,,,,,Y,2,0,2,2,A,-,01,23152,A,N,D,C,A,B,H,-,D,D,0,,,,,Y,Y,A,07,2,0,0,0,0,0,0,0,0,"- ","- ",40.486610412597656,-122.14370727539062,SHASTA,UNINCORPORATED,-122.14327239990234,40.486690521240234
90873289,2018,2018-12-03,9135,2018-11-29,1110,012142,,4,1,9,4500,0,1,3,,2,601,"STATE ROUTE 299","TAMARACK RD",11616.00,W,N,C,-,Y,,,299,,,,,,,Y,3,0,1,1,A,-,08,22107,,N,F,A,A,B,H,-,A,D,0,,,,,Y,,A,01,0,1,0,0,0,0,0,0,0,"- ","- ",40.877071380615234,-121.73957061767578,SHASTA,UNINCORPORATED,-121.73957824707031,40.877082824707031
90874385,2018,2018-12-04,9135,2018-11-22,0420,018391,,4,3,9,4500,0,3,5,,2,004,"BALLS FERRY RD.","LYNDA LN",300.00,E,N,C,-,N,,,,,,,,,,Y,3,0,2,1,A,-,08,22107,,N,E,I,A,B,H,-,D,D,0,,,,,Y,,A,07,0,1,1,0,0,0,0,0,0,"- ","- ",40.453689575195312,-122.27155303955078,SHASTA,UNINCORPORATED,-122.27155303955078,40.4537353515625
9087663,2019,2020-09-25,4502,2019-12-12,0327,JAEGEL14,R04,4,5,5,4502,0,0,0,,0,004,"RT 273","CLEAR CREEK",122.00,N,N,B,-,Y,SHA,2,273,-,-,11.850,H,-,,Y,3,0,1,2,A,-,03,22350,,N,C,C,A,A,H,-,C,A,0,,,,,Y,Y,A,01,0,1,0,0,0,0,0,0,0,"- ","- ",,,SHASTA,REDDING,-122.38150024414062,40.516880035400391
9087679,2019,2020-09-25,4502,2019-12-13,1114,R539,R04,5,5,5,4502,0,0,0,,0,004,"RT 273","WESTWOOD AV",31.00,E,N,C,-,Y,SHA,2,273,-,-,12.280,H,-,S,Y,3,0,2,3,A,-,03,22350,,N,C,C,A,B,H,-,A,A,0,,,,,Y,,A,01,0,2,0,0,0,0,0,0,0,"- ","- ",40.522899627685547,-122.38249969482422,SHASTA,REDDING,-122.38258361816406,40.523139953613281
90878457,2018,2018-12-07,9146,2018-11-30,1847,015588,,5,2,9,4500,0,1,1,,2,013,"I-5 S/B (GOLDEN STATE FREEWAY)","FLUME CREEK RD",1082.00,N,N,B,-,Y,,,5,,,,,,S,Y,2,0,1,1,A,-,08,22107,,N,E,I,A,B,H,-,D,D,0,,,,,Y,,D,22,1,0,0,0,0,0,0,0,0,"- ","- ",41.098560333251953,-122.34468841552734,SHASTA,UNINCORPORATED,-122.34462738037109,41.098533630371094
90880165,2018,2018-12-11,9135,2018-12-05,1825,016960,,3,2,5,4502,0,1,1,,2,054,"INTERSTATE 5 SOUTHBOUND","CYPRESS AVENUE OFF RAMP",0.00,,N,A,-,Y,,,5,,,,,,S,Y,2,0,2,2,A,-,03,22350,,N,C,C,A,A,H,-,D,A,0,,,,,Y,,A,01,1,0,1,0,0,0,0,0,0,"- ","- ",40.576950073242188,-122.36073303222656,SHASTA,REDDING,-122.36070251464844,40.576950073242188
90885904,2018,2018-12-19,9135,2018-11-28,2126,017428,,3,2,9,4500,0,1,3,,2,040,"SR-44 W/B TO I-5 S/B","I-5 S/B",485.00,W,N,B,C,Y,,,,,,,,,,Y,2,0,2,2,A,-,01,23152,G,N,D,D,A,B,H,-,C,D,0,,,,,Y,Y,A,01,1,0,1,0,0,0,0,0,0,"- ","- ",40.586090087890625,-122.36270904541016,SHASTA,UNINCORPORATED,,
9088727,2020,2020-05-09,4502,2020-01-17,1659,524,R07,5,5,5,4502,0,0,0,,0,007,"COLLYER DR","COUNTRY OAK DR",0.00,,-,B,-,N,,,,,,,,,,N,4,0,2,2,A,-,03,22350,,N,D,C,A,A,H,-,B,D,0,,,,,Y,,A,01,0,0,2,0,0,0,0,0,0,"- ","- ",40.615219116210938,-122.35462188720703,SHASTA,REDDING,-122.35533905029297,40.615398406982422
9088729,2020,2020-05-09,4502,2020-01-09,0813,530,,4,5,5,4502,0,0,0,,0,007,"LAKE BL","CLAY ST",0.00,,Y,A,-,N,,,,,,,,,,Y,3,0,2,2,A,-,05,21650,,N,B,C,A,A,H,-,A,A,0,,,,,Y,,A,01,0,1,1,0,0,0,0,0,0,"- ","- ",40.6138916015625,-122.38569641113281,SHASTA,REDDING,-122.38568115234375,40.613899230957031
9088732,2020,2020-05-09,4502,2020-01-05,1434,524,R05,7,5,5,4502,0,0,0,,0,005,"PINE ST","CYPRESS AV",4.00,N,N,A,-,N,,,,,,,,,,N,4,0,1,2,A,-,11,21456,B,N,G,B,C,A,H,-,A,A,0,Y,,,,Y,Y,N,60,0,0,1,0,1,0,0,0,0,"- ","- ",40.576869964599609,-122.38630676269531,SHASTA,REDDING,-122.38681793212891,40.576282501220703
9088735,2020,2020-05-09,4502,2020-01-31,1540,530,,5,5,5,4502,0,0,0,,0,007,"HIATT DR","LAKE BL",0.00,,Y,A,-,N,,,,,,,,,,Y,3,0,2,1,A,-,05,21650,,N,D,I,A,A,H,-,A,A,0,,,,,Y,,A,08,0,2,0,0,0,0,0,0,0,"- ","- ",40.631031036376953,-122.40518188476562,SHASTA,REDDING,-122.40521240234375,40.631038665771484
9088740,2020,2020-05-09,4502,2020-01-23,1835,R128,R04,4,5,5,4502,0,0,0,,0,004,"WESTSIDE RD","CLEAR CREEK RD",610.00,S,N,C,-,N,,,,,,,,,,N,3,0,1,2,A,-,11,21956,,F,-,B,E,B,H,-,C,D,0,Y,,,,Y,Y,N,60,0,1,0,0,1,0,0,0,0,"- ","- ",40.513938903808594,-122.38149261474609,SHASTA,REDDING,-122.38139343261719,40.514804840087891
90887586,2018,2019-01-02,9135,2018-12-18,1150,013553,,2,1,9,4500,0,1,3,,2,602,"37314 HIGHWAY 299, BURNEY","MACKINAC ST",110.00,E,N,B,-,Y,,,,,,,,,,N,4,0,1,2,A,-,10,21952,,F,G,B,F,A,H,-,A,D,0,Y,,,,Y,,A,01,0,0,1,0,1,0,0,0,0,"- ","- ",40.885478973388672,-121.65731048583984,SHASTA,UNINCORPORATED,,
90887608,2018,2018-12-21,9135,2018-12-14,1635,019030,,5,2,5,4502,0,1,1,,2,054,"I-5 S/B",SR-44,308.00,N,N,B,C,Y,,,5,,,,,,S,Y,3,0,1,2,A,-,03,22350,,N,C,C,A,B,H,-,A,D,0,,,,Y,Y,,D,22,0,1,0,0,0,0,0,0,0,"- ","- ",40.586410522460938,-122.36070251464844,SHASTA,REDDING,-122.36075592041016,40.586410522460938
90888718,2018,2018-12-24,9135,2018-12-17,1210,016424,,1,1,9,4500,0,1,3,,1,201,"STATE ROUTE-299","WOODMAN LANE",156.00,W,N,B,-,Y,,,299,,,,,,,N,4,0,1,1,A,-,08,22107,,N,E,I,A,B,H,-,A,D,0,,,,,Y,,D,22,0,0,1,0,0,0,0,0,0,"- ","- ",40.680858612060547,-122.15666198730469,SHASTA,UNINCORPORATED,-122.15666961669922,40.680881500244141
90888742,2018,2018-12-24,9135,2018-12-21,0123,016191,,5,3,9,4500,0,1,1,,2,056,"I-5 S/B","GABLES OVER CROSSING",528.00,N,N,B,C,Y,,,5,,,,,,S,Y,3,0,1,1,A,-,03,22350,,N,E,I,A,B,H,-,D,D,0,,,,,Y,,A,07,0,1,0,0,0,0,0,0,0,"- ","- ",40.957500457763672,-122.43560791015625,SHASTA,UNINCORPORATED,-122.43560028076172,40.957504272460938
9088892,2020,2020-08-17,4502,2020-01-20,1631,537,R05,1,5,5,4502,0,0,0,,0,005,"PINE ST","SACRAMENTO ST",0.00,,Y,B,-,Y,SHA,2,273,-,R,16.360,I,5,N,N,4,0,1,2,A,-,09,21801,A,N,A,C,A,A,H,-,A,A,0,,,,,Y,,D,22,0,0,1,0,0,0,0,0,0,"- ","- ",40.581710815429688,-122.38831329345703,SHASTA,REDDING,-122.38833618164062,40.581710815429688
9088894,2020,2020-05-09,4502,2020-01-21,1555,R0026,R03,2,5,5,4502,0,0,0,,0,003,"AIRPORT RD","MARVEL LN",192.00,N,N,C,-,N,,,,,,,,,,Y,3,0,1,2,A,-,09,21804,A,N,D,C,A,B,H,-,A,D,0,,,,,Y,,A,01,0,1,0,0,0,0,0,0,0,"- ","- ",40.490131378173828,-122.29479217529297,SHASTA,REDDING,-122.29425811767578,40.489864349365234
9088901,2020,2020-05-09,4502,2020-01-29,0746,R526,R06,3,5,5,4502,0,0,0,,0,006,"EUREKA WY","WALNUT AV",350.00,W,N,A,-,N,,,,,,,,,,N,4,0,1,2,A,-,03,22350,,N,C,C,A,A,H,-,A,D,0,,,,,Y,,A,01,0,0,1,0,0,0,0,0,0,"- ","- ",40.586208343505859,-122.407958984375,SHASTA,REDDING,-122.40919494628906,40.586105346679688
9088907,2020,2020-05-09,4502,2020-01-07,0734,530,,2,5,5,4502,0,0,0,,0,001,"PLACER ST","OREGON ST",0.00,,Y,A,-,N,,,,,,,,,,Y,4,0,1,3,A,-,09,21802,A,N,D,C,A,A,H,-,A,A,0,,,,,Y,,A,07,0,0,1,0,0,0,0,0,0,"- ","- ",40.581508636474609,-122.39360046386719,SHASTA,REDDING,-122.39356231689453,40.581508636474609
90894356,2018,2018-12-31,9135,2018-12-27,1642,016672,,4,2,9,4500,0,3,5,,2,004,"CHURN CREEK ROAD","WEEKS ROAD",792.00,N,N,A,-,N,,,,,,,,,,Y,4,0,1,1,A,-,08,22107,,N,E,I,A,A,H,-,A,D,0,,,,,Y,Y,A,07,0,0,1,0,0,0,0,0,0,"- ","- ",40.487319946289062,-122.31683349609375,SHASTA,UNINCORPORATED,-122.31695556640625,40.489002227783203
90894976,2018,2018-12-31,9135,2018-12-24,1310,018890,,1,1,9,4500,0,1,3,,1,401,SR-44,"MINERAL RD.",300.00,W,N,C,-,Y,,,44,,,,,,,Y,3,0,1,1,A,-,08,22107,,N,E,I,A,B,H,-,A,D,0,,,,,Y,,A,07,0,1,0,0,0,0,0,0,0,"- ","- ",40.538761138916016,-121.59664154052734,SHASTA,UNINCORPORATED,-121.59658813476562,40.538890838623047
90894992,2018,2018-12-31,9135,2018-12-31,1100,014425,,1,1,5,4502,0,1,1,,2,054,"I-5 S/B","HILLTOP DRIVE",400.00,S,N,A,-,Y,,,5,,,,,,S,Y,4,0,1,1,A,-,08,22107,,N,E,I,A,A,H,-,A,D,0,,,,,Y,,D,22,0,0,1,0,0,0,0,0,0,"- ","- ",40.594501495361328,-122.36039733886719,SHASTA,REDDING,-122.36079406738281,40.594497680664062
90899031,2019,2019-01-07,9135,2019-01-03,1115,016480,,4,1,5,4502,0,1,3,,2,040,"SR-44 W/B","I-5 SOUTHBOUND",2050.00,W,N,A,-,Y,,,44,,,,,,W,Y,4,0,1,1,A,-,08,22107,,N,E,I,A,A,H,-,A,D,0,,,,,Y,,A,01,0,0,1,0,0,0,0,0,0,"- ","- ",40.585899353027344,-122.36820220947266,SHASTA,REDDING,-122.36819458007812,40.585952758789062
90899657,2019,2019-01-08,9135,2019-01-01,0705,016513,,2,1,9,4500,0,1,1,,2,053,"I-5 N/B","SR-273 N/B",2600.00,S,N,A,-,Y,,,,,,,,,,Y,2,0,1,2,A,-,03,22350,,N,C,C,A,A,H,-,B,D,0,,,,,Y,,A,01,1,0,0,0,0,0,0,0,0,"- ","- ",,,SHASTA,UNINCORPORATED,,
90908779,2019,2019-01-22,9135,2019-01-13,0810,016424,,7,1,9,4500,0,1,3,,2,402,"STATE ROUTE-44","SHASTA FOREST DRIVE",528.00,E,N,A,-,Y,,,44,,,,,,,Y,4,0,1,1,A,-,08,22107,,N,E,I,A,C,H,-,A,D,0,,,,,Y,,A,07,0,0,1,0,0,0,0,0,0,"- ","- ",40.494911193847656,-121.907958984375,SHASTA,UNINCORPORATED,-121.90795135498047,40.494968414306641
90916235,2019,2019-01-31,9135,2019-01-23,1405,016960,,3,2,5,4502,0,1,3,,2,040,"STATE ROUTE 44 WESTBOUND","INTERSTATE 5",500.00,W,N,A,-,Y,,,44,,,,,,W,Y,3,0,1,2,A,-,08,22107,,N,E,I,A,A,H,-,A,A,0,,,,,Y,,A,01,0,1,0,0,0,0,0,0,0,"- ","- ",40.585720062255859,-122.36531066894531,SHASTA,REDDING,-122.36531066894531,40.585765838623047
9091742,2020,2020-11-09,4502,2020-02-12,1815,537,R02,3,5,5,4502,0,0,0,,0,002,"CHURN CREEK","PARSONS DR",0.00,,Y,A,-,N,,,,,,,,,,Y,3,0,1,2,A,-,09,21804,A,N,D,C,A,A,H,-,C,D,0,,,,,Y,,A,01,0,1,0,0,0,0,0,0,0,"- ","- ",40.563808441162109,-122.3531494140625,SHASTA,REDDING,-122.35311889648438,40.564800262451172
9091746,2020,2020-11-09,4502,2020-02-02,1918,R0063,A02,7,5,5,4502,0,0,0,,0,002,"HARTNELL AV","ALTA MESA DR",0.00,,Y,A,-,N,,,,,,,,,,Y,3,0,2,2,A,-,01,23152,A,N,C,C,A,A,H,-,C,A,0,,,,,Y,Y,A,01,0,2,0,0,0,0,0,0,0,"- ","- ",40.563720703125,-122.33023071289062,SHASTA,REDDING,-122.33016967773438,40.563751220703125
90917771,2019,2019-02-04,9146,2019-01-30,1500,016040,,3,2,9,4500,0,1,1,,2,013,"I-5 S/B TO SIMS RD","SIMS RD",250.00,N,N,B,-,Y,,,5,,,,R,,S,Y,2,0,2,2,C,-,18,,,N,E,I,A,A,H,-,A,D,0,,,,,Y,,-,"- ",2,0,0,0,0,0,0,0,0,"- ","- ",41.072898864746094,-122.35791778564453,SHASTA,UNINCORPORATED,-122.35791778564453,41.072898864746094
90919018,2019,2019-02-05,9135,2019-01-27,1616,018777,,7,2,9,4500,0,1,3,,2,602,"SR-299 W/B","MARQUETTE ST",12.00,E,N,A,-,Y,,,,,,,,,,N,2,0,1,2,A,-,10,21950,A,N,G,B,B,A,H,-,A,D,0,Y,,,,Y,,A,01,1,0,0,0,1,0,0,0,0,"- ","- ",40.879581451416016,-121.65751647949219,SHASTA,UNINCORPORATED,,
90919109,2019,2019-02-05,9135,2019-02-03,1650,018133,,7,2,9,4500,0,1,3,,1,401,SR-44,"SILVER BRIDGE RD",7920.00,E,N,B,F,Y,,,44,,,,,,,Y,3,0,1,1,A,-,03,22350,,N,F,A,A,C,H,-,A,D,0,,,,,Y,,D,22,0,1,0,0,0,0,0,0,0,"- ","- ",40.547981262207031,-122.19290161132812,SHASTA,UNINCORPORATED,-122.19284057617188,40.548053741455078
90920083,2019,2019-02-06,9135,2019-02-03,1850,019680,,7,2,9,4500,0,1,3,,2,601,"TAMARACK RD","PINE ST",23.00,N,N,C,-,N,,,,,,,,,,Y,3,0,1,1,A,-,08,22107,,N,E,I,A,B,H,-,C,D,0,,,,,Y,,A,01,0,1,0,0,0,0,0,0,0,"- ","- ",40.844799041748047,-121.90160369873047,SHASTA,UNINCORPORATED,-121.67210388183594,40.8798828125
90920444,2019,2019-02-06,9135,2019-02-04,1810,16461,,1,2,9,4500,0,1,3,,1,201,SR-299E,"SUGAR PINE CAMP RD",19536.00,E,N,B,-,Y,,,,,,,,,,Y,4,0,1,1,A,-,03,22350,,N,E,J,A,B,H,-,D,D,0,,,,,Y,,D,22,0,0,1,0,0,0,0,0,0,"- ","- ",,,SHASTA,UNINCORPORATED,-122.05179595947266,40.749496459960938