CASE_ID,ACCIDENT_YEAR,PROC_DATE,JURIS,COLLISION_DATE,COLLISION_TIME,OFFICER_ID,REPORTING_DISTRICT,DAY_OF_WEEK,CHP_SHIFT,POPULATION,CNTY_CITY_LOC,SPECIAL_COND,BEAT_TYPE,CHP_BEAT_TYPE,CITY_DIVISION_LAPD,CHP_BEAT_CLASS,BEAT_NUMBER,PRIMARY_RD,SECONDARY_RD,DISTANCE,DIRECTION,INTERSECTION,WEATHER_1,WEATHER_2,STATE_HWY_IND,CALTRANS_COUNTY,CALTRANS_DISTRICT,STATE_ROUTE,ROUTE_SUFFIX,POSTMILE_PREFIX,POSTMILE,LOCATION_TYPE,RAMP_INTERSECTION,SIDE_OF_HWY,TOW_AWAY,COLLISION_SEVERITY,NUMBER_KILLED,NUMBER_INJURED,PARTY_COUNT,PRIMARY_COLL_FACTOR,PCF_CODE_OF_VIOL,PCF_VIOL_CATEGORY,PCF_VIOLATION,PCF_VIOL_SUBSECTION,HIT_AND_RUN,TYPE_OF_COLLISION,MVIW,PED_ACTION,ROAD_SURFACE,ROAD_COND_1,ROAD_COND_2,LIGHTING,CONTROL_DEVICE,CHP_ROAD_TYPE,PEDESTRIAN_ACCIDENT,BICYCLE_ACCIDENT,MOTORCYCLE_ACCIDENT,TRUCK_ACCIDENT,NOT_PRIVATE_PROPERTY,ALCOHOL_INVOLVED,STWD_VEHTYPE_AT_FAULT,CHP_VEHTYPE_AT_FAULT,COUNT_SEVERE_INJ,COUNT_VISIBLE_INJ,COUNT_COMPLAINT_PAIN,COUNT_PED_KILLED,COUNT_PED_INJURED,COUNT_BICYCLIST_KILLED,COUNT_BICYCLIST_INJURED,COUNT_MC_KILLED,COUNT_MC_INJURED,PRIMARY_RAMP,SECONDARY_RAMP,LATITUDE,LONGITUDE,COUNTY,CITY,POINT_X,POINT_Y
90921054,2019,2019-02-07,9135,2019-02-06,0755,017157,,3,1,9,4500,0,1,3,,2,402,"WHITMORE ROAD","BROOKDALE RD",13200.00,E,N,A,-,N,,,,,,,,,,Y,3,0,1,1,A,-,08,22107,,N,E,I,A,A,H,-,A,D,0,,,,,Y,,A,01,0,1,0,0,0,0,0,0,0,"- ","- ",40.58245849609375,-122.09481048583984,SHASTA,UNINCORPORATED,-122.13133239746094,40.565963745117188
90923168,2018,2019-02-11,9135,2018-12-28,0213,018829,,5,3,5,4502,0,1,3,,2,040,"SR-44 E/B TO I-5 N/B","I-5 N/B",20.00,E,N,A,-,Y,,,44,,,,R,,E,N,3,0,2,2,A,-,03,22350,,F,C,C,A,A,H,-,D,D,0,,,Y,,Y,,C,02,0,2,0,0,0,0,0,0,2,"- ","- ",40.585201263427734,-122.36013031005859,SHASTA,REDDING,-122.36013031005859,40.585201263427734
90924665,2019,2019-02-12,9135,2019-02-09,0920,016087,,6,1,9,4500,0,3,5,,2,003,"PLATINA RD.","DECK RD.",4752.00,W,N,B,C,N,,,,,,,,,,Y,4,0,1,2,A,-,08,22107,,N,D,C,A,B,H,-,A,D,0,,,,,Y,,A,01,0,0,1,0,0,0,0,0,0,"- ","- ",40.48114013671875,-122.58352661132812,SHASTA,UNINCORPORATED,-122.58180999755859,40.481224060058594
90928607,2019,2019-02-19,9135,2019-02-08,1037,018021,,5,1,9,4500,0,1,1,,2,053,"I-5 S/B","ANDERSON CREEK",350.00,S,N,A,-,Y,,,,,,,,,,Y,4,0,2,1,C,-,18,,,N,F,A,A,A,H,-,A,D,0,,,,,Y,,-,"- ",0,0,2,0,0,0,0,0,0,"- ","- ",40.447059631347656,-122.28919982910156,SHASTA,UNINCORPORATED,,
90933569,2019,2019-02-25,9135,2019-02-23,2224,016191,,6,3,9,4500,0,3,5,,2,001,"LAKE BLVD","PINE GROVE AVE",528.00,S,N,B,-,N,,,,,,,,,,N,4,0,1,1,A,-,08,22107,,N,E,I,A,A,H,-,C,D,0,,,,,Y,,D,22,0,0,1,0,0,0,0,0,0,"- ","- ",40.661449432373047,-122.39644622802734,SHASTA,UNINCORPORATED,-122.39663696289062,40.661300659179688
90935710,2019,2019-02-28,9135,2019-02-20,1828,018777,,3,2,9,4500,0,3,5,,2,006,"TAMARACK AVENUE","PINE STREET",20.00,S,N,B,D,N,,,,,,,,,,Y,3,0,1,1,A,-,03,22350,,N,F,A,A,C,H,-,D,D,0,,,Y,,Y,,C,02,0,1,0,0,0,0,0,0,1,"- ","- ",40.879848480224609,-121.67321014404297,SHASTA,UNINCORPORATED,-121.67214202880859,40.879768371582031
90937553,2019,2019-03-01,9135,2019-02-20,1455,017698,,3,2,9,4500,0,3,5,,2,003,"RHONDA ROAD","ZETA DRIVE",528.00,E,N,B,-,N,,,,,,,,,,Y,4,0,1,2,A,-,05,21460,A,N,A,C,A,A,H,-,A,D,0,,,,,Y,,A,07,0,0,1,0,0,0,0,0,0,"- ","- ",40.397678375244141,-122.28443908691406,SHASTA,UNINCORPORATED,-122.28533172607422,40.397735595703125
90937951,2019,2019-03-01,9135,2019-03-01,0754,015133,,5,1,9,4500,0,1,1,,2,055,"I-5 N/B","SMITH ROAD",1586.00,S,N,B,-,Y,,,5,,,,,,N,Y,3,0,1,2,A,-,07,21658,A,N,D,C,A,A,H,-,A,D,0,,,Y,,Y,,A,07,0,1,0,0,0,0,0,0,1,"- ","- ",40.515449523925781,-122.34324645996094,SHASTA,UNINCORPORATED,-122.34355163574219,40.515354156494141
90943059,2019,2019-03-11,9135,2019-02-27,1150,017698,,3,1,9,4500,0,1,3,,1,302,"SR-273 N/B","LATONA ROAD",2640.00,S,N,C,-,Y,,,273,,,,,,N,Y,4,0,1,2,A,-,07,21658,A,N,B,C,A,B,H,-,A,D,0,,,,,Y,,A,01,0,0,1,0,0,0,0,0,0,"- ","- ",40.476081848144531,-122.33869171142578,SHASTA,UNINCORPORATED,-122.33870697021484,40.476055145263672
90947804,2019,2019-03-18,9135,2019-03-15,0150,016191,,5,3,9,4500,0,1,3,,1,201,SR-299,"BUZZARD ROOST RD",528.00,E,N,A,-,N,,,,,,,,,,Y,4,0,1,1,A,-,08,22107,,N,E,I,A,A,H,-,D,D,0,,,,Y,Y,,G,27,0,0,1,0,0,0,0,0,0,"- ","- ",40.786701202392578,-122.95195007324219,SHASTA,UNINCORPORATED,-121.95175933837891,40.786727905273438
90949737,2019,2019-03-20,9135,2019-03-09,1415,018469,,6,2,9,4500,0,1,1,,2,054,"BLACK BUTTE RD",SR-44,26928.00,S,N,C,-,N,,,,,,,,,,Y,4,0,1,1,A,-,03,22350,,N,E,I,A,B,H,-,D,D,0,,,,,Y,,A,01,0,0,1,0,0,0,0,0,0,"- ","- ",40.444160461425781,-122.99758911132812,SHASTA,UNINCORPORATED,-122.00682067871094,40.457248687744141
90949772,2019,2020-01-13,9135,2019-03-16,1425,018388,,6,2,9,4500,0,1,3,,2,040,SR-44,"DANDELION LN",1056.00,W,N,A,-,Y,,,44,,,,,,,Y,2,0,1,1,A,-,08,22107,,N,F,A,A,A,H,-,A,D,0,,,Y,,Y,,C,02,1,0,0,0,0,0,0,0,1,"- ","- ",40.492378234863281,-121.90017700195312,SHASTA,UNINCORPORATED,-121.90019989013672,40.492340087890625
90952284,2019,2019-03-25,9135,2019-03-16,2138,018777,,6,2,9,4500,0,1,3,,2,601,SR-299,"MOOSE CAMP RD",22176.00,E,N,A,-,Y,,,299,,,,,,,Y,2,0,1,1,A,-,01,23152,A,N,E,I,A,A,H,-,D,D,0,,,,,Y,Y,A,01,1,0,0,0,0,0,0,0,0,"- ","- ",40.855930328369141,-121.74423980712891,SHASTA,UNINCORPORATED,-121.74440765380859,40.856201171875
90958997,2019,2019-04-02,9135,2019-03-29,0915,012142,,5,1,9,4500,0,1,3,,2,604,"STATE ROUTE 44","RT 89",35376.00,E,N,B,-,Y,,,44,,,,,,,Y,4,0,2,1,A,-,03,22350,,N,E,I,A,C,H,-,A,D,0,,,,,Y,,A,07,0,0,2,0,0,0,0,0,0,"- ","- ",40.665149688720703,-121.35665893554688,SHASTA,UNINCORPORATED,-121.35660552978516,40.665214538574219
90959064,2019,2019-04-02,9135,2019-03-29,0600,012142,,5,1,9,4500,0,1,3,,2,603,"STATE ROUTE 299","PIT 1 POWERHOUSE RD.",10032.00,E,N,B,D,Y,,,299,,,,,,,Y,4,0,1,1,A,-,08,22107,,N,E,I,A,C,H,-,B,D,0,,,,,Y,,A,07,0,0,1,0,0,0,0,0,0,"- ","- ",40.992740631103516,-121.47802734375,SHASTA,UNINCORPORATED,-121.47800445556641,40.992832183837891
90959220,2018,2019-04-02,9135,2018-11-27,1630,016960,,2,2,9,4500,0,3,5,,2,002,"PHILLIPS ROAD","THOMAS ROAD",2640.00,N,N,C,-,N,,,,,,,,,,Y,1,1,2,1,A,-,08,22107,,N,E,I,A,B,H,-,B,A,0,,,,,Y,,A,01,1,0,1,0,0,0,0,0,0,"- ","- ",40.727130889892578,-121.93182373046875,SHASTA,UNINCORPORATED,-121.93210601806641,40.7269287109375
90962008,2019,2019-04-05,9135,2019-04-03,0738,015133,,3,1,9,4500,0,1,1,,2,053,"I-5 N/B","RIVERSIDE AVE",10560.00,N,N,B,-,Y,,,5,,,,,,N,Y,3,0,1,3,A,-,03,22350,,N,B,C,A,B,H,-,A,D,0,,,,,Y,,A,07,0,1,0,0,0,0,0,0,0,"- ","- ",40.48651123046875,-122.32517242431641,SHASTA,UNINCORPORATED,-122.32512664794922,40.486545562744141
90964587,2019,2019-04-09,9135,2019-03-23,1240,016480,,6,1,9,4500,0,1,3,,2,402,SR-44,"AIRPORT WAY",909.00,E,N,B,C,Y,,,44,,,,,,,Y,1,1,3,2,A,-,05,21460,A,N,D,C,A,B,H,-,A,D,0,,,,,Y,,A,01,2,1,0,0,0,0,0,0,0,"- ","- ",40.514400482177734,-121.81109619140625,SHASTA,UNINCORPORATED,-121.81111907958984,40.514442443847656
90964928,2019,2019-04-10,9135,2019-03-25,1148,013553,,1,1,9,4500,0,1,3,,2,604,SR-44,"U.S.F.S ROAD 33N89Y",3696.00,W,N,B,D,Y,,,44,,,,,,,Y,1,1,4,3,A,-,03,22350,,N,C,C,A,C,H,-,A,D,0,,,,,Y,,A,07,0,2,2,0,0,0,0,0,0,"- ","- ",40.663398742675781,-121.35125732421875,SHASTA,UNINCORPORATED,-121.35127258300781,40.663372039794922
90965342,2019,2019-04-10,9135,2019-03-29,1740,017698,,5,2,9,4500,0,1,1,,2,053,"I-5 S/B","KNIGHTON ROAD",4224.00,S,N,A,-,Y,,,5,,,,,,S,Y,4,0,1,3,A,-,03,22350,,N,C,C,A,A,H,-,A,D,0,,,,Y,Y,,G,25,0,0,1,0,0,0,0,0,0,"- ","- ",40.496238708496094,-122.33213806152344,SHASTA,UNINCORPORATED,-122.33211517333984,40.496253967285156
90965735,2019,2019-04-11,9135,2019-04-07,0400,013553,,7,3,9,4500,0,1,3,,2,601,SR-299,"WOODHILL DRIVE (LOWER)",1056.00,E,N,B,C,Y,,,299,,,,,,,Y,3,0,2,1,A,-,08,22107,,N,E,I,A,B,H,-,D,D,0,,,,,Y,,A,01,0,1,1,0,0,0,0,0,0,"- ","- ",40.846710205078125,-121.90749359130859,SHASTA,UNINCORPORATED,-121.90750885009766,40.846652984619141
90967607,2019,2019-04-15,9135,2019-04-04,0905,017698,,4,1,9,4500,0,1,3,,2,040,SR-44,"BLACK BUTTE ROAD",5808.00,W,N,B,-,Y,,,44,,,,,,,Y,4,0,2,2,A,-,03,22350,,N,C,C,A,A,H,-,A,D,0,,,,,Y,,A,01,0,0,2,0,0,0,0,0,0,"- ","- ",40.509490966796875,-122.01188659667969,SHASTA,UNINCORPORATED,-122.01188659667969,40.509490966796875
90967626,2019,2019-04-15,9135,2019-04-05,0747,018021,,5,1,9,4500,0,3,5,,2,003,"GAS POINT RD","I-5 N/B",300.00,E,N,B,-,N,,,,,,,,,,N,4,0,1,2,A,-,03,22350,,N,C,C,A,B,H,-,A,D,0,,,,,Y,,A,07,0,0,1,0,0,0,0,0,0,"- ","- ",40.389331817626953,-122.28392028808594,SHASTA,UNINCORPORATED,-122.28392028808594,40.389347076416016
90967654,2019,2019-04-15,9135,2019-04-11,1437,018829,,4,2,9,4500,0,1,1,,2,053,"I-5 S/B FROM BALLS FERRY ROAD","BALLS FERRY RD UNDERCROSSING",1056.00,S,N,B,-,Y,,,,,,,,,,Y,4,0,1,2,A,-,03,22350,,N,C,C,A,A,H,-,A,D,0,,,Y,,Y,,A,01,0,0,1,0,0,0,0,0,1,"- ","- ",40.448898315429688,-122.29000091552734,SHASTA,UNINCORPORATED,,
90967661,2019,2019-04-15,9135,2019-04-12,1455,018133,,5,2,5,4502,0,1,3,,2,040,"SR-44 W/B","SUNDIAL BRIDGE DR.",1320.00,E,N,A,-,Y,,,44,,,,,,W,Y,4,0,1,1,A,-,08,22107,,N,E,I,A,A,H,-,A,D,0,,,,,Y,,A,01,0,0,1,0,0,0,0,0,0,"- ","- ",40.586250305175781,-122.37313842773438,SHASTA,REDDING,-122.37313842773438,40.5863037109375
90969168,2019,2019-04-24,9135,2019-04-16,0030,018388,,2,3,9,4500,0,1,3,,2,040,SR-44,"PONDEROSA WAY",125.00,E,N,B,C,Y,,,44,,,,,,,Y,4,0,1,1,A,-,08,22107,,N,E,I,A,B,H,-,C,A,0,,,,,Y,,A,01,0,0,1,0,0,0,0,0,0,"- ","- ",40.509368896484375,-121.93683624267578,SHASTA,UNINCORPORATED,-121.93682098388672,40.50946044921875
90972632,2019,2019-04-22,9135,2019-04-11,0045,016960,,4,3,9,4500,0,1,3,,2,040,"STATE ROUTE 44","DESCHUTES RD",50.00,E,N,A,-,Y,,,44,,,,,,,Y,4,0,1,1,A,-,08,22107,,N,E,I,A,A,H,-,D,A,0,,,,,Y,,A,01,0,0,1,0,0,0,0,0,0,"- ","- ",40.557361602783203,-122.23847961425781,SHASTA,UNINCORPORATED,-122.23849487304688,40.557304382324219
90974799,2019,2019-04-25,9135,2019-04-17,1725,019030,,3,2,9,4500,0,3,5,,2,004,"DESCHUTES RD","CHELOT WAY",72.00,S,N,A,-,N,,,,,,,,,,Y,4,0,1,3,A,-,06,21750,,N,C,C,A,A,H,-,A,D,0,,,,,Y,Y,D,22,0,0,1,0,0,0,0,0,0,"- ","- ",40.603630065917969,-122.234619140625,SHASTA,UNINCORPORATED,-122.23458862304688,40.603630065917969
9097784,2019,2020-09-17,4502,2019-09-04,1029,R115,R05,3,5,5,4502,0,0,0,,0,005,"PINE ST","LINCOLN ST",0.00,,Y,A,-,Y,SHA,2,273,-,-,16.183,I,5,N,Y,3,0,1,2,A,-,08,22107,,N,F,C,A,A,H,-,A,D,0,,,,,Y,,A,01,0,1,0,0,0,0,0,0,0,"- ","- ",,,SHASTA,REDDING,-122.38725280761719,40.579116821289062
9097788,2019,2020-09-17,4502,2019-09-03,1532,R115,R05,2,5,5,4502,0,0,0,,0,005,"PINE ST","PLACER ST",0.00,,Y,A,-,Y,SHA,2,273,-,R,16.450,I,5,N,N,3,0,1,1,A,-,03,22350,,N,F,J,A,A,H,-,A,A,0,,,Y,,Y,,C,02,0,1,0,0,0,0,0,0,1,"- ","- ",,,SHASTA,REDDING,-122.38874053955078,40.582664489746094
9097796,2019,2020-09-17,4502,2019-09-14,1323,R0018,,6,5,5,4502,0,0,0,,0,004,"RT 273",SPRUCE,0.00,,Y,A,-,Y,SHA,2,273,-,-,15.105,I,-,,N,2,0,1,2,A,-,12,22450,A,N,A,G,A,A,H,-,A,D,0,,Y,,,Y,,L,04,1,0,0,0,0,0,1,0,0,"- ","- ",40.569580078125,-122.38803863525391,SHASTA,REDDING,-122.38803863525391,40.569580078125
90978147,2019,2019-05-02,9135,2019-04-25,0720,014516,,4,1,9,4500,0,1,1,,2,056,"I-5 S/B","GILMAN RD",1056.00,S,N,A,-,Y,,,5,,,,,,S,Y,2,0,3,2,A,-,03,22350,,N,C,C,A,A,H,-,A,D,0,,,,Y,Y,,A,07,1,2,0,0,0,0,0,0,0,"- ","- ",40.845989227294922,-122.33429718017578,SHASTA,UNINCORPORATED,-122.33426666259766,40.846073150634766
90979217,2019,2019-04-30,9135,2019-04-16,1610,018469,,2,2,5,4502,0,1,1,,2,054,"I-5 N/B","KNIGHTON RD",500.00,N,N,A,-,Y,,,,,,,,,,Y,4,0,2,3,A,-,03,22350,,N,C,C,A,A,H,-,A,D,0,,,,,Y,,D,22,0,0,2,0,0,0,0,0,0,"- ","- ",40.506809234619141,-122.33870697021484,SHASTA,REDDING,-122.33857727050781,40.506752014160156
90980714,2019,2019-05-02,9135,2019-04-30,0200,013553,,2,3,9,4500,0,1,3,,2,605,SR-89,"CASSEL RD",6864.00,N,N,B,C,Y,,,89,,,,,,,N,4,0,1,1,A,-,08,22107,,N,E,I,A,B,H,-,D,D,0,,,,,Y,,A,07,0,0,1,0,0,0,0,0,0,"- ","- ",40.893798828125,-121.57450866699219,SHASTA,UNINCORPORATED,-121.57455444335938,40.893764495849609
90981650,2019,2019-05-03,9135,2019-05-02,1725,018133,,4,2,5,4502,0,1,1,,2,053,"I-5 S/B","KNIGHTON RD.",5280.00,S,N,A,-,Y,,,,,,,,,,N,2,0,1,2,A,-,03,22350,,N,C,C,A,A,H,-,A,D,0,,,Y,,Y,,C,02,1,0,0,0,0,0,0,0,1,"- ","- ",40.490150451660156,-122.32807922363281,SHASTA,REDDING,-122.32968139648438,40.492565155029297
90983216,2019,2019-05-07,9135,2019-05-06,0230,016960,,1,3,9,4500,0,3,5,,2,004,"AIRPORT ROAD","RIVER VALLEY DRIVE",250.00,S,N,A,-,N,,,,,,,,,,Y,4,0,1,2,A,-,09,21801,A,N,D,C,A,A,H,-,D,A,0,,,,Y,Y,,F,26,0,0,1,0,0,0,0,0,0,"- ","- ",40.475811004638672,-122.29267120361328,SHASTA,UNINCORPORATED,-122.29277801513672,40.475933074951172
90985499,2019,2019-05-09,9135,2019-05-06,1310,017157,,1,1,9,4500,0,1,3,,2,402,SR-44,"CAMINO REAL",578.00,W,N,A,-,Y,,,,,,,,,,Y,4,0,1,1,A,-,08,22107,,N,E,I,A,A,H,-,A,D,0,,,,,Y,,D,22,0,0,1,0,0,0,0,0,0,"- ","- ",40.510509490966797,-122.16210174560547,SHASTA,UNINCORPORATED,-122.01638031005859,40.510570526123047
90987101,2019,2019-05-13,9135,2019-05-11,1330,018890,,6,1,9,4500,0,3,5,,2,004,"FERN RD E","TWO PONDS LN",5280.00,N,N,A,-,N,,,,,,,,,,Y,2,0,1,1,A,-,08,22107,,N,F,A,A,A,H,-,A,D,0,,,Y,,Y,,C,02,1,0,0,0,0,0,0,0,1,"- ","- ",40.679180145263672,-121.872802734375,SHASTA,UNINCORPORATED,-121.87276458740234,40.679275512695312
90990018,2019,2019-05-16,9135,2019-05-04,2500,018469,,6,4,9,4500,0,1,1,,2,054,"LOWER SPRINGS RD","SWASEY DR",134.00,E,N,A,-,N,,,,,,,,,,N,2,0,1,1,A,-,08,22107,,N,F,A,A,A,H,-,A,D,0,,Y,,,Y,,L,04,1,0,0,0,0,0,1,0,0,"- ","- ",40.566219329833984,-122.47091674804688,SHASTA,UNINCORPORATED,-122.47081756591797,40.566154479980469
90990024,2019,2019-05-16,9135,2019-05-14,0845,013553,,2,1,9,4500,0,3,5,,2,006,"COVE ROAD","WOODHILL DR",2112.00,W,N,B,-,N,,,,,,,,,,N,3,0,1,2,A,-,08,22107,,N,E,I,A,A,H,-,A,D,0,,,Y,Y,Y,,C,06,0,1,0,0,0,0,0,0,1,"- ","- ",40.860668182373047,-121.91948699951172,SHASTA,UNINCORPORATED,-121.91960906982422,40.860916137695312
90990723,2019,2019-05-17,9135,2019-05-15,1528,018133,,3,2,9,4500,0,1,3,,1,301,SR-299,"LEWISTON TURNPIKE RD",15840.00,W,N,B,C,Y,,,299,,,,,,,Y,2,0,1,2,A,-,03,22350,,N,A,C,A,B,H,-,A,D,0,,,,Y,Y,,A,01,1,0,0,0,0,0,0,0,0,"- ","- ",40.657150268554688,-122.69924163818359,SHASTA,UNINCORPORATED,-122.69921875,40.657131195068359
90993010,2019,2019-05-21,9135,2019-05-21,0645,016087,,2,1,9,4500,0,3,5,,2,001,"LAKE BLVD.","PETERSON LN.",100.00,S,N,B,C,N,,,,,,,,,,Y,4,0,1,2,A,-,03,22350,,N,C,C,A,A,H,-,A,D,0,,,,,Y,,A,01,0,0,1,0,0,0,0,0,0,"- ","- ",40.641441345214844,-122.39884185791016,SHASTA,UNINCORPORATED,-122.39799499511719,40.642059326171875
90994244,2019,2019-05-22,9135,2019-05-10,1133,015627,,5,1,9,4500,0,3,5,,2,006,SR-299,"MAIN STREET",0.00,,Y,A,-,N,,,299,,,,,,,Y,4,0,1,4,A,-,08,22107,,N,B,C,A,A,H,-,A,D,0,,,,,Y,,A,07,0,0,1,0,0,0,0,0,0,"- ","- ",41.003639221191406,-121.43860626220703,SHASTA,UNINCORPORATED,-121.43877410888672,41.004005432128906
90996792,2019,2019-05-28,9135,2019-05-17,0850,017428,,5,1,9,4500,0,1,1,,2,054,"I-5 S/B","CYPRESS AVE",2640.00,N,N,B,-,Y,,,,,,,,,,Y,4,0,1,2,A,-,07,21658,A,N,E,I,A,A,H,-,A,D,0,,,,,Y,,A,01,0,0,1,0,0,0,0,0,0,"- ","- ",40.576988220214844,-122.3604736328125,SHASTA,UNINCORPORATED,-122.3607177734375,40.578296661376953
91001878,2019,2019-06-03,9135,2019-05-31,1255,016480,,5,1,9,4500,0,3,5,,2,004,"OAK RUN RD. E/B","OLD 44 DR.",47520.00,E,N,A,-,N,,,,,,,,,,Y,3,0,1,1,A,-,08,22107,,N,E,I,A,A,H,-,A,D,0,,,,,Y,,A,01,0,1,0,0,0,0,0,0,0,"- ","- ",40.647899627685547,-122.07820129394531,SHASTA,UNINCORPORATED,-122.07449340820312,40.656368255615234
91004969,2019,2019-06-06,9135,2019-06-04,2150,016960,,2,2,9,4500,0,1,3,,2,402,"STATE ROUTE 44","MERRILEA LANE",2640.00,E,N,A,-,Y,,,44,,,,,,,Y,4,0,1,1,C,-,18,,,N,H,H,A,A,H,-,D,A,0,,,,,Y,,-,"- ",0,0,1,0,0,0,0,0,0,"- ","- ",40.516311645507812,-122.08757019042969,SHASTA,UNINCORPORATED,-122.08757019042969,40.516281127929688
91005876,2019,2019-06-07,9135,2019-05-30,0455,014425,,4,3,9,4500,0,1,3,,1,301,SR-299,"LEWISTON TURNPIKE RD",5280.00,W,N,A,-,Y,,,299,,,,,,,Y,2,0,2,2,A,-,05,21651,A,N,A,C,A,A,H,-,D,D,0,,,,Y,Y,,A,01,1,1,0,0,0,0,0,0,0,"- ","- ",40.672889709472656,-122.67681884765625,SHASTA,UNINCORPORATED,-122.67683410644531,40.673103332519531
91006438,2019,2019-06-10,9135,2019-06-07,1430,019680,,5,2,9,4500,0,1,3,,2,603,"CASSEL RD","BAUM LAKE RD",4752.00,S,N,A,-,N,,,,,,,,,,Y,3,0,3,1,A,-,03,22350,,N,E,I,A,A,H,-,A,D,0,,,,,Y,,A,07,0,1,2,0,0,0,0,0,0,"- ","- ",41.749298095703125,-122.19481658935547,SHASTA,UNINCORPORATED,-121.56517791748047,40.921451568603516
91009163,2019,2019-06-13,9135,2019-06-09,1535,018890,,7,2,2,4580,0,1,1,,2,055,"I-5 N/B TO SR-151","SR-151 OVERCROSSING",1056.00,S,N,A,-,Y,,,5,,,,R,,N,Y,3,0,1,1,A,-,01,23152,A,N,F,A,A,A,H,-,A,D,0,,,,,Y,Y,D,22,0,1,0,0,0,0,0,0,0,"- ","- ",40.676189422607422,-122.34870910644531,SHASTA,"SHASTA LAKE",-122.34870910644531,40.676189422607422
91009801,2019,2019-06-13,9135,2019-06-10,1010,014425,,1,1,9,4500,0,1,3,,1,301,SR-299,"CRYSTAL CREEK ROAD",7392.00,W,N,A,-,Y,,,299,,,,,,,Y,3,0,2,1,C,-,18,,,N,H,H,A,A,H,-,A,D,0,,,Y,,Y,,-,"- ",0,2,0,0,0,0,0,0,2,"- ","- ",40.673599243164062,-122.67169952392578,SHASTA,UNINCORPORATED,-122.67169952392578,40.673591613769531
91011233,2019,2019-06-17,9135,2019-06-13,0035,020361,,4,3,9,4500,0,1,1,,2,053,"I-5 S/B","NORTH STEET",1425.00,N,N,A,-,Y,,,,,,,,,,Y,3,0,1,1,A,-,01,23152,A,N,E,I,A,A,D,-,D,D,0,,,,,Y,Y,A,07,0,1,0,0,0,0,0,0,0,"- ","- ",40.589900970458984,-122.29844665527344,SHASTA,UNINCORPORATED,,
91012725,2019,2019-06-18,9135,2019-06-10,1554,019030,,1,2,5,4502,0,1,3,,2,040,"SR-44 W/B","CONTINENTAL ST",117.00,E,N,A,-,Y,,,44,,,,,,W,Y,3,0,1,1,A,-,03,22350,,N,E,I,A,A,H,-,A,D,0,,,Y,,Y,,C,02,0,1,0,0,0,0,0,0,1,"- ","- ",40.586490631103516,-122.38564300537109,SHASTA,REDDING,-122.38563537597656,40.586521148681641
91013473,2019,2019-06-19,9135,2019-06-18,1615,016480,,2,2,9,4500,0,3,5,,2,004,SR-44,"TWIN AVE.",2640.00,W,N,A,-,N,,,,,,,,,,Y,3,0,1,1,A,-,08,22107,,N,E,I,A,A,H,-,A,D,0,,,,,Y,,A,07,0,1,0,0,0,0,0,0,0,"- ","- ",40.557449340820312,-122.18612670898438,SHASTA,UNINCORPORATED,-122.18561553955078,40.557174682617188
91017224,2019,2019-06-25,9135,2019-06-18,1010,016424,,2,1,9,4500,0,1,1,,2,056,"MCCARDLE FLAT ROAD","INTERSTATE-5 SOUTHBOUND",104.00,W,N,A,-,Y,,,,,,,,,,Y,4,0,1,2,A,-,08,22107,,N,E,I,A,A,H,-,A,D,0,,,,Y,Y,,G,25,0,0,1,0,0,0,0,0,0,"- ","- ",40.95751953125,-122.43598175048828,SHASTA,UNINCORPORATED,,
91019137,2019,2019-06-27,9135,2019-06-18,0428,013355,,2,3,9,4500,0,3,5,,2,006,"CASSEL FALL RIVER ROAD","SHOSHONI LOOP",1584.00,S,N,A,-,N,,,,,,,,,,Y,2,0,1,1,A,-,08,22107,,N,E,I,A,A,H,-,D,D,0,,,,,Y,,A,01,1,0,0,0,0,0,0,0,0,"- ","- ",40.967041015625,-121.43540954589844,SHASTA,UNINCORPORATED,-121.43948364257812,40.957481384277344
91020840,2019,2019-06-28,9135,2019-06-14,2120,019680,,5,2,9,4500,0,1,3,,2,602,SR-299,"ENTERPRISE DR",126.00,W,N,A,-,Y,,,,,,,,,,Y,1,1,1,1,C,-,18,,,N,H,H,A,A,H,-,C,D,0,,,Y,,Y,,-,"- ",1,0,0,0,0,0,0,1,1,"- ","- ",40.532398223876953,-121.39129638671875,SHASTA,UNINCORPORATED,,