CASE_ID,ACCIDENT_YEAR,PROC_DATE,JURIS,COLLISION_DATE,COLLISION_TIME,OFFICER_ID,REPORTING_DISTRICT,DAY_OF_WEEK,CHP_SHIFT,POPULATION,CNTY_CITY_LOC,SPECIAL_COND,BEAT_TYPE,CHP_BEAT_TYPE,CITY_DIVISION_LAPD,CHP_BEAT_CLASS,BEAT_NUMBER,PRIMARY_RD,SECONDARY_RD,DISTANCE,DIRECTION,INTERSECTION,WEATHER_1,WEATHER_2,STATE_HWY_IND,CALTRANS_COUNTY,CALTRANS_DISTRICT,STATE_ROUTE,ROUTE_SUFFIX,POSTMILE_PREFIX,POSTMILE,LOCATION_TYPE,RAMP_INTERSECTION,SIDE_OF_HWY,TOW_AWAY,COLLISION_SEVERITY,NUMBER_KILLED,NUMBER_INJURED,PARTY_COUNT,PRIMARY_COLL_FACTOR,PCF_CODE_OF_VIOL,PCF_VIOL_CATEGORY,PCF_VIOLATION,PCF_VIOL_SUBSECTION,HIT_AND_RUN,TYPE_OF_COLLISION,MVIW,PED_ACTION,ROAD_SURFACE,ROAD_COND_1,ROAD_COND_2,LIGHTING,CONTROL_DEVICE,CHP_ROAD_TYPE,PEDESTRIAN_ACCIDENT,BICYCLE_ACCIDENT,MOTORCYCLE_ACCIDENT,TRUCK_ACCIDENT,NOT_PRIVATE_PROPERTY,ALCOHOL_INVOLVED,STWD_VEHTYPE_AT_FAULT,CHP_VEHTYPE_AT_FAULT,COUNT_SEVERE_INJ,COUNT_VISIBLE_INJ,COUNT_COMPLAINT_PAIN,COUNT_PED_KILLED,COUNT_PED_INJURED,COUNT_BICYCLIST_KILLED,COUNT_BICYCLIST_INJURED,COUNT_MC_KILLED,COUNT_MC_INJURED,PRIMARY_RAMP,SECONDARY_RAMP,LATITUDE,LONGITUDE,COUNTY,CITY,POINT_X,POINT_Y
91360176,2020,2020-12-07,9135,2020-12-03,1200,014425,,4,1,9,4500,0,3,5,,2,001,"MULETOWN ROAD","PLACER ROAD",17952.00,N,N,A,-,N,,,,,,,,,,N,3,0,1,1,A,-,03,22350,,N,F,A,A,A,H,-,A,D,0,,,Y,,Y,,C,02,0,1,0,0,0,0,0,0,1,"- ","- ",40.544601440429688,-122.52999877929688,SHASTA,UNINCORPORATED,-122.52936553955078,40.5509033203125
91360197,2020,2020-12-07,9135,2020-12-04,1135,020361,,5,1,9,4500,0,3,5,,2,002,"BEAR MOUNTAIN RD","OASIS RD",1056.00,E,N,A,-,N,,,,,,,,,,Y,3,0,1,1,A,-,08,22107,,N,F,A,A,A,H,-,A,D,0,,,Y,,Y,,C,02,0,1,0,0,0,0,0,0,1,"- ","- ",40.671619415283203,-122.31838989257812,SHASTA,UNINCORPORATED,,
91361023,2020,2020-12-08,9135,2020-11-27,1740,019030,,5,2,9,4500,0,3,5,,2,002,"OLD 44 DR","OAK RUN RD",586.00,W,N,A,-,N,,,,,,,,,,N,3,0,2,1,A,-,08,22107,,N,F,A,A,A,H,-,D,D,0,,,Y,,Y,,C,02,0,1,1,0,0,0,0,0,2,"- ","- ",40.568489074707031,-122.19447326660156,SHASTA,UNINCORPORATED,-122.19445037841797,40.568614959716797
91361577,2020,2020-12-08,9135,2020-11-10,1045,016424,,2,1,9,4500,0,1,3,,1,201,"STATE ROUTE-299","SUGAR PINE CAMP ROAD",15312.00,E,N,A,-,Y,,,299,,,,,,,Y,1,1,3,5,A,-,17,23114,A,N,H,C,A,A,H,-,A,D,0,,,,Y,Y,,G,25,0,2,1,0,0,0,0,0,0,"- ","- ",40.744850158691406,-122.06336975097656,SHASTA,UNINCORPORATED,-122.06339263916016,40.744873046875
91366780,2020,2020-12-14,9135,2020-12-14,0630,018133,,1,1,9,4500,0,1,1,,2,056,"I-5 N/B","O'BRIEN REST AREA EXIT",1056.00,S,N,A,-,Y,,,5,,,,,,N,Y,3,0,2,2,A,-,03,22350,,N,C,C,A,C,H,-,D,D,0,,,,,Y,,D,22,0,2,0,0,0,0,0,0,0,"- ","- ",40.78900146484375,-122.31195068359375,SHASTA,UNINCORPORATED,-122.31199645996094,40.788951873779297
91368280,2020,2020-12-16,9135,2020-12-14,0130,016960,,1,3,9,4500,0,3,5,,2,002,"DRY CREEK ROAD","LILLY LANE",528.00,S,N,B,-,N,,,,,,,,,,Y,4,0,1,1,A,-,08,22107,,N,E,I,A,A,H,-,D,A,0,,,,,Y,,A,07,0,0,1,0,0,0,0,0,0,"- ","- ",40.660541534423828,-122.24230194091797,SHASTA,UNINCORPORATED,-122.24256896972656,40.661140441894531
91371051,2020,2020-12-18,9135,2020-12-16,1357,017956,,3,1,9,4500,0,1,3,,1,301,SR-299,"TRINTY COUNTY LINE",19906.00,E,N,C,-,Y,,,,,,,,,,Y,4,0,1,1,A,-,08,22107,,N,E,I,A,B,H,-,A,A,0,,,,,Y,,A,01,0,0,1,0,0,0,0,0,0,"- ","- ",,,SHASTA,UNINCORPORATED,,
91372097,2020,2020-12-21,9135,2020-12-18,1655,018829,,5,2,9,4500,0,3,5,,2,002,"OLD ALTURAS RD","DESCHUTES RD",1600.00,W,N,A,-,N,,,,,,,,,,Y,4,0,2,1,A,-,08,22107,,N,E,I,A,A,H,-,D,D,0,,,,,Y,,A,08,0,0,2,0,0,0,0,0,0,"- ","- ",40.634868621826172,-122.24436187744141,SHASTA,UNINCORPORATED,-122.24439239501953,40.634922027587891
91373222,2020,2021-02-23,9135,2020-10-16,1355,019257,,5,1,9,4500,0,1,3,,2,601,"STATE ROUTE 299","MOOSE CAMP ROAD",3802.00,E,N,A,-,Y,,,,,,,,,,Y,1,1,2,2,A,-,01,23152,F,N,B,C,A,A,H,-,A,D,0,,,,,Y,,D,22,0,0,2,0,0,0,0,0,0,"- ","- ",40.515510559082031,-121.50704193115234,SHASTA,UNINCORPORATED,-121.83542633056641,40.865329742431641
91374785,2020,2020-12-24,9135,2020-12-18,1859,017855,,5,2,9,4500,0,1,1,,2,056,"I-5 S/B","O'BRIEN INLET RD",677.00,N,N,A,-,Y,,,,,,,,,,Y,2,0,2,1,A,-,03,22350,,N,E,I,A,A,H,-,D,D,0,,,,,Y,,A,01,1,1,0,0,0,0,0,0,0,"- ","- ",,,SHASTA,UNINCORPORATED,,
91375375,2020,2020-12-28,9135,2020-12-22,1100,017428,,2,1,9,4500,0,3,5,,2,002,"OAK RUN RD","AKIBA LN",528.00,N,N,A,-,N,,,,,,,,,,Y,4,0,1,1,A,-,08,22107,,N,E,I,A,C,H,-,A,D,0,,,,,Y,,D,22,0,0,1,0,0,0,0,0,0,"- ","- ",40.741920471191406,-122.01437377929688,SHASTA,UNINCORPORATED,-122.01466369628906,40.741992950439453
91377849,2020,2020-12-30,9135,2020-12-21,1400,019257,,1,2,9,4500,0,3,5,,2,004,"KNIGHTON ROAD","CHURN CREEK ROAD",0.00,,Y,A,-,N,,,,,,,,,,Y,4,0,1,3,A,-,01,23152,A,M,D,C,A,A,H,-,A,A,0,,,,,Y,Y,A,01,0,0,1,0,0,0,0,0,0,"- ","- ",40.302051544189453,-122.20136260986328,SHASTA,UNINCORPORATED,-122.33363342285156,40.505649566650391
91378715,2020,2020-12-31,9146,2020-12-28,1745,018675,,1,2,9,4500,0,1,1,,2,014,"I-5 N/B","SIMS RD",3168.00,N,N,A,-,Y,,,5,,,,,,N,Y,2,0,1,1,A,-,03,22350,,N,E,I,A,A,H,-,D,D,0,,,,Y,Y,,G,25,1,0,0,0,0,0,0,0,0,"- ","- ",41.081108093261719,-122.35592651367188,SHASTA,UNINCORPORATED,-122.35586547851562,41.081085205078125
91379440,2020,2021-01-04,9135,2020-12-12,1800,019101,,6,2,5,4502,0,1,S,,2,901,SR-299,"HALEAKALA AVE",0.00,,Y,A,-,Y,,,299,,,,,,,N,2,0,1,2,A,-,09,21802,A,N,D,G,A,A,H,-,D,A,0,,Y,,,Y,,L,04,1,0,0,0,0,0,1,0,0,"- ","- ",40.583671569824219,-122.44026947021484,SHASTA,REDDING,-122.44026947021484,40.583656311035156
91384654,2021,2021-01-11,9135,2021-01-09,0825,018777,,6,1,9,4500,0,1,3,,2,601,SR-299,"BUNCH GRASS LOOKOUT RD",415.00,E,N,B,-,Y,,,,,,,,,,N,2,0,1,1,A,-,08,22107,,N,E,I,A,C,H,-,A,D,0,,,,,Y,,A,07,1,0,0,0,0,0,0,0,0,"- ","- ",40.852428436279297,-121.75341796875,SHASTA,UNINCORPORATED,-121.76109313964844,40.852325439453125
91385046,2020,2021-01-11,9135,2020-12-23,1100,015627,,3,1,9,4500,0,1,3,,2,604,SR-44,"SUGAR LOAF LN",1584.00,W,N,A,-,Y,,,44,,,,,,,Y,4,0,1,1,A,-,08,22107,,N,E,I,A,C,H,-,A,D,0,,,,,Y,,A,07,0,0,1,0,0,0,0,0,0,"- ","- ",40.6468505859375,-121.46444702148438,SHASTA,UNINCORPORATED,-121.46446990966797,40.646865844726562
91385929,2020,2021-01-12,9135,2020-12-31,2320,020361,,4,3,9,4500,0,3,5,,2,003,"GAS POINT RD","PONDER WAY",861.00,W,N,A,-,N,,,,,,,,,,Y,2,0,1,1,A,-,08,22107,,N,E,I,A,A,H,-,D,D,0,,,,,Y,,D,22,1,0,0,0,0,0,0,0,0,"- ","- ",40.388339996337891,-122.45530700683594,SHASTA,UNINCORPORATED,-122.45519256591797,40.388275146484375
91387470,2021,2021-01-14,9135,2021-01-06,0530,015627,,3,3,9,4500,0,1,3,,2,601,SR-299,"BUFFUM RD",2.00,E,N,B,-,Y,,,299,,,,,,,Y,4,0,1,1,A,-,08,22107,,N,E,I,A,B,H,-,D,D,0,,,,,Y,,A,01,0,0,1,0,0,0,0,0,0,"- ","- ",40.870098114013672,-121.85736846923828,SHASTA,UNINCORPORATED,-121.85738372802734,40.870075225830078
91387477,2021,2021-01-14,9135,2021-01-07,0210,018777,,4,3,9,4500,0,1,3,,1,606,SR-89,"MCARTHUR RD",7392.00,S,N,B,-,Y,,,89,,,,,,,Y,3,0,1,1,A,-,08,22107,,N,E,I,A,C,H,-,D,D,0,,,,Y,Y,,G,27,0,1,0,0,0,0,0,0,0,"- ","- ",41.109779357910156,-121.63986968994141,SHASTA,UNINCORPORATED,-121.63992309570312,41.109806060791016
91390797,2021,2021-01-19,9135,2021-01-15,2145,020361,,5,2,9,4500,0,3,5,,2,004,"KNIGHTON ROAD","CHURN CREEK RD",21.00,E,N,B,-,N,,,,,,,,,,Y,4,0,2,2,A,-,03,22350,,N,C,C,A,A,H,-,D,A,0,,,,,Y,,A,01,0,0,2,0,0,0,0,0,0,"- ","- ",40.505699157714844,-122.33342742919922,SHASTA,UNINCORPORATED,-122.33355712890625,40.505653381347656
91399223,2020,2021-02-01,9135,2020-12-25,1830,017956,,5,2,9,4500,0,1,1,,2,053,"I-5 N/B","BALLS FERRY RD",1450.00,S,N,C,-,Y,,,,,,,,,,Y,4,0,2,1,A,-,03,22350,,N,E,I,A,B,D,-,D,A,0,,,,,Y,,A,01,0,0,2,0,0,0,0,0,0,"- ","- ",40.478321075439453,-122.28938293457031,SHASTA,UNINCORPORATED,-122.28936004638672,40.448154449462891
91406680,2021,2021-02-11,9135,2021-01-29,2343,017428,,5,3,9,4500,0,3,5,,2,004,"OLD 44 DR.","VIA LINDA DR.",528.00,W,N,A,-,N,,,,,,,,,,Y,2,0,1,1,A,-,01,23152,A,N,F,A,A,A,H,-,D,D,0,,,,,Y,Y,D,22,1,0,0,0,0,0,0,0,0,"- ","- ",40.563751220703125,-122.24822998046875,SHASTA,UNINCORPORATED,-122.24765014648438,40.563972473144531
91407082,2021,2021-02-11,9135,2021-02-04,0625,018777,,4,1,9,4500,0,1,3,,2,603,SR-299,"LEWIS RD",60.00,W,N,A,-,Y,,,299,,,,,,,Y,2,0,1,1,A,-,08,22107,,N,E,I,A,A,H,-,D,D,0,,,,,Y,,A,01,1,0,0,0,0,0,0,0,0,"- ","- ",41.054370880126953,-121.3895263671875,SHASTA,UNINCORPORATED,-121.38948822021484,41.054302215576172
91407120,2021,2021-02-11,9135,2021-02-05,0735,014425,,5,1,9,4500,0,3,5,,2,004,"AIRPORT ROAD","CHARLANNE DRIVE",0.00,,Y,A,-,N,,,,,,,,,,Y,4,0,1,2,A,-,09,21801,A,N,A,C,A,A,H,-,A,D,0,,,,,Y,,A,01,0,0,1,0,0,0,0,0,0,"- ","- ",40.544399261474609,-122.3028564453125,SHASTA,UNINCORPORATED,-122.30284881591797,40.544380187988281
91411689,2021,2021-02-19,9146,2021-02-17,1400,020514,,3,2,9,4500,0,1,1,,2,013,"I-5 S/B","FLUME CREEK RD",700.00,N,N,A,-,Y,,,5,,,,,,S,Y,3,0,1,1,A,-,08,22107,,N,E,I,A,A,H,-,A,D,0,,,,,Y,,A,01,0,1,0,0,0,0,0,0,0,"- ","- ",41.099288940429688,-122.34422302246094,SHASTA,UNINCORPORATED,-122.34419250488281,41.099269866943359
91411990,2021,2021-02-19,9135,2021-02-18,1410,019680,,4,2,9,4500,0,1,3,,1,606,"STATE HIGHWAY 89","LAKE BRITTON BRIDGE",1003.00,S,N,D,-,Y,,,,,,,,,,Y,3,0,1,2,A,-,03,22350,,N,D,C,A,C,H,-,A,D,0,,,,Y,Y,,A,01,0,1,0,0,0,0,0,0,0,"- ","- ",,,SHASTA,UNINCORPORATED,-121.62137603759766,41.018474578857422
91414401,2021,2021-02-24,9135,2021-02-18,1235,018777,,4,1,9,4500,0,1,3,,1,606,SR-89,"CAYTON VALLEY RD",13728.00,N,N,D,-,Y,,,89,,,,,,,Y,3,0,1,2,A,-,08,22107,,N,C,E,A,C,H,-,A,D,0,,,,Y,Y,,A,01,0,1,0,0,0,0,0,0,0,"- ","- ",41.053428649902344,-121.63941192626953,SHASTA,UNINCORPORATED,-121.63994598388672,41.052921295166016
91418060,2021,2021-03-01,9135,2021-03-01,0815,014425,,1,1,5,4502,0,1,1,,2,054,"I-5 S/B","SMITH ROAD",5280.00,S,N,A,-,Y,,,,,,,,,,Y,4,0,1,2,A,-,07,21658,A,N,B,C,A,A,H,-,A,D,0,,,,,Y,,-,"- ",0,0,1,0,0,0,0,0,0,"- ","- ",40.514499664306641,-122.34380340576172,SHASTA,REDDING,-122.34496307373047,40.518589019775391
91418864,2020,2022-04-18,9135,2020-12-09,0705,014425,,3,1,9,4500,0,3,5,,2,002,"DESCHUTES ROAD","DESCHUTES ROAD ON-RAMP TO SR-44",12.00,S,N,A,-,Y,,,,,,,,,,Y,1,1,1,2,A,-,08,22107,,N,A,C,A,A,H,-,A,D,0,,,,,Y,,A,01,0,0,1,0,0,0,0,0,0,"- ","- ",40.558200836181641,-122.23858642578125,SHASTA,UNINCORPORATED,,
91422209,2021,2021-05-14,9135,2021-03-02,1350,019257,,2,1,9,4500,0,1,3,,1,401,"STATE ROUTE 44","MILLVILLE PLAINS ROAD",2006.00,E,N,A,-,Y,,,,,,,,,,Y,4,0,1,1,A,-,08,22107,,N,E,J,A,A,H,-,A,D,0,,,,,Y,,D,22,0,0,1,0,0,0,0,0,0,"- ","- ",40.321861267089844,-122.10079193115234,SHASTA,UNINCORPORATED,-122.16703796386719,40.538448333740234
91425659,2021,2021-03-12,9135,2021-03-09,1835,018133,,2,2,2,4580,0,1,1,,2,055,"I-5 NB TO SR-151",SR-151,1320.00,S,N,B,C,Y,,,5,,,,R,,N,Y,3,0,3,1,A,-,03,22350,,N,F,A,A,C,H,-,D,D,0,,,,,Y,,A,01,0,3,0,0,0,0,0,0,0,"- ","- ",40.675540924072266,-122.34954071044922,SHASTA,"SHASTA LAKE",-122.34954071044922,40.675540924072266
91426885,2021,2021-03-15,9135,2021-03-09,2145,016960,,2,2,9,4500,0,1,3,,2,040,"STATE ROUTE 44","STILLWATER ROAD",75.00,E,N,B,C,Y,,,44,,,,,,,Y,3,0,1,1,A,-,08,22107,,N,E,I,A,B,H,-,D,A,0,,,,,Y,,D,22,0,1,0,0,0,0,0,0,0,"- ","- ",40.559520721435547,-122.27632904052734,SHASTA,UNINCORPORATED,-122.27632141113281,40.559425354003906
91430160,2021,2021-03-18,9135,2021-03-12,0725,018890,,5,1,9,4500,0,3,5,,2,004,"DESCHUTES RD","BALLS FERRY RD",0.00,,Y,A,-,N,,,,,,,,,,Y,3,0,2,2,A,-,09,21802,A,N,D,C,A,A,H,-,A,A,0,,,,,Y,,D,22,0,2,0,0,0,0,0,0,0,"- ","- ",40.448371887207031,-122.25684356689453,SHASTA,UNINCORPORATED,-122.25843048095703,40.447116851806641
91431025,2021,2021-03-19,9135,2021-03-16,1435,018133,,2,2,9,4500,0,3,5,,2,001,"PRIVATE PROPERTY","SHALE LANE",1584.00,N,N,A,-,N,,,,,,,,,,N,4,0,3,2,B,-,22,,,N,D,C,A,A,H,-,A,D,0,,,,,Y,,A,01,0,0,3,0,0,0,0,0,0,"- ","- ",40.864910125732422,-122.39575958251953,SHASTA,UNINCORPORATED,,
91431974,2021,2021-03-22,9135,2021-03-14,1435,019030,,7,2,5,4502,0,1,1,,2,056,"I-5 S/B","RIVERVIEW DR",2640.00,S,N,B,C,Y,,,,,,,,,,N,3,0,1,1,A,-,08,22107,,N,E,I,A,B,H,-,A,D,0,,,,,Y,,A,07,0,1,0,0,0,0,0,0,0,"- ","- ",40.905990600585938,-122.38442230224609,SHASTA,REDDING,-122.38506317138672,40.909088134765625
91431988,2021,2021-03-22,9135,2021-03-15,1820,019257,,1,2,9,4500,0,1,3,,2,040,"OLD 44 DRIVE","JOHNNY PLACE",343.00,W,N,A,-,N,,,,,,,,,,Y,4,0,1,1,A,-,01,23152,A,N,E,I,A,A,H,-,A,D,0,,,,,Y,Y,A,01,0,0,1,0,0,0,0,0,0,"- ","- ",40.334190368652344,-122.16488647460938,SHASTA,UNINCORPORATED,,
91432108,2021,2021-03-22,9135,2021-03-20,1210,017855,,6,1,9,4500,0,1,1,,2,053,"I-5 S/B","BOWMAN ROAD",3168.00,N,N,A,-,Y,,,5,,,,,,S,N,4,0,2,2,A,-,03,22350,,N,C,C,A,A,H,-,A,D,0,,,,,Y,,A,01,0,0,2,0,0,0,0,0,0,"- ","- ",40.377391815185547,-122.28475952148438,SHASTA,UNINCORPORATED,-122.28473663330078,40.377391815185547
91434980,2021,2021-03-25,9135,2021-03-24,1420,019101,,3,2,2,4501,0,1,1,,2,053,"I-5 N/B FROM RIVERSIDE AVE.","RIVERSIDE AVE",100.00,S,N,A,-,Y,,,5,,,,R,,N,Y,4,0,1,2,A,-,03,22350,,N,D,C,A,A,H,-,A,D,0,,,,,Y,,A,01,0,0,1,0,0,0,0,0,0,"- ","- ",40.46826171875,-122.307373046875,SHASTA,ANDERSON,-122.307373046875,40.46826171875
91438545,2021,2021-03-29,9135,2021-03-18,1650,017956,,4,2,9,4500,0,3,5,,2,004,"CHURN CREEK ROAD","LARIAT DRIVE",528.00,N,N,B,-,N,,,,,,,,,,Y,2,0,1,1,A,-,08,22107,,N,E,I,A,B,H,-,A,A,0,,,,,Y,,D,22,1,0,0,0,0,0,0,0,0,"- ","- ",40.533931732177734,-122.33380126953125,SHASTA,UNINCORPORATED,-122.33396148681641,40.533897399902344
91438596,2021,2021-03-29,9135,2021-03-23,1655,019030,,2,2,9,4500,0,1,3,,2,402,SR-44,"VISTA LA VEGA",6.00,W,N,A,-,Y,,,44,,,,,,,Y,4,0,2,1,A,-,08,22107,,N,E,I,A,A,H,-,A,D,0,,,,,Y,,A,01,0,0,2,0,0,0,0,0,0,"- ","- ",40.498420715332031,-121.97444915771484,SHASTA,UNINCORPORATED,-121.97447967529297,40.498538970947266
91441681,2021,2021-04-02,9135,2021-03-30,1102,018866,,2,1,9,4500,0,1,3,,2,601,SR-299,"MOOSE CAMP RD",1056.00,W,N,A,-,Y,,,299,,,,,,,Y,3,0,1,2,A,-,17,23114,A,F,E,J,A,A,H,-,A,D,0,,,,,Y,,D,22,0,1,0,0,0,0,0,0,0,"- ","- ",40.867328643798828,-121.85418701171875,SHASTA,UNINCORPORATED,-121.85417175292969,40.867355346679688
91445264,2021,2021-04-07,9135,2021-04-06,1410,018133,,2,2,9,4500,0,1,3,,1,201,SR-299,"OAK RUN RD.",1320.00,W,N,A,-,Y,,,299,,,,,,,Y,3,0,1,1,A,-,03,22350,,N,E,I,A,A,H,-,A,D,0,,,,,Y,,D,22,0,1,0,0,0,0,0,0,0,"- ","- ",40.754940032958984,-122.02973937988281,SHASTA,UNINCORPORATED,-122.02978515625,40.755001068115234
91451187,2021,2021-04-15,9135,2021-04-13,1618,018388,,2,2,9,4500,0,1,1,,2,054,"I-5 S/B TO CYPRESS AVE.","CYPRESS AVE",500.00,N,N,A,-,Y,,,,,,,,,,Y,4,0,1,2,A,-,03,22350,,N,C,C,A,A,H,-,A,D,0,,,,,Y,,D,22,0,0,1,0,0,0,0,0,0,"- ","- ",40.573501586914062,-122.36087036132812,SHASTA,UNINCORPORATED,-122.36063385009766,40.572422027587891
91452363,2021,2021-04-16,9146,2021-04-08,0932,015588,,4,1,9,4500,0,1,1,,2,013,"I 5 N/B (GOLDEN STATE FREEWAY)","FLUME CREEK RD.",3168.00,S,N,A,-,Y,,,,,,,,,,Y,4,0,1,1,A,-,08,22107,,N,E,I,A,A,H,-,A,D,0,,,,Y,Y,,G,25,0,0,1,0,0,0,0,0,0,"- ","- ",,,SHASTA,UNINCORPORATED,-122.34577178955078,41.0955810546875
91452589,2021,2021-04-19,9135,2021-04-10,1745,018829,,6,2,9,4500,0,3,5,,2,002,"14858 LAMOINE CT","LAMOINE COURT",145.00,W,N,A,-,N,,,,,,,,,,N,4,0,1,1,A,-,01,23152,A,N,F,A,A,A,H,-,A,D,0,,,Y,,Y,Y,C,02,0,0,1,0,0,0,0,0,1,"- ","- ",40.719669342041016,-122.23693084716797,SHASTA,UNINCORPORATED,-122.23676300048828,40.719142913818359
91458353,2021,2021-04-26,9135,2021-04-13,1607,018829,,2,2,9,4500,0,1,3,,1,201,SR-299,"REBECCA LANE",400.00,W,N,B,-,Y,,,299,,,,,,,Y,4,0,1,1,A,-,08,22107,,M,E,I,A,A,H,-,A,D,0,,,,,Y,,A,01,0,0,1,0,0,0,0,0,0,"- ","- ",40.631198883056641,-122.27102661132812,SHASTA,UNINCORPORATED,-122.27098846435547,40.631015777587891
91458359,2021,2021-04-26,9135,2021-04-12,1533,017698,,1,2,9,4500,0,1,1,,2,053,"I-5 N/B","RIVERSIDE AVENUE",1584.00,N,N,A,-,Y,,,5,,,,,,N,Y,3,0,1,3,A,-,03,22350,,N,C,C,A,A,H,-,A,D,0,,,,,Y,,D,22,0,1,0,0,0,0,0,0,0,"- ","- ",40.472530364990234,-122.31134033203125,SHASTA,UNINCORPORATED,-122.31141662597656,40.472454071044922
91460419,2021,2021-05-27,9135,2021-04-19,1745,019030,,1,2,5,4502,0,1,1,,2,056,"I-5 S/B TO BRIDGE BAY RD","BRIDGE BAY RD",0.00,,N,A,-,Y,,,,,,,,,,N,4,0,1,1,C,-,18,,,N,E,J,A,A,H,-,A,D,0,,,,,Y,,-,"- ",0,0,1,0,0,0,0,0,0,"- ","- ",40.752269744873047,-122.32128143310547,SHASTA,REDDING,-122.32022094726562,40.751541137695312
91460495,2021,2021-05-27,9135,2021-04-24,2240,020491,,6,3,9,4500,0,3,5,,2,002,"OLD 44 DR","OAK RUN ROAD",480.00,W,N,B,-,N,,,,,,,,,,Y,3,0,1,1,A,-,01,23152,A,N,E,I,A,A,H,-,D,D,0,,,,,Y,Y,A,01,0,1,0,0,0,0,0,0,0,"- ","- ",40.56903076171875,-122.19406127929688,SHASTA,UNINCORPORATED,-122.19428253173828,40.568878173828125
91460517,2021,2021-05-27,9135,2021-04-25,1410,019257,,7,2,2,4501,0,1,1,,2,053,"INTERSTATE 5 SB","NORTH STREET U/C",2112.00,N,N,C,-,Y,,,,,,,,,,Y,3,0,1,2,A,-,03,22350,,N,C,C,A,B,H,-,A,D,0,,,,,Y,,D,22,0,1,0,0,0,0,0,0,0,"- ","- ",40.273929595947266,-122.18013763427734,SHASTA,ANDERSON,-122.2999267578125,40.460338592529297
91460593,2021,2021-05-27,9135,2021-04-26,0734,017613,,1,1,9,4500,0,3,5,,2,003,"GAS POINT RD","FRANCES ST",108.00,W,N,A,-,N,,,,,,,,,,Y,2,0,1,2,A,-,03,22350,,N,D,C,A,A,H,-,A,D,0,,,Y,,Y,,C,02,1,0,0,0,0,0,0,0,1,"- ","- ",40.389278411865234,-122.31508636474609,SHASTA,UNINCORPORATED,-122.31499481201172,40.389255523681641
9146680,2020,2020-11-25,4501,2020-07-07,1445,201,A01,2,5,2,4501,0,0,0,,0,001,"RT 273","PLEASANT HILLS DR",0.00,,Y,A,-,Y,SHA,2,273,-,-,4.110,H,-,N,N,3,0,1,2,A,-,03,22350,,M,C,C,A,A,H,-,A,A,0,,,,,Y,Y,-,,0,1,0,0,0,0,0,0,0,"- ","- ",40.431648254394531,-122.28962707519531,SHASTA,ANDERSON,-122.28824615478516,40.434345245361328
9146684,2020,2020-09-22,4501,2020-07-14,0729,228,A02,2,5,2,4501,0,0,0,,0,002,"BALLS FERRY RD","SHADY LN",23.00,W,N,A,-,N,,,,,,,,,,Y,3,0,1,2,A,-,03,22350,,N,C,C,A,A,H,-,A,A,0,,,,,Y,,A,08,0,1,0,0,0,0,0,0,0,"- ","- ",,,SHASTA,ANDERSON,-122.28768157958984,40.454982757568359
91468030,2021,2021-05-27,9135,2021-04-23,1645,017698,,5,2,9,4500,0,3,5,,2,004,"DERSCH ROAD","AIRPORT ROAD",0.00,,Y,A,-,N,,,,,,,,,,Y,3,0,2,2,A,-,09,21801,A,N,A,C,A,A,H,-,A,A,0,,,,,Y,,D,22,0,1,1,0,0,0,0,0,0,"- ","- ",40.480300903320312,-122.29295349121094,SHASTA,UNINCORPORATED,-122.29325866699219,40.480270385742188
91469082,2021,2021-05-27,9135,2021-05-02,1720,018829,,7,2,9,4500,0,1,1,,2,056,"I-5 NORTHBOUND","MCCARDLE FLAT RD OVERCROSSING",3221.00,S,N,A,-,Y,,,5,,,,,,N,Y,2,0,1,1,A,-,01,23152,A,N,E,I,A,A,H,-,A,D,0,,,,,Y,Y,D,22,1,0,0,0,0,0,0,0,0,"- ","- ",40.948429107666016,-122.43609619140625,SHASTA,UNINCORPORATED,-122.43617248535156,40.948463439941406
91470305,2021,2021-05-27,9135,2021-05-05,0245,016960,,3,3,9,4500,0,1,3,,1,201,"STATE HIGHWAY 299","MC CANDLESS ROAD",7920.00,E,N,A,-,Y,,,299,,,,,,,N,3,0,1,1,A,-,08,22107,,N,E,I,A,A,H,-,D,A,0,,,Y,,Y,,C,02,0,1,0,0,0,0,0,0,1,"- ","- ",40.777679443359375,-122.00530242919922,SHASTA,UNINCORPORATED,-122.00528717041016,40.777671813964844
91471039,2021,2021-05-27,9135,2021-04-29,0255,018552,,4,3,9,4500,0,1,1,,2,054,"INTERSTATE 5","SMITH ROAD OVERCROSSING",528.00,S,N,A,-,Y,,,5,,,,,,,Y,4,0,1,2,A,-,03,22350,,M,C,C,A,A,H,-,D,D,0,,,,Y,Y,Y,A,07,0,0,1,0,0,0,0,0,0,"- ","- ",40.517471313476562,-122.34465789794922,SHASTA,UNINCORPORATED,-122.34463500976562,40.517478942871094