CASE_ID,ACCIDENT_YEAR,PROC_DATE,JURIS,COLLISION_DATE,COLLISION_TIME,OFFICER_ID,REPORTING_DISTRICT,DAY_OF_WEEK,CHP_SHIFT,POPULATION,CNTY_CITY_LOC,SPECIAL_COND,BEAT_TYPE,CHP_BEAT_TYPE,CITY_DIVISION_LAPD,CHP_BEAT_CLASS,BEAT_NUMBER,PRIMARY_RD,SECONDARY_RD,DISTANCE,DIRECTION,INTERSECTION,WEATHER_1,WEATHER_2,STATE_HWY_IND,CALTRANS_COUNTY,CALTRANS_DISTRICT,STATE_ROUTE,ROUTE_SUFFIX,POSTMILE_PREFIX,POSTMILE,LOCATION_TYPE,RAMP_INTERSECTION,SIDE_OF_HWY,TOW_AWAY,COLLISION_SEVERITY,NUMBER_KILLED,NUMBER_INJURED,PARTY_COUNT,PRIMARY_COLL_FACTOR,PCF_CODE_OF_VIOL,PCF_VIOL_CATEGORY,PCF_VIOLATION,PCF_VIOL_SUBSECTION,HIT_AND_RUN,TYPE_OF_COLLISION,MVIW,PED_ACTION,ROAD_SURFACE,ROAD_COND_1,ROAD_COND_2,LIGHTING,CONTROL_DEVICE,CHP_ROAD_TYPE,PEDESTRIAN_ACCIDENT,BICYCLE_ACCIDENT,MOTORCYCLE_ACCIDENT,TRUCK_ACCIDENT,NOT_PRIVATE_PROPERTY,ALCOHOL_INVOLVED,STWD_VEHTYPE_AT_FAULT,CHP_VEHTYPE_AT_FAULT,COUNT_SEVERE_INJ,COUNT_VISIBLE_INJ,COUNT_COMPLAINT_PAIN,COUNT_PED_KILLED,COUNT_PED_INJURED,COUNT_BICYCLIST_KILLED,COUNT_BICYCLIST_INJURED,COUNT_MC_KILLED,COUNT_MC_INJURED,PRIMARY_RAMP,SECONDARY_RAMP,LATITUDE,LONGITUDE,COUNTY,CITY,POINT_X,POINT_Y
92287576,2024,2024-01-16,9135,2024-01-05,1520,017698,,5,2,9,4500,0,3,5,,2,003,"HAPPY VALLEY ROAD","PALM AVENUE",0.00,,Y,A,-,N,,,,,,,,,,Y,3,0,2,2,A,-,09,21801,A,N,D,C,A,A,H,-,A,A,0,,,,,Y,,A,01,0,1,1,0,0,0,0,0,0,"- ","- ",40.446640014648438,-122.40786743164062,SHASTA,UNINCORPORATED,-122.40789031982422,40.446647644042969
92287857,2024,2024-01-16,9135,2024-01-10,1320,018552,,3,1,9,4500,0,3,5,,2,003,"PLATINA RD","BLAND RD",1056.00,W,N,C,-,N,,,,,,,,,,Y,2,0,1,1,A,-,03,22350,,N,E,I,A,B,H,-,A,D,0,,,,,Y,,D,22,1,0,0,0,0,0,0,0,0,"- ","- ",40.439651489257812,-122.66690063476562,SHASTA,UNINCORPORATED,-122.66375732421875,40.439201354980469
92288270,2024,2024-01-22,9135,2024-01-09,"630 ",021571,,2,1,9,4500,0,1,3,,2,605,SR-89,"ROCKY CAMPGROUND RD",3960.00,S,N,B,-,Y,SHA,,89," "," ",2.438,H,,R,Y,4,0,1,3,A,-,03,22350,,N,C,2,A,C,H,-,D,D,0,,,,Y,Y,,F,75,0,0,1,0,0,0,0,0,0,"- ","- ",40.715930938720703,-121.42317962646484,SHASTA,UNINCORPORATED,-121.42317199707031,40.715930938720703
92288862,2024,2024-01-17,9135,2024-01-12,"855 ",019493,,5,1,9,4500,0,3,5,,2,002,"OLD OREGON TRL",SR-299,2112.00,S,N,B,-,N,,,,,,,,,,N,4,0,1,2,A,-,08,22107,,N,D,C,A,A,H,-,A,D,0,,,,,Y,,A,01,0,0,1,0,0,0,0,0,0,"- ","- ",40.601619720458984,-122.31369018554688,SHASTA,UNINCORPORATED,-122.31809997558594,40.615333557128906
92288866,2024,2024-01-17,9135,2024-01-13,1215,019493,,6,1,9,4500,0,1,3,,2,040,SR-44,"TOAD ROAD",400.00,E,N,C,-,Y,SHA,,44," ",R,12.196,H,,R,Y,4,0,1,1,A,-,03,22350,,N,E,I,A,B,H,-,A,D,0,,,,,Y,,D,22,0,0,1,0,0,0,0,0,0,"- ","- ",40.534709930419922,-122.14974975585938,SHASTA,UNINCORPORATED,-122.14974975585938,40.534687042236328
92293329,2024,2024-01-22,9135,2024-01-15,"115 ",021161,,1,3,9,4500,0,3,5,,2,004,"BALLS FERRY RD","PANORAMA POINT",0.00,,Y,A,-,N,,,,,,,,,,N,3,0,1,1,A,-,01,23152,A,N,E,I,A,A,H,-,D,D,0,,,,,Y,Y,D,22,0,1,0,0,0,0,0,0,0,"- ","- ",40.403339385986328,-122.24456024169922,SHASTA,UNINCORPORATED,-122.24464416503906,40.403312683105469
92294546,2024,2024-01-23,9135,2024-01-22,1215,016087,,1,1,9,4500,0,3,5,,2,003,"CANYON  RD.","VALLEY VIEW DR.",528.00,S,N,B,C,N,,,,,,,,,,Y,4,0,1,1,A,-,08,22107,,N,E,I,A,B,H,-,A,D,0,,,,,Y,,A,07,0,0,1,0,0,0,0,0,0,"- ","- ",40.495800018310547,-122.38565826416016,SHASTA,UNINCORPORATED,-122.38485717773438,40.497291564941406
92304211,2024,2024-02-02,9146,2024-01-31,1637,020811,,3,2,9,4500,0,1,1,,2,013,"I-5 N/B","RAILROAD PARK ROAD",2640.00,S,N,C,-,Y,SHA,,5," "," ",66.356,H,,R,Y,3,0,1,2,A,-,03,22350,,N,C,C,A,B,H,-,A,D,0,,,,Y,Y,,A,07,0,1,0,0,0,0,0,0,0,"- ","- ",41.175731658935547,-122.29550933837891,SHASTA,UNINCORPORATED,-122.29552459716797,41.175739288330078
92306036,2024,2024-02-05,9135,2024-01-26,1635,019493,,5,2,9,4500,0,1,1,,2,056,"I-5 N/B","FAWNDALE ROAD O/C",1000.00,N,N,B,-,Y,SHA,,5," ",R,26.237,H,,R,Y,3,0,1,2,A,-,03,22350,,F,C,C,A,A,H,-,A,D,0,,,,Y,Y,Y,G,25,0,1,0,0,0,0,0,0,0,"- ","- ",40.733558654785156,-122.318359375,SHASTA,UNINCORPORATED,-122.31837463378906,40.733566284179688
92311705,2024,2024-02-12,9135,2024-02-10,1855,020683,,6,2,9,4500,0,3,5,,2,003,"AIRPORT ROAD","MOSSWOOD LANE",50.00,S,N,A,-,N,,,,,,,,,,Y,4,0,1,1,C,-,18,,,N,H,H,A,A,H,-,D,D,0,,,,,Y,,-,"- ",0,0,1,0,0,0,0,0,0,"- ","- ",40.537300109863281,-122.30278778076172,SHASTA,UNINCORPORATED,-122.30278015136719,40.537334442138672
92315208,2024,2024-02-15,9135,2024-02-14,1445,017698,,3,2,2,4501,0,1,S,,2,901,"SR-273 S/B","SPRING GULCH ROAD",200.00,N,N,B,C,Y,SHA,,273," "," ",7.116,H,,L,Y,4,0,2,2,A,-,03,22350,,N,C,C,A,B,H,-,A,A,0,,,,,Y,,A,01,0,0,2,0,0,0,0,0,0,"- ","- ",40.466670989990234,-122.32525634765625,SHASTA,ANDERSON,-122.32527160644531,40.466659545898438
92317791,2024,2024-02-20,9135,2024-02-08,"430 ",020908,,4,3,9,4500,0,1,3,,2,604,SR-44,"FOREST ROUTE 33N32",2640.00,W,N,B,-,Y,SHA,,44," "," ",66.385,H,,R,Y,3,0,1,1,A,-,03,22350,,N,F,A,A,C,H,-,D,D,0,,,,,Y,,D,22,0,1,0,0,0,0,0,0,0,"- ","- ",40.698020935058594,-121.39222717285156,SHASTA,UNINCORPORATED,-121.39213562011719,40.698055267333984
92318344,2024,2024-02-20,9135,2024-02-14,1630,020696,,3,2,9,4500,0,1,1,,2,055,"INTERSTATE 5 N/B","PINE GROVE AVE.",2400.00,N,N,B,C,Y,SHA,,5," ",R,21.409,H,,R,Y,4,0,1,1,A,-,03,22350,,N,E,I,A,B,H,-,A,D,0,,,,,Y,,A,01,0,0,1,0,0,0,0,0,0,"- ","- ",40.669200897216797,-122.35295104980469,SHASTA,UNINCORPORATED,-122.35282897949219,40.669166564941406
9232490,2020,2021-04-26,4502,2020-05-27,2109,529,R01,3,5,5,4502,0,0,0,,0,001,"HILLTOP DR","ROCKAWAY DR",0.00,,Y,A,-,N,,,,,,,,,,Y,3,0,1,2,A,-,09,21804,B,N,D,C,A,A,H,-,C,D,0,,,,,Y,,D,22,0,1,0,0,0,0,0,0,0,"- ","- ",,,SHASTA,REDDING,-122.35823822021484,40.591129302978516
9232502,2020,2021-04-26,4502,2020-05-30,1348,530,,6,5,5,4502,0,0,0,,0,001,"HILLTOP DR","EAST PALISADES AV",0.00,,Y,B,-,N,,,,,,,,,,Y,3,0,1,2,A,-,12,21453,A,N,A,C,A,B,H,-,A,A,0,,,,,Y,,A,01,0,1,0,0,0,0,0,0,0,"- ","- ",40.589431762695312,-122.35820007324219,SHASTA,REDDING,-122.35816955566406,40.589408874511719
92329319,2024,2024-03-04,9135,2024-03-04,"830 ",016424,,1,1,5,4502,0,3,5,,2,001,"LAKE BOULEVARD","AARLY LANE",390.00,N,N,B,-,N,,,,,,,,,,Y,4,0,1,1,A,-,08,22107,,N,E,8,A,A,H,-,A,D,0,,,,,Y,,A,01,0,0,1,0,0,0,0,0,0,"- ","- ",40.638221740722656,-122.40207672119141,SHASTA,REDDING,-122.40216827392578,40.638362884521484
92335119,2024,2024-03-11,9135,2024-03-09,"715 ",019801,,6,1,9,4500,0,1,3,,1,401,"DERSCH RD","GOLDEN LN",830.00,W,N,A,-,N,,,,,,,,,,Y,4,0,1,1,A,-,08,22107,,N,E,I,A,A,H,-,A,D,0,,,,,Y,,A,01,0,0,1,0,0,0,0,0,0,"- ","- ",40.478271484375,-122.22168731689453,SHASTA,UNINCORPORATED,-122.22165679931641,40.478179931640625
92335233,2024,2024-03-11,9135,2024-03-09,1310,020908,,6,1,9,4500,0,3,5,,2,006,"SUMMIT LAKE RD","HAWKINS CREEK",300.00,E,N,A,-,N,,,,,,,,,,Y,3,0,1,1,A,-,03,22350,,N,F,A,A,A,H,-,A,D,0,,,,,Y,,D,22,0,1,0,0,0,0,0,0,0,"- ","- ",41.030990600585938,-121.91915893554688,SHASTA,UNINCORPORATED,,
92335984,2024,2024-03-12,9135,2024-02-25,1850,020004,,7,2,9,4500,0,3,5,,2,004,"DERSCH RD","SCHARSCH LN",5.00,E,N,A,-,N,,,,,,,,,,Y,4,0,1,1,C,-,18,,,N,E,H,A,A,H,-,D,D,0,,,,,Y,,-,"- ",0,0,1,0,0,0,0,0,0,"- ","- ",40.488479614257812,-122.07167816162109,SHASTA,UNINCORPORATED,-122.04952239990234,40.494327545166016
92338023,2024,2024-03-14,9135,2024-03-12,1102,018866,,2,1,9,4500,0,1,3,,2,605,SR-89,SR-299,0.00,,Y,B,-,Y,SHA,,89," "," ",21.718,H,,R,N,3,0,1,2,A,-,08,22107,,N,D,C,A,A,H,-,A,D,0,,,,Y,Y,,G,25,0,1,0,0,0,0,0,0,0,"- ","- ",40.938068389892578,-121.60675811767578,SHASTA,UNINCORPORATED,-121.60662841796875,40.938159942626953
92343697,2024,2024-03-21,9135,2024-03-13,2131,020361,,3,2,9,4500,0,3,5,,2,003,"HAPPY VALLEY ROAD","SHAWN DRIVE",108.00,N,N,A,-,N,,,,,,,,,,Y,3,0,1,1,A,-,03,22350,,N,E,J,A,A,B,-,D,D,0,,,Y,,Y,,-,"- ",0,1,0,0,0,0,0,0,1,"- ","- ",40.450328826904297,-122.40251922607422,SHASTA,UNINCORPORATED,-122.40258026123047,40.450279235839844
92346029,2024,2024-03-25,9135,2024-03-23,1600,016513,,6,2,9,4500,0,1,3,,1,301,"SR-299 E/B","FOUNTAIN HILL DRIVE",384.00,W,N,B,C,Y,,,,,,,,,,N,3,0,1,1,A,-,08,22107,,N,E,I,A,B,H,-,A,D,0,,,,,Y,,A,01,0,1,0,0,0,0,0,0,0,"- ","- ",40.609088897705078,-122.51399993896484,SHASTA,UNINCORPORATED,-122.51419830322266,40.608882904052734
92349351,2024,2024-03-28,9135,2024-03-26,2210,023686,,2,3,5,4502,0,1,3,,2,040,"SR-44 E/B","HILLTOP DR.",900.00,E,N,A,-,Y,SHA,,44," ",R,0.316,H,,R,Y,4,0,1,1,A,-,08,22107,,N,E,I,A,A,H,-,D,D,0,,,,,Y,,D,22,0,0,1,0,0,0,0,0,0,"- ","- ",40.584980010986328,-122.35460662841797,SHASTA,REDDING,-122.35462188720703,40.584907531738281
92352468,2024,2024-04-02,9135,2024-03-23,1640,018388,,6,2,5,4502,0,1,3,,2,040,SR-44,"SHASTA VIEW DR",350.00,W,N,B,F,Y,SHA,,44," ",R,1.976,H,,R,N,4,0,1,2,A,-,03,22350,,N,C,C,A,C,B,G,A,D,0,,,,,Y,,A,01,0,0,1,0,0,0,0,0,0,"- ","- ",40.574031829833984,-122.32695770263672,SHASTA,REDDING,-122.32711029052734,40.573860168457031
92352708,2024,2024-04-02,9135,2024-03-21,2200,019710,,4,3,9,4500,0,3,5,,2,003,"HAPPY VALLEY RD","ERIKA LANE",0.00,,Y,B,-,N,,,,,,,,,,N,2,0,1,2,A,-,08,22107,,F,G,B,F,A,H,-,D,D,0,Y,,,,Y,,-,99,1,0,0,0,1,0,0,0,0,"- ","- ",40.434501647949219,-122.40750885009766,SHASTA,UNINCORPORATED,-122.40756988525391,40.434551239013672
92353070,2024,2024-04-02,9135,2024-04-01,"601 ",018866,,1,1,9,4500,0,3,5,,2,006,"NORTH CLARK CREEK RD",SR-89,3168.00,W,N,A,-,N,,,,,,,,,,Y,3,0,1,1,A,-,03,22350,,N,E,I,A,C,H,-,D,D,0,,,,,Y,,A,01,0,1,0,0,0,0,0,0,0,"- ","- ",41.040920257568359,-121.64591979980469,SHASTA,UNINCORPORATED,-121.64394378662109,41.043491363525391
92358487,2024,2024-04-08,9135,2024-03-27,2034,023683,,3,2,9,4500,0,1,3,,2,402,SR-44,"LONG HAY  FLAT RD.",600.00,W,N,D,-,Y,SHA,,44," "," ",40.198,H,,R,Y,2,0,1,1,A,-,03,22350,,N,F,A,A,C,H,-,D,D,0,,,,,Y,,J,48,1,0,0,0,0,0,0,0,0,"- ","- ",40.517501831054688,-121.7318115234375,SHASTA,UNINCORPORATED,-121.7318115234375,40.517532348632812
92359588,2024,2024-04-09,9135,2024-04-02,1225,018021,,2,1,9,4500,0,3,5,,2,003,"GAS POINT RD","SHIRLEY ST",40.00,E,N,A,-,N,,,,,,,,,,N,4,0,1,2,A,-,03,22350,,N,C,C,A,A,D,E,A,A,0,,,,,Y,,A,01,0,0,1,0,0,0,0,0,0,"- ","- ",40.389308929443359,-122.31175231933594,SHASTA,UNINCORPORATED,-122.3118896484375,40.389259338378906
9236213,2020,2021-03-26,4502,2020-04-13,2058,R0026,R05,1,5,5,4502,0,0,0,,0,005,"CALIFORNIA ST","TEHAMA ST",0.00,,Y,A,-,N,,,,,,,,,,N,4,0,1,1,A,-,05,21650,,N,E,I,A,A,H,-,C,A,0,,,,,Y,,D,22,0,0,1,0,0,0,0,0,0,"- ","- ",40.585029602050781,-122.39260101318359,SHASTA,REDDING,-122.39261627197266,40.585048675537109
9236217,2020,2021-03-24,4502,2020-04-05,1441,530,,7,5,5,4502,0,0,0,,0,,"BECHELLI LN","EAST CYPRESS AV",0.00,,Y,B,-,N,,,,,,,,,,Y,3,0,1,2,A,-,11,21456,B,N,G,B,B,A,H,-,A,A,0,Y,,,,Y,,N,60,0,1,0,0,1,0,0,0,0,"- ","- ",40.571041107177734,-122.36271667480469,SHASTA,REDDING,-122.36273956298828,40.571048736572266
9236428,2020,2021-03-08,4502,2020-04-11,2103,R0201,R07,6,5,5,4502,0,0,0,,0,007,"LAKE BL","MASONIC AV",0.00,,Y,A,-,N,,,,,,,,,,Y,4,0,2,2,A,-,12,21453,A,N,D,C,A,A,H,-,C,A,0,,,,,Y,,A,01,0,0,2,0,0,0,0,0,0,"- ","- ",40.609870910644531,-122.37947845458984,SHASTA,REDDING,-122.37944793701172,40.609989166259766
9236429,2020,2021-03-08,4502,2020-04-20,1253,529,R04,1,5,5,4502,0,0,0,,0,004,"SOUTH MARKET ST","ELLIS ST",0.00,,Y,B,-,N,,,,,,,,,,Y,3,0,1,2,A,-,12,21453,A,N,D,C,A,A,H,-,A,A,0,,,,,Y,,A,01,0,1,0,0,0,0,0,0,0,"- ","- ",,,SHASTA,REDDING,-122.38780212402344,40.564411163330078
9236434,2020,2021-03-08,4502,2020-04-28,1449,529,R04,2,5,5,4502,0,0,0,,0,004,"SOUTH BONNYVIEW RD","EASTSIDE RD",0.00,,Y,A,-,N,,,,,,,,,,Y,3,0,1,2,A,-,09,21804,A,N,D,C,A,A,H,-,A,A,0,,,Y,,Y,,A,01,0,1,0,0,0,0,0,0,1,"- ","- ",,,SHASTA,REDDING,-122.38034057617188,40.529941558837891
92371557,2024,2024-04-22,9135,2024-04-13,1905,023683,,6,2,9,4500,0,3,5,,2,003,"OLD 44 DR","DESCHUTES RD",600.00,E,N,B,-,N,,,,,,,,,,Y,4,0,1,2,A,-,09,21804,A,N,D,C,A,A,H,-,A,D,0,,,,,Y,,A,07,0,0,1,0,0,0,0,0,0,"- ","- ",40.563789367675781,-122.23760223388672,SHASTA,UNINCORPORATED,-122.23650360107422,40.563819885253906
92371654,2024,2024-04-22,9135,2024-04-11,1425,019710,,4,2,9,4500,0,1,3,,2,303,"STATE HIGHWAY 36","SHASTA-TRINITY COUNTY LINE",9240.00,E,N,A,-,Y,SHA,,36," "," ",0.716,H,,R,Y,2,0,1,2,A,-,05,21460,A,N,B,C,A,A,H,-,A,D,0,,,Y,,Y,,C,02,1,0,0,0,0,0,0,0,1,"- ","- ",40.386199951171875,-123.00856018066406,SHASTA,UNINCORPORATED,-123.00856018066406,40.386215209960938
92372051,2024,2024-04-22,9135,2024-04-19,2145,023683,,5,2,9,4500,0,1,3,,1,201,SR-299,"BRINDA LN.",145.00,W,N,A,-,Y,,,,,,,,,,Y,4,0,1,2,A,-,03,22350,,N,C,C,A,A,H,-,D,D,0,,,,,Y,,D,22,0,0,1,0,0,0,0,0,0,"- ","- ",40.627899169921875,-122.28756713867188,SHASTA,UNINCORPORATED,-122.28781127929688,40.627487182617188
9237445,2020,2021-03-12,4502,2020-05-18,0530,R526,R04,1,5,5,4502,0,0,0,,0,004,"PINE ST","EAST ST",0.00,,Y,C,-,N,,,,,,,,,,Y,3,0,2,1,A,-,05,21650,,F,E,I,A,B,H,-,B,D,0,,,,,Y,,A,01,0,2,0,0,0,0,0,0,0,"- ","- ",40.577548980712891,-122.38655090332031,SHASTA,REDDING,-122.38658905029297,40.577640533447266
9237449,2020,2021-03-12,4502,2020-05-27,0805,525,R04,3,5,5,4502,0,0,0,,0,004,"SOUTH BONNYVIEW RD","E BONNEYVIEW RD",26.00,E,N,A,-,N,,,,,,,,,,N,3,0,2,2,A,-,03,22350,,N,C,C,A,A,H,-,A,A,0,,,,,Y,,A,01,0,1,1,0,0,0,0,0,0,"- ","- ",40.542510986328125,-122.37615966796875,SHASTA,REDDING,-122.37416076660156,40.531707763671875
9237451,2020,2021-03-12,4502,2020-05-23,0855,R115,,6,5,5,4502,0,0,0,,0,001,"HILLTOP DR","PALISADES AV",0.00,,Y,A,-,N,,,,,,,,,,N,3,0,1,2,A,-,03,22350,,N,C,C,A,A,H,-,A,D,0,,,,,Y,,A,01,0,1,0,0,0,0,0,0,0,"- ","- ",40.595428466796875,-122.36176300048828,SHASTA,REDDING,-122.36174011230469,40.595439910888672
9237453,2020,2021-03-12,4502,2020-05-05,1205,R0026,R04,2,5,5,4502,0,0,0,,0,004,"SOUTH BONNYVIEW RD",BECHELLI,264.00,E,N,A,-,N,,,,,,,,,,N,3,0,1,2,A,-,05,21650,,N,C,G,A,A,H,-,A,D,0,,Y,,,Y,,A,01,0,1,0,0,0,0,1,0,0,"- ","- ",40.539039611816406,-122.35472869873047,SHASTA,REDDING,-122.35381317138672,40.538803100585938
92375347,2024,2024-04-25,9146,2024-04-20,"155 ",019430,,6,3,9,4500,0,1,1,,2,014,"I-5 N/B","EAGLES ROOST RD",2640.00,S,N,A,-,Y,SHA,,5," ",R,50.348,H,,R,Y,4,0,2,1,C,-,18,,,N,H,H,A,A,H,-,D,D,0,,,,,Y,,-,"- ",0,0,2,0,0,0,0,0,0,"- ","- ",40.993831634521484,-122.42144775390625,SHASTA,UNINCORPORATED,-122.42143249511719,40.993816375732422
92378363,2024,2024-04-30,9135,2024-04-23,1218,018866,,2,1,9,4500,0,1,3,,2,602,SR-299,"HUDSON ST",528.00,E,N,A,-,Y,SHA,,299," "," ",75.317,H,,R,Y,4,0,1,1,A,-,08,22107,,N,E,I,A,A,H,-,A,D,0,,,,,Y,,D,22,0,0,1,0,0,0,0,0,0,"- ","- ",40.882778167724609,-121.66079711914062,SHASTA,UNINCORPORATED,-121.66071319580078,40.882637023925781
92382288,2024,2024-05-06,9135,2024-04-24,"820 ",016513,,3,1,9,4500,0,1,1,,2,053,I-5,"KNIGHTON RD",5280.00,S,N,B,-,Y,SHA,,5," ",R,8.465,H,,R,N,3,0,1,2,A,-,07,21658,A,N,B,C,A,A,H,-,A,D,0,,,,,Y,,A,01,0,1,0,0,0,0,0,0,0,"- ","- ",40.488689422607422,-122.32656097412109,SHASTA,UNINCORPORATED,-122.32664489746094,40.488655090332031
92385652,2024,2024-05-09,9135,2024-04-27,"951 ",019683,,6,1,9,4500,0,3,5,,2,003,"GAS PIONT RD","HUNTER RD.",5207.00,W,N,A,-,N,,,,,,,,,,N,2,0,1,1,A,-,03,22350,,N,E,I,A,A,H,-,A,D,0,,,Y,,Y,,C,02,1,0,0,0,0,0,0,0,1,"- ","- ",40.391841888427734,-122.50260162353516,SHASTA,UNINCORPORATED,-122.50253295898438,40.391811370849609
92393491,2024,2024-05-20,9135,2024-05-02,1410,019683,,4,2,9,4500,0,3,5,,2,004,"FOURTH ST","LOCUST ST",0.00,,Y,A,-,N,,,,,,,,,,N,3,0,1,2,A,-,12,22450,A,N,D,C,A,A,H,-,A,D,0,,,,,Y,,A,07,0,1,0,0,0,0,0,0,0,"- ","- ",40.389369964599609,-122.27417755126953,SHASTA,UNINCORPORATED,-122.27420043945312,40.389335632324219
92393498,2024,2024-05-30,9135,2024-05-04,"840 ",017698,,6,1,2,4501,0,1,1,,2,053,"I-5 N/B","BALLS FERRY ROAD",150.00,S,N,B,C,Y,SHA,,5," ",R,5.187,H,,R,Y,4,0,1,1,A,-,03,22350,,N,E,I,A,B,H,-,A,D,0,,,,,Y,,A,01,0,0,1,0,0,0,0,0,0,"- ","- ",40.450199127197266,-122.29045104980469,SHASTA,ANDERSON,-122.29031372070312,40.450244903564453
92393500,2024,2024-05-20,9135,2024-05-04,1700,021168,,6,2,9,4500,0,1,1,,2,054,"SOUTHBOUND I-5","SMITH ROAD OVERCROSSING",50.00,N,N,F,-,Y,SHA,,5," ",R,10.855,H,,L,N,4,0,1,2,A,-,03,22350,,N,C,C,A,C,H,-,A,D,0,,,,,Y,,A,01,0,0,1,0,0,0,0,0,0,"- ","- ",40.520168304443359,-122.34546661376953,SHASTA,UNINCORPORATED,-122.34548950195312,40.520164489746094
92394086,2024,2024-06-26,9135,2024-05-04,1400,017698,,6,2,9,4500,0,3,5,,2,003,"HAPPY VALLEY ROAD","NEWCASTLE ROAD",55.00,E,N,B,C,N,,,,,,,,,,Y,3,0,1,1,A,-,01,23152,F,N,E,I,A,B,H,-,A,D,0,,,,,Y,,D,22,0,1,0,0,0,0,0,0,0,"- ","- ",40.449611663818359,-122.407470703125,SHASTA,UNINCORPORATED,-122.40757751464844,40.449550628662109
92397050,2024,2024-05-23,9135,2024-05-19,1640,020224,,7,2,9,4500,0,1,3,,2,602,"TIMBER DR","MAPLE ST",15.00,S,N,A,-,N,,,,,,,,,,Y,3,0,1,1,A,-,08,22107,,N,E,8,A,A,H,-,A,D,0,,,,,Y,,-,"- ",0,1,0,0,0,0,0,0,0,"- ","- ",40.881809234619141,-121.67413330078125,SHASTA,UNINCORPORATED,-121.67414093017578,40.88165283203125
92400452,2024,2024-05-28,9135,2024-05-26,1220,016513,,7,1,9,4500,0,3,5,,2,003,"GAS POINT RD","OAK LANE",175.00,E,N,A,-,N,,,,,,,,,,Y,3,0,1,1,A,-,08,22107,,F,F,I,A,A,H,-,A,D,0,,,,,Y,,A,01,0,1,0,0,0,0,0,0,0,"- ","- ",40.388729095458984,-122.38105010986328,SHASTA,UNINCORPORATED,-122.38227844238281,40.388702392578125
9240403,2021,2021-04-20,4501,2021-03-28,0759,230,A01,7,5,2,4501,0,0,0,,0,A01,"RT 273","MARX WY",0.00,,Y,A,-,Y,SHA,2,273,-,-,4.589,I,5,N,Y,2,0,1,3,A,-,08,22107,,N,D,C,A,A,H,-,A,D,0,,,Y,,Y,,D,22,1,0,0,0,0,0,0,0,1,"- ","- ",,,SHASTA,ANDERSON,-122.29258728027344,40.440555572509766
9240407,2021,2021-04-20,4501,2021-03-16,1227,228,A01,2,5,2,4501,0,0,0,,0,CITY,"RT 273","OX YOKE RD",40.00,N,N,A,-,Y,SHA,2,273,-,-,6.920,H,-,S,N,4,0,1,2,D,-,00,,,N,C,C,A,A,H,-,A,A,0,,,,,Y,,-,"- ",0,0,1,0,0,0,0,0,0,"- ","- ",,,SHASTA,ANDERSON,-122.32239532470703,40.464698791503906
92409988,2024,2024-06-10,9135,2024-05-28,1710,021161,,2,2,9,4500,0,1,1,,2,053,I-5,"FACTORY OUTLETS DRIVE",0.00,,Y,A,-,Y,,,,,,,,,,N,4,0,1,2,A,-,03,22350,,N,C,C,A,A,H,-,A,D,0,,,,,Y,,-,"- ",0,0,1,0,0,0,0,0,0,"- ","- ",40.437469482421875,-122.28781127929688,SHASTA,UNINCORPORATED,-122.28742218017578,40.437469482421875
92409989,2024,2024-06-10,9135,2024-06-02,1155,021265,,7,1,9,4500,0,1,3,,2,603,SR-299,"GLENBURN RD",23760.00,W,N,A,-,Y,SHA,,299," "," ",88.974,H,,R,Y,3,0,1,1,A,-,08,22107,,N,E,I,A,A,H,-,A,D,0,,,,,Y,,A,01,0,1,0,0,0,0,0,0,0,"- ","- ",40.993019104003906,-121.48486328125,SHASTA,UNINCORPORATED,-121.48484039306641,40.993064880371094
92410698,2024,2024-06-10,9135,2024-06-02,"255 ",021161,,7,3,9,4500,0,3,5,,2,004,"DESCHUTES RD","VOGT LANE",317.00,S,N,A,-,N,,,,,,,,,,Y,3,0,1,1,A,-,01,23152,A,N,F,A,A,A,H,-,D,D,0,,,,,Y,Y,D,22,0,1,0,0,0,0,0,0,0,"- ","- ",40.469219207763672,-122.24270629882812,SHASTA,UNINCORPORATED,-122.2427978515625,40.469089508056641
92411833,2024,2024-06-11,9135,2024-05-25,1525,017428,,6,2,9,4500,0,3,5,,2,001,"JFK MEMORIAL DR.","BRANDY CREEK RD.",6336.00,E,N,A,-,N,,,,,,,,,,Y,2,0,3,2,A,-,01,23152,A,N,A,C,A,A,H,-,A,D,0,,,,,Y,Y,A,01,1,2,0,0,0,0,0,0,0,"- ","- ",40.609279632568359,-122.55905914306641,SHASTA,UNINCORPORATED,-122.56033325195312,40.609596252441406