CASE_ID,ACCIDENT_YEAR,PROC_DATE,JURIS,COLLISION_DATE,COLLISION_TIME,OFFICER_ID,REPORTING_DISTRICT,DAY_OF_WEEK,CHP_SHIFT,POPULATION,CNTY_CITY_LOC,SPECIAL_COND,BEAT_TYPE,CHP_BEAT_TYPE,CITY_DIVISION_LAPD,CHP_BEAT_CLASS,BEAT_NUMBER,PRIMARY_RD,SECONDARY_RD,DISTANCE,DIRECTION,INTERSECTION,WEATHER_1,WEATHER_2,STATE_HWY_IND,CALTRANS_COUNTY,CALTRANS_DISTRICT,STATE_ROUTE,ROUTE_SUFFIX,POSTMILE_PREFIX,POSTMILE,LOCATION_TYPE,RAMP_INTERSECTION,SIDE_OF_HWY,TOW_AWAY,COLLISION_SEVERITY,NUMBER_KILLED,NUMBER_INJURED,PARTY_COUNT,PRIMARY_COLL_FACTOR,PCF_CODE_OF_VIOL,PCF_VIOL_CATEGORY,PCF_VIOLATION,PCF_VIOL_SUBSECTION,HIT_AND_RUN,TYPE_OF_COLLISION,MVIW,PED_ACTION,ROAD_SURFACE,ROAD_COND_1,ROAD_COND_2,LIGHTING,CONTROL_DEVICE,CHP_ROAD_TYPE,PEDESTRIAN_ACCIDENT,BICYCLE_ACCIDENT,MOTORCYCLE_ACCIDENT,TRUCK_ACCIDENT,NOT_PRIVATE_PROPERTY,ALCOHOL_INVOLVED,STWD_VEHTYPE_AT_FAULT,CHP_VEHTYPE_AT_FAULT,COUNT_SEVERE_INJ,COUNT_VISIBLE_INJ,COUNT_COMPLAINT_PAIN,COUNT_PED_KILLED,COUNT_PED_INJURED,COUNT_BICYCLIST_KILLED,COUNT_BICYCLIST_INJURED,COUNT_MC_KILLED,COUNT_MC_INJURED,PRIMARY_RAMP,SECONDARY_RAMP,LATITUDE,LONGITUDE,COUNTY,CITY,POINT_X,POINT_Y
94439284,2024,2024-10-21,9135,2024-10-14,1545,019801,,1,2,5,4502,0,1,1,,2,055,"I-5 N/B","TWIN VIEW BLVD",1855.00,N,N,A,-,Y,SHA,,5," ",R,18.433,H,,R,Y,3,0,1,1,A,-,08,22107,,N,E,I,A,A,H,-,A,D,0,,,,,Y,,A,01,0,1,0,0,0,0,0,0,0,"- ","- ",40.627979278564453,-122.36791229248047,SHASTA,REDDING,-122.36800384521484,40.627964019775391
94449470,2024,2024-10-29,9135,2024-10-18,"535 ",020157,,5,3,5,4502,0,1,1,,2,055,"I-5 S/B","LAKE BLVD",2000.00,N,N,A,-,Y,SHA,,5," ",R,17.536,H,,L,Y,3,0,2,1,A,-,08,22107,,M,F,I,A,A,H,-,D,D,0,,,,,Y,,A,01,0,1,1,0,0,0,0,0,0,"- ","- ",40.615318298339844,-122.36435699462891,SHASTA,REDDING,-122.36442565917969,40.615306854248047
94449746,2024,2024-12-02,9135,2024-10-18,"846 ",017428,,5,1,9,4500,0,1,1,,2,056,"I-5 S/B","NORTHWOODS DR.",1584.00,N,N,A,-,Y,SHA,,5," ",R,30.470,H,,L,Y,3,0,1,2,A,-,07,21658,A,N,E,J,A,A,H,-,A,D,0,,,,Y,Y,,G,24,0,1,0,0,0,0,0,0,0,"- ","- ",40.786758422851562,-122.32298278808594,SHASTA,UNINCORPORATED,-122.32307434082031,40.786750793457031
94452360,2024,2024-10-31,9135,2024-10-25,1605,020157,,5,2,9,4500,0,3,5,,2,002,"DESCHUTES RD","RUSTIC OAK LN",1650.00,N,N,A,-,N,,,,,,,,,,Y,3,0,1,1,A,-,01,23152,A,N,F,A,A,A,H,-,A,D,0,,,,,Y,Y,A,07,0,1,0,0,0,0,0,0,0,"- ","- ",40.616489410400391,-122.23426055908203,SHASTA,UNINCORPORATED,-122.23426055908203,40.616218566894531
9445888,2021,2022-05-24,4502,2021-08-27,1621,529,R06,5,5,5,4502,0,0,0,,0,006,"LOWE ST","SEQUOIA ST",0.00,,Y,A,-,N,,,,,,,,,,Y,4,0,1,2,A,-,05,21650,,N,A,C,A,A,H,-,A,D,0,,,,,Y,,A,07,0,0,1,0,0,0,0,0,0,"- ","- ",40.58074951171875,-122.38002777099609,SHASTA,REDDING,-122.3800048828125,40.580757141113281
9445891,2021,2022-05-24,4502,2021-08-23,0510,178,R02,1,5,5,4502,0,0,0,,0,002,"CLOVER CREEK ST","GOODWATER AV",622.00,S,N,A,-,N,,,,,,,,,,N,3,0,1,2,A,-,03,22350,,N,D,E,A,A,H,-,C,D,0,,,,,Y,,A,01,0,1,0,0,0,0,0,0,0,"- ","- ",40.568931579589844,-122.32115936279297,SHASTA,REDDING,-122.32115936279297,40.568836212158203
94461363,2024,2024-11-07,9135,2024-10-19,1600,020363,,6,2,9,4500,0,3,5,,2,002,"OAK RUN RD","FERN RD",20064.00,S,N,A,-,N,,,,,,,,,,N,2,0,1,1,A,-,01,23152,A,N,E,I,A,A,H,-,A,D,0,,,,,Y,Y,D,22,1,0,0,0,0,0,0,0,0,"- ","- ",40.643001556396484,-122.08373260498047,SHASTA,UNINCORPORATED,,
9446349,2021,2022-05-27,4502,2021-09-02,1722,540,R01,4,5,5,4502,0,0,0,,0,001,"OLD ALTURAS RD","ARROYO MANOR DR",0.00,,Y,A,-,N,,,,,,,,,,N,3,0,1,2,A,-,09,21802,A,N,D,G,A,A,H,-,A,D,0,,Y,,,Y,,D,22,0,1,0,0,0,0,1,0,0,"- ","- ",40.587608337402344,-122.33773040771484,SHASTA,REDDING,-122.33769989013672,40.587604522705078
9446362,2021,2022-05-27,4502,2021-09-21,1911,540,R03,2,5,5,4502,0,0,0,,0,003,"AIRPORT RD","PRESERVE BL",35.00,N,N,A,-,N,,,,,,,,,,Y,3,0,3,2,A,-,03,22350,,N,C,C,A,A,H,-,C,A,0,,,,,Y,,D,22,0,2,1,0,0,0,0,0,0,"- ","- ",40.551750183105469,-122.30280303955078,SHASTA,REDDING,-122.30281066894531,40.551887512207031
9446383,2021,2022-06-03,4502,2021-09-26,0410,112,R02,7,5,5,4502,0,0,0,,0,002,"LARKSPUR LN",MIRAGLIA,492.00,S,N,A,-,N,,,,,,,,,,Y,2,0,3,1,A,-,08,22107,,N,E,I,A,A,H,-,C,D,0,,,,,Y,,D,22,1,2,0,0,0,0,0,0,0,"- ","- ",40.566131591796875,-122.35533905029297,SHASTA,REDDING,-122.35559844970703,40.566051483154297
9446384,2021,2022-05-27,4502,2021-09-28,1400,540,R02,2,5,5,4502,0,0,0,,0,002,"HILLTOP DR","MISTLETOE LN",15.00,S,N,A,-,N,,,,,,,,,,N,3,0,1,2,A,-,03,22350,,N,C,C,A,A,H,-,A,D,0,,,,,Y,,D,22,0,1,0,0,0,0,0,0,0,"- ","- ",40.578449249267578,-122.35787200927734,SHASTA,REDDING,-122.35788726806641,40.578399658203125
9446457,2021,2022-05-27,4502,2021-09-20,1729,537,R06,1,5,5,4502,0,0,0,,0,006,"TRINITY ST","LIBERTY ST",50.00,E,N,A,-,N,,,,,,,,,,N,3,0,1,1,A,-,06,21755,,N,H,A,A,A,B,-,A,D,0,,,Y,,Y,,C,02,0,1,0,0,0,0,0,0,1,"- ","- ",40.589218139648438,-122.39044189453125,SHASTA,REDDING,-122.3885498046875,40.589675903320312
9446482,2021,2022-05-27,4502,2021-09-18,1429,524,R03,6,5,5,4502,0,0,0,,0,003,"CHURN CREEK RD","HARPOLE LN",92.00,N,N,C,-,N,,,,,,,,,,N,3,0,1,1,A,-,05,21650,,N,A,I,A,B,H,-,A,D,0,,,,,Y,,A,01,0,1,0,0,0,0,0,0,0,"- ","- ",40.554210662841797,-122.35272979736328,SHASTA,REDDING,-122.35295867919922,40.554073333740234
9446483,2021,2022-05-27,4502,2021-09-19,1600,526,R07,7,5,5,4502,0,0,0,,0,007,"LAKE BL","NORTH MARKET ST",0.00,,Y,A,-,N,,,273,,,,,,,N,4,0,1,2,A,-,03,22350,,N,C,C,A,A,H,-,A,A,0,,,,,Y,,A,08,0,0,1,0,0,0,0,0,0,"- ","- ",40.609428405761719,-122.37663269042969,SHASTA,REDDING,-122.37671661376953,40.609439849853516
9446484,2021,2022-05-27,4502,2021-09-04,1408,537,R02,6,5,5,4502,0,0,0,,0,002,"EAST CYPRESS AV","VICTOR AV",30.00,E,N,A,-,N,,,,,,,,,,N,4,0,1,2,A,-,03,22350,,N,C,C,A,A,H,-,A,A,0,,,,,Y,,A,01,0,0,1,0,0,0,0,0,0,"- ","- ",40.570960998535156,-122.33881378173828,SHASTA,REDDING,-122.33869171142578,40.570987701416016
9446487,2021,2022-05-27,4502,2021-09-27,1603,162,R03,1,5,5,4502,0,0,0,,0,003,"CHURN CREEK RD","ALROSE LN",34.00,E,N,A,-,N,,,,,,,,,,Y,2,0,2,3,A,-,09,21801,A,N,A,C,A,A,H,-,A,D,0,,,,,Y,,A,01,1,1,0,0,0,0,0,0,0,"- ","- ",40.538108825683594,-122.34898376464844,SHASTA,REDDING,-122.34774780273438,40.537822723388672
94465963,2024,2024-11-12,9135,2024-11-08,1727,021168,,5,2,5,4502,0,1,1,,2,054,"S BONNYVIEW","I-5 N/B",0.00,,Y,A,-,N,,,,,,,,,,N,3,0,1,2,A,-,10,21950,A,N,G,B,B,A,H,-,B,A,0,Y,,,,Y,,A,07,0,1,0,0,1,0,0,0,0,"- ","- ",40.538459777832031,-122.35022735595703,SHASTA,REDDING,-122.35087585449219,40.538410186767578
94466179,2024,2024-11-12,9135,2024-11-11,1020,016615,,1,1,9,4500,0,1,1,,2,056,"I-5 S/B","GABLES OVER CROSSING",120.00,N,N,C,-,Y,SHA,,5," ",R,47.373,H,,L,Y,4,0,1,1,A,-,03,22350,,N,E,I,A,B,H,-,A,D,0,,,,,Y,,A,01,0,0,1,0,0,0,0,0,0,"- ","- ",40.957748413085938,-122.4359130859375,SHASTA,UNINCORPORATED,-122.43576812744141,40.957801818847656
94473749,2024,2024-11-18,9135,2024-11-14,1440,017855,,4,2,9,4500,0,1,3,,2,402,SR-44,"BROKEOFF MEADOWS RD",11616.00,E,N,B,D,Y,SHA,,44," "," ",45.282,H,,R,Y,4,0,2,2,A,-,03,22350,,N,B,C,A,C,G,-,A,A,0,,,,Y,Y,,G,26,0,0,2,0,0,0,0,0,0,"- ","- ",40.529850006103516,-121.64485168457031,SHASTA,UNINCORPORATED,-121.64482116699219,40.5299072265625
94479258,2024,2024-11-21,9135,2024-11-20,1830,021204,,3,2,5,4502,0,1,1,,2,054,"INTERSTATE 5","SR-44 E/B",1056.00,S,N,B,C,Y,SHA,,5," ",R,15.354,H,,R,Y,2,0,2,2,A,-,08,22107,,N,D,C,A,B,H,-,D,D,0,,,,,Y,,A,01,2,0,0,0,0,0,0,0,0,"- ","- ",40.584011077880859,-122.36045837402344,SHASTA,REDDING,-122.36042785644531,40.584011077880859
94484180,2024,2024-11-26,9135,2024-11-23,"950 ",020382,,6,1,9,4500,0,1,3,,2,402,"SR-44 W/B","LAUREL TREE LN",2216.00,E,N,B,-,N,,,,,,,,,,Y,3,0,2,1,A,-,08,22107,,N,E,I,A,B,H,-,A,D,0,,,,,Y,,A,07,0,2,0,0,0,0,0,0,0,"- ","- ",40.509910583496094,-121.95584106445312,SHASTA,UNINCORPORATED,-121.95594787597656,40.50970458984375
9448495,2021,2022-06-06,4502,2021-10-15,1559,525,R07,5,5,5,4502,0,0,0,,0,007,"NORTH MARKET ST","LAKE BL",0.00,,Y,A,-,N,,,,,,,,,,N,4,0,1,2,A,-,12,21453,A,N,D,C,A,A,H,-,A,A,0,,,,,Y,,A,08,0,0,1,0,0,0,0,0,0,"- ","- ",40.609428405761719,-122.37663269042969,SHASTA,REDDING,-122.37673187255859,40.609420776367188
9448515,2021,2022-06-06,4502,2021-10-20,1843,527,R02,3,5,5,4502,0,0,0,,0,002,"EAST CYPRESS AV","BECHELLI LN",128.00,W,N,A,-,N,,,,,,,,,,N,4,0,1,2,A,-,03,22350,,M,C,C,A,B,H,-,A,A,0,,,,,Y,,D,22,0,0,1,0,0,0,0,0,0,"- ","- ",40.571041107177734,-122.36271667480469,SHASTA,REDDING,-122.36319732666016,40.571048736572266
9448542,2021,2022-06-06,4502,2021-10-02,2207,172,R02,6,5,5,4502,0,0,0,,0,002,"CHURN CREEK RD","EAST CYPRESS AV",0.00,,Y,A,-,N,,,,,,,,,,Y,3,0,1,2,A,-,09,21453,C,N,A,C,A,A,H,-,C,A,0,,,,,Y,,D,22,0,1,0,0,0,0,0,0,0,"- ","- ",40.571041107177734,-122.35308837890625,SHASTA,REDDING,-122.35310363769531,40.571037292480469
94486041,2024,2024-11-27,9135,2024-11-26,"845 ",018388,,2,1,9,4500,0,1,3,,1,401,SR44,"MILLER RANCH",528.00,E,N,C,D,Y,SHA,,44," ",R,25.625,H,,R,Y,4,0,1,1,A,-,03,22350,,N,E,I,A,C,F,-,A,D,0,,,,,Y,,A,01,0,0,1,0,0,0,0,0,0,"- ","- ",40.499858856201172,-121.92411804199219,SHASTA,UNINCORPORATED,-121.9241943359375,40.499641418457031
94486771,2024,2024-11-27,9135,2024-11-21,"920 ",020382,,4,1,5,4502,0,1,1,,2,054,"I-5 SOUTH","STATE HIGHWAY 44",295.00,N,N,B,C,Y,SHA,,5," ",R,15.513,H,,R,Y,4,0,1,2,A,-,03,22350,,N,D,C,A,B,H,-,A,D,0,,,,,Y,,D,22,0,0,1,0,0,0,0,0,0,"- ","- ",40.586311340332031,-122.36071014404297,SHASTA,REDDING,-122.36044311523438,40.586311340332031
9448780,2021,2022-06-06,4502,2021-10-21,1109,526,R05,4,5,5,4502,0,0,0,,0,005,"STARLIGHT BL","BUENAVENTURA BL",0.00,,Y,C,-,N,,,,,,,,,,N,4,0,1,1,A,-,03,22350,,N,F,A,A,B,H,-,A,D,0,,,,,Y,,A,07,0,0,1,0,0,0,0,0,0,"- ","- ",40.567409515380859,-122.40854644775391,SHASTA,REDDING,-122.40856170654297,40.567409515380859
9448781,2021,2022-06-06,4502,2021-10-19,2105,537,R03,2,5,5,4502,0,0,0,,0,003,"RANCHO RD","CHURN CREEK RD",11.00,N,N,C,-,N,,,,,,,,,,Y,4,0,1,1,A,-,03,22350,,N,H,J,A,B,H,-,D,D,0,,,,,Y,,A,01,0,0,1,0,0,0,0,0,0,"- ","- ",40.535190582275391,-122.33577728271484,SHASTA,REDDING,-122.33549499511719,40.534744262695312
9448784,2021,2022-06-06,4502,2021-10-20,0845,526,R06,3,5,5,4502,0,0,0,,0,006,"WEST ST","11TH ST",0.00,,Y,C,-,N,,,,,,,,,,N,4,0,1,2,A,-,10,21950,A,N,G,B,B,B,H,-,A,D,0,Y,,,,Y,,A,01,0,0,1,0,1,0,0,0,0,"- ","- ",40.587020874023438,-122.39984893798828,SHASTA,REDDING,-122.39980316162109,40.586994171142578
94489562,2024,2024-12-02,9135,2024-11-26,1840,019257,,2,2,9,4500,0,1,3,,2,605,"STATE ROUTE 89","MILE POST MARKER 89 SHA 4.94",60.00,N,N,A,-,Y,SHA,,89," "," ",5.435,H,,R,Y,3,0,1,1,A,-,03,22350,,N,F,A,A,C,H,-,D,D,0,,,,,Y,,D,22,0,1,0,0,0,0,0,0,0,"- ","- ",40.739608764648438,-121.46453857421875,SHASTA,UNINCORPORATED,-121.46452331542969,40.739631652832031
94490319,2024,2024-12-03,9135,2024-12-01,1525,019801,,7,2,9,4500,0,3,5,,2,004,"AIRPORT RD","DERSCH RD",0.00,,Y,A,-,N,,,,,,,,,,Y,4,0,1,2,A,-,12,21453,A,N,D,C,A,B,H,-,A,A,0,,,,,Y,,A,01,0,0,1,0,0,0,0,0,0,"- ","- ",40.480258941650391,-122.29329681396484,SHASTA,UNINCORPORATED,-122.29325866699219,40.480270385742188
94497408,2024,2024-12-13,9135,2024-12-02,1340,016513,,1,1,9,4500,0,3,5,,2,003,"CANYON RD","VALLEY VIEW RD",528.00,S,N,A,-,N,,,,,,,,,,Y,3,0,1,1,A,-,08,22107,,N,E,I,A,A,H,-,A,D,0,,,,,Y,,D,22,0,1,0,0,0,0,0,0,0,"- ","- ",40.495048522949219,-122.38625335693359,SHASTA,UNINCORPORATED,-122.38485717773438,40.497291564941406
94498506,2024,2024-12-13,9135,2024-12-07,1415,020363,,6,2,5,4502,0,2,S,,2,901,"PARK MARINA DR.","WASHINGTON AVE.",0.00,,Y,A,-,N,,,,,,,,,,Y,4,0,1,2,A,-,09,21801,A,N,D,C,A,A,H,-,A,D,0,,,,,Y,,A,07,0,0,1,0,0,0,0,0,0,"- ","- ",40.577041625976562,-122.37132263183594,SHASTA,REDDING,-122.37128448486328,40.576957702636719
94498673,2024,2024-12-13,9135,2024-12-09,1548,020696,,1,2,5,4502,0,1,1,,2,054,"I-5 SOUTHBOUND TO CYPRESS AVE.","CYPRESS AVE.",15.00,N,N,A,-,Y,,,,,,,,,,N,4,0,1,2,A,-,03,22350,,N,C,C,A,A,H,-,A,A,0,,,,,Y,,D,22,0,0,1,0,0,0,0,0,0,"- ","- ",40.571071624755859,-122.36132049560547,SHASTA,REDDING,-122.36061859130859,40.571090698242188
94500440,2024,2024-12-13,9135,2024-12-10,1335,016513,,2,1,9,4500,0,3,5,,2,003,SR-36,"PLATINA RD",1056.00,E,N,A,-,N,,,,,,,,,,Y,4,0,1,1,A,-,08,22107,,N,E,I,A,A,H,-,A,D,0,,,,,Y,,A,07,0,0,1,0,0,0,0,0,0,"- ","- ",40.358058929443359,-122.87204742431641,SHASTA,UNINCORPORATED,-122.88424682617188,40.360885620117188
9450283,2021,2022-06-17,4502,2021-09-25,1809,525,R06,6,5,5,4502,0,0,0,,0,006,"PINE ST","EAST ST",0.00,,Y,A,-,Y,SHA,2,273,-,-,16.050,I,5,N,N,4,0,1,2,A,-,09,21804,A,N,A,C,A,A,H,-,A,A,0,,Y,,,Y,,L,04,0,0,1,0,0,0,1,0,0,"- ","- ",40.576869964599609,-122.38630676269531,SHASTA,REDDING,-122.38650512695312,40.577125549316406
94505680,2024,2024-12-16,9135,2024-12-05,2200,020361,,4,3,9,4500,0,1,3,,1,301,SR-299,"ROCK CREEK RD",352.00,E,N,A,-,Y,SHA,,299," "," ",17.805,H,,R,N,2,0,1,1,A,-,03,22350,,N,E,H,A,A,H,-,D,D,0,,,Y,,Y,,C,02,1,0,0,0,0,0,0,0,1,"- ","- ",40.604190826416016,-122.50116729736328,SHASTA,UNINCORPORATED,-122.50115966796875,40.604221343994141
94505747,2024,2024-12-16,9135,2024-12-06,1700,021168,,5,2,9,4500,0,3,5,,2,004,"OLINDA RD","REDLEAF ROAD",1584.00,W,N,A,-,N,,,,,,,,,,N,4,0,2,1,A,-,08,22107,,N,E,I,A,A,H,-,D,D,0,,,,,Y,,A,01,0,0,2,0,0,0,0,0,0,"- ","- ",40.439178466796875,-122.38672637939453,SHASTA,UNINCORPORATED,-122.39338684082031,40.439113616943359
94506054,2024,2024-12-16,9135,2024-12-13,1130,020382,,5,1,9,4500,0,1,3,,1,301,SR-299,"MILE MARKER 2.73",20.00,E,N,C,-,Y,SHA,,299," ",R,1.931,H,,R,Y,3,0,1,2,A,-,03,22350,,N,C,C,A,B,H,-,A,D,0,,,,,Y,,A,01,0,1,0,0,0,0,0,0,0,"- ","- ",40.649478912353516,-122.70771789550781,SHASTA,UNINCORPORATED,-122.70782470703125,40.649570465087891
94507082,2024,2024-12-17,9135,2024-12-14,1959,021035,,6,2,9,4500,0,3,5,,2,001,"KESWICK DAM RD","MENLO WAY",0.00,,Y,A,-,N,,,,,,,,,,Y,3,0,3,2,A,-,09,21802,A,N,D,C,A,B,H,-,D,D,0,,,,,Y,,A,01,0,1,2,0,0,0,0,0,0,"- ","- ",40.615341186523438,-122.43141174316406,SHASTA,UNINCORPORATED,-122.43144226074219,40.615325927734375
94507609,2024,2024-12-17,9135,2024-12-16,1630,020696,,1,2,9,4500,0,1,3,,1,301,SR-299,"LEWISTON TURNPIKE RD",2640.00,W,N,B,C,Y,SHA,,299," ",R,5.190,H,,R,N,3,0,1,1,A,-,03,22350,,N,E,I,A,B,H,-,D,D,0,,,,,Y,,A,07,0,1,0,0,0,0,0,0,0,"- ","- ",40.673568725585938,-122.67176818847656,SHASTA,UNINCORPORATED,-122.67181396484375,40.673637390136719
94513274,2024,2024-12-23,9135,2024-12-13,2200,020361,,5,3,9,4500,0,3,5,,2,003,"GAS POINT ROAD","SHIRLEY ST",134.00,W,N,B,C,N,,,,,,,,,,Y,3,0,1,1,A,-,08,22107,,M,E,I,A,B,H,-,D,D,0,,,,,Y,,A,07,0,1,0,0,0,0,0,0,0,"- ","- ",40.38916015625,-122.31252288818359,SHASTA,UNINCORPORATED,-122.31250762939453,40.389259338378906
94520216,2024,2024-12-30,9135,2024-12-26,1525,020157,,4,2,9,4500,0,3,5,,2,001,"KESWICK DAM RD","QUARTZ HILL RD",0.00,,Y,B,C,N,,,,,,,,,,Y,3,0,1,2,A,-,09,21800,A,N,D,C,A,B,H,-,A,A,0,,,,,Y,,A,01,0,1,0,0,0,0,0,0,0,"- ","- ",40.616691589355469,-122.42830657958984,SHASTA,UNINCORPORATED,-122.42829132080078,40.616668701171875
9452031,2021,2022-06-01,4502,2021-08-02,2121,123,,1,5,5,4502,0,0,0,,0,001,"CHURN CREEK RD","DANA DR",0.00,,Y,A,-,N,,,,,,,,,,Y,3,0,1,2,A,-,12,21453,A,N,D,C,A,A,H,-,C,A,0,,,,,Y,,A,08,0,1,0,0,0,0,0,0,0,"- ","- ",40.586181640625,-122.35147094726562,SHASTA,REDDING,-122.35152435302734,40.586193084716797
9452032,2021,2022-06-01,4502,2021-08-02,1712,540,R02,1,5,5,4502,0,0,0,,0,002,"CHURN CREEK RD","WALL ST",25.00,N,N,B,-,N,,,,,,,,,,Y,3,0,1,2,A,-,03,22350,,N,C,C,A,A,H,-,A,D,0,,,,,Y,,A,01,0,1,0,0,0,0,0,0,0,"- ","- ",40.573028564453125,-122.35334014892578,SHASTA,REDDING,-122.35312652587891,40.572288513183594
9452034,2021,2022-06-01,4502,2021-08-05,0458,R0044,R02,4,5,5,4502,0,0,0,,0,002,"HARTNELL AV","CHURNCREEK RD",0.00,,Y,A,-,N,,,,,,,,,,N,3,0,2,2,A,-,11,21954,A,N,B,B,-,A,H,-,B,A,0,Y,,Y,,Y,,N,60,0,2,0,0,1,0,0,0,1,"- ","- ",40.563808441162109,-122.3531494140625,SHASTA,REDDING,-122.35311889648438,40.563819885253906
9452036,2021,2022-06-01,4502,2021-08-08,1322,539,R01,7,5,5,4502,0,0,0,,0,001,"CHURN CREEK RD","DANA DR",0.00,,Y,A,-,N,,,,,,,,,,N,3,0,1,2,A,-,00,22380,,N,C,C,A,A,H,-,A,A,0,,,,,Y,,A,01,0,1,0,0,0,0,0,0,0,"- ","- ",,,SHASTA,REDDING,-122.35152435302734,40.586193084716797
9452037,2021,2022-06-01,4502,2021-08-15,1217,537,R04,7,5,5,4502,0,0,0,,0,004,"CYPRESS AV","CIVIC CENTER DR",700.00,W,N,A,-,N,,,,,,,,,,N,3,0,1,2,A,-,03,22350,,N,H,A,A,A,H,-,A,D,0,,,Y,,Y,,C,03,0,1,0,0,0,0,0,0,1,"- ","- ",40.575740814208984,-122.38327789306641,SHASTA,REDDING,-122.38343048095703,40.575447082519531
9452038,2021,2022-06-01,4502,2021-08-14,1659,529,R01,6,5,5,4502,0,0,0,,0,001,"CHURN CREEK RD","DANA DR",0.00,,Y,A,-,N,,,,,,,,,,Y,4,0,2,2,A,-,12,21453,A,N,D,C,A,A,H,-,A,A,0,,,,,Y,,A,07,0,0,2,0,0,0,0,0,0,"- ","- ",40.586181640625,-122.35147094726562,SHASTA,REDDING,-122.35152435302734,40.586193084716797
94536179,2025,2025-01-13,9135,2025-01-11,"250 ",024110,,6,3,9,4500,0,3,5,,2,002,"WHITMORE ROAD","BOSWORTH LANE",490.00,W,N,A,-,N,,,,,,,,,,Y,3,0,1,1,A,-,08,22107,,N,E,J,A,A,H,-,D,D,0,,,,,Y,,D,22,0,1,0,0,0,0,0,0,0,"- ","- ",40.617168426513672,-121.93386077880859,SHASTA,UNINCORPORATED,-121.93376159667969,40.617130279541016
94537649,2025,2025-01-14,9135,2025-01-08,1050,018388,,3,1,9,4500,0,3,5,,2,002,"FERN RD","WHITMORE RD",10560.00,N,N,A,-,N,,,,,,,,,,Y,3,0,1,1,A,-,08,22107,,M,E,I,A,A,H,-,A,D,0,,,,,Y,,D,22,0,1,0,0,0,0,0,0,0,"- ","- ",40.629970550537109,-121.98448944091797,SHASTA,UNINCORPORATED,-121.96572875976562,40.637157440185547
94539932,2025,2025-01-16,9135,2025-01-15,2500,021253,,3,4,9,4500,0,3,5,,2,003,"CLEAR CREEK RD","CLOVERDALE RD",250.00,W,N,A,-,N,,,,,,,,,,Y,2,0,1,1,A,-,08,22107,,N,E,I,A,A,H,-,D,D,0,,,,,Y,,A,07,1,0,0,0,0,0,0,0,0,"- ","- ",40.491451263427734,-122.516357421875,SHASTA,UNINCORPORATED,-122.51638793945312,40.492069244384766
94543212,2025,2025-01-20,9135,2025-01-18,"700 ",021265,,6,1,9,4500,0,1,3,,2,602,"3852 STATE HIGHWAY 299","VIOLA ST",1056.00,E,N,A,-,Y,SHA,,299," "," ",78.110,H,,R,Y,4,0,2,1,A,-,08,22107,,N,E,8,A,A,H,-,A,D,0,,,,,Y,,A,01,0,0,2,0,0,0,0,0,0,"- ","- ",40.915470123291016,-121.6295166015625,SHASTA,UNINCORPORATED,-121.62935638427734,40.915382385253906
94543646,2024,2025-01-21,9135,2024-12-22,1105,016480,,7,1,9,4500,0,3,5,,2,002,"WHITMORE RD.","S. COW CREEK RD.",1056.00,E,N,B,C,N,,,,,,,,,,Y,3,0,1,1,A,-,03,22350,,N,E,I,A,B,H,-,A,D,0,,,,,Y,,A,01,0,1,0,0,0,0,0,0,0,"- ","- ",40.615169525146484,-121.94048309326172,SHASTA,UNINCORPORATED,-121.94071197509766,40.615364074707031
94543700,2025,2025-01-21,9135,2025-01-20,1745,017428,,1,2,9,4500,0,1,3,,1,201,SR-299,"JIM HARVEY RD.",528.00,E,N,A,-,Y,SHA,,299," "," ",28.751,H,,R,Y,3,0,1,1,C,-,18,,,N,H,H,A,A,H,-,D,D,0,,,,,Y,,-,"- ",0,1,0,0,0,0,0,0,0,"- ","- ",40.626819610595703,-122.29105377197266,SHASTA,UNINCORPORATED,-122.29103851318359,40.626781463623047
94562945,2025,2025-02-03,9135,2025-02-01,1740,021168,,6,2,9,4500,0,3,5,,2,004,"CHURN CREEK RD","PACHECO SCHOOL RD",0.00,,Y,B,C,N,,,,,,,,,,Y,3,0,2,2,A,-,09,21800,A,N,A,C,A,B,H,-,D,D,0,,,,,Y,,A,01,0,2,0,0,0,0,0,0,0,"- ","- ",40.505508422851562,-122.32427978515625,SHASTA,UNINCORPORATED,-122.32418823242188,40.505588531494141