CASE_ID,ACCIDENT_YEAR,PROC_DATE,JURIS,COLLISION_DATE,COLLISION_TIME,OFFICER_ID,REPORTING_DISTRICT,DAY_OF_WEEK,CHP_SHIFT,POPULATION,CNTY_CITY_LOC,SPECIAL_COND,BEAT_TYPE,CHP_BEAT_TYPE,CITY_DIVISION_LAPD,CHP_BEAT_CLASS,BEAT_NUMBER,PRIMARY_RD,SECONDARY_RD,DISTANCE,DIRECTION,INTERSECTION,WEATHER_1,WEATHER_2,STATE_HWY_IND,CALTRANS_COUNTY,CALTRANS_DISTRICT,STATE_ROUTE,ROUTE_SUFFIX,POSTMILE_PREFIX,POSTMILE,LOCATION_TYPE,RAMP_INTERSECTION,SIDE_OF_HWY,TOW_AWAY,COLLISION_SEVERITY,NUMBER_KILLED,NUMBER_INJURED,PARTY_COUNT,PRIMARY_COLL_FACTOR,PCF_CODE_OF_VIOL,PCF_VIOL_CATEGORY,PCF_VIOLATION,PCF_VIOL_SUBSECTION,HIT_AND_RUN,TYPE_OF_COLLISION,MVIW,PED_ACTION,ROAD_SURFACE,ROAD_COND_1,ROAD_COND_2,LIGHTING,CONTROL_DEVICE,CHP_ROAD_TYPE,PEDESTRIAN_ACCIDENT,BICYCLE_ACCIDENT,MOTORCYCLE_ACCIDENT,TRUCK_ACCIDENT,NOT_PRIVATE_PROPERTY,ALCOHOL_INVOLVED,STWD_VEHTYPE_AT_FAULT,CHP_VEHTYPE_AT_FAULT,COUNT_SEVERE_INJ,COUNT_VISIBLE_INJ,COUNT_COMPLAINT_PAIN,COUNT_PED_KILLED,COUNT_PED_INJURED,COUNT_BICYCLIST_KILLED,COUNT_BICYCLIST_INJURED,COUNT_MC_KILLED,COUNT_MC_INJURED,PRIMARY_RAMP,SECONDARY_RAMP,LATITUDE,LONGITUDE,COUNTY,CITY,POINT_X,POINT_Y
9512530,2022,2022-10-28,4502,2022-02-08,0759,526,R05,2,5,5,4502,0,0,0,,0,005,"SHASTA ST","OREGON ST",0.00,,Y,A,-,N,,,,,,,,,,N,4,0,1,2,A,-,09,21802,A,N,D,G,A,A,H,-,A,D,0,,Y,,,Y,,L,04,0,0,1,0,0,0,1,0,0,"- ","- ",40.585460662841797,-122.39530181884766,SHASTA,REDDING,-122.39527130126953,40.585472106933594
9512531,2022,2022-10-28,4502,2022-02-06,1319,529,R05,7,5,5,4502,0,0,0,,0,005,"PINE ST","SOUTH ST",0.00,,Y,A,-,N,,,,,,,,,,Y,4,0,1,2,A,-,12,21453,A,N,D,C,A,A,H,-,A,A,0,,,,,Y,,A,01,0,0,1,0,0,0,0,0,0,"- ","- ",40.581138610839844,-122.38806915283203,SHASTA,REDDING,-122.38804626464844,40.58111572265625
9512533,2022,2022-10-28,4502,2022-02-14,1950,537,R02,1,5,5,4502,0,0,0,,0,002,"EAST CYPRESS AV","CHURN CREEK RD",0.00,,Y,A,-,N,,,,,,,,,,Y,4,0,1,2,A,-,09,21453,C,N,A,C,A,A,H,-,C,A,0,,,,,Y,,A,07,0,0,1,0,0,0,0,0,0,"- ","- ",40.571041107177734,-122.35308837890625,SHASTA,REDDING,-122.35310363769531,40.571037292480469
9512534,2022,2022-10-28,4502,2022-02-12,1544,525,R03,6,5,5,4502,0,0,0,,0,003,"EGRET WY","WOODACRE DR",75.00,S,N,A,-,N,,,,,,,,,,N,4,0,1,1,A,-,05,21650,,N,A,I,A,A,H,-,A,D,0,,,,,Y,,-,,0,0,1,0,0,0,0,0,0,"- ","- ",40.545028686523438,-122.35974884033203,SHASTA,REDDING,-122.35945129394531,40.545276641845703
9512535,2022,2022-10-28,4502,2022-02-17,1743,540,S04,4,5,5,4502,0,0,0,,0,004,"PLACER ST","CUMBERLAND DR",20.00,W,N,A,-,N,,,,,,,,,,N,4,0,1,1,A,-,05,21650,1,N,E,I,A,A,H,-,A,D,0,,,,,Y,,A,01,0,0,1,0,0,0,0,0,0,"- ","- ",40.572330474853516,-122.42449951171875,SHASTA,REDDING,-122.42458343505859,40.572284698486328
9512690,2022,2022-11-03,4502,2022-01-21,0431,338,R06,5,5,5,4502,0,0,0,,0,006,"RT 273","CYPRESS AV",283.00,N,N,A,-,Y,SHA,2,273,-,-,16.040,H,-,N,Y,2,0,1,1,A,-,03,22350,,N,F,I,A,A,H,-,C,D,0,,,,Y,Y,,G,88,1,0,0,0,0,0,0,0,0,"- ","- ",40.577548980712891,-122.38655090332031,SHASTA,REDDING,-122.38649749755859,40.577182769775391
9512699,2022,2022-10-28,4502,2022-02-06,0337,357,R04,7,5,5,4502,0,0,0,,0,004,"SOUTH BONNYVIEW RD","INDIANWOOD DR",528.00,E,N,A,-,N,,,,,,,,,,Y,3,0,1,1,A,-,08,22107,,M,E,I,A,A,H,-,C,D,0,,,,,Y,,D,22,0,1,0,0,0,0,0,0,0,"- ","- ",,,SHASTA,REDDING,-122.35978698730469,40.537559509277344
9512703,2022,2022-11-14,4502,2022-02-10,0826,539,R06,4,5,5,4502,0,0,0,,0,006,"EUREKA WY","MAGNOLIA AV",24.00,E,N,A,-,Y,SHA,2,299,-,-,23.470,H,-,W,Y,4,0,1,2,A,-,03,22350,,N,C,C,A,A,H,-,A,A,0,,,,,Y,,A,01,0,0,1,0,0,0,0,0,0,"- ","- ",40.586589813232422,-122.40338897705078,SHASTA,REDDING,-122.40323638916016,40.586620330810547
9512707,2022,2022-10-28,4502,2022-02-11,1451,525,R04,5,5,5,4502,0,0,0,,0,004,"EL RENO LN","CEDARS RD",0.00,,Y,A,-,N,,,,,,,,,,N,4,0,2,2,A,-,09,21801,A,N,A,C,A,A,H,-,A,D,0,,,,,Y,,D,22,0,0,2,0,0,0,0,0,0,"- ","- ",40.549228668212891,-122.39024353027344,SHASTA,REDDING,-122.39022064208984,40.5491943359375
9513086,2022,2022-10-31,4502,2022-01-19,0729,104,,3,5,5,4502,0,0,0,,0,005,"CANYON CREEK RD","BUENAVENTURA BL",750.00,W,N,A,-,N,,,,,,,,,,Y,4,0,1,2,A,-,03,22350,,N,C,C,A,A,H,-,A,D,0,,,,,Y,,A,07,0,0,1,0,0,0,0,0,0,"- ","- ",40.557140350341797,-122.3992919921875,SHASTA,REDDING,-122.40181732177734,40.556781768798828
9513089,2022,2022-10-31,4502,2022-01-23,1308,525,R07,7,5,5,4502,0,0,0,,0,007,"LAKE BL","ST NICHOLAS AV",39.00,E,N,A,-,N,,,,,,,,,,N,3,0,1,3,A,-,09,21804,A,N,A,C,A,A,H,-,A,D,0,,,,,Y,,A,07,0,1,0,0,0,0,0,0,0,"- ","- ",40.619171142578125,-122.39743041992188,SHASTA,REDDING,-122.39728546142578,40.619113922119141
9513096,2022,2022-10-31,4502,2022-01-11,1541,537,R04,2,5,5,4502,0,0,0,,0,004,"EASTSIDE RD","PROGRESS DR",0.00,,Y,A,-,N,,,,,,,,,,Y,4,0,3,2,A,-,03,22350,,N,C,C,A,A,H,-,A,D,0,,,,,Y,,A,01,0,0,3,0,0,0,0,0,0,"- ","- ",40.556529998779297,-122.38771820068359,SHASTA,REDDING,-122.38774871826172,40.556529998779297
9513317,2021,2022-11-07,4502,2021-12-12,1254,525,R02,7,5,5,4502,0,0,0,,0,002,"SHASTA VIEW DR","GOODWATER AV",605.00,S,N,C,-,N,,,,,,,,,,N,4,0,2,3,A,-,03,22350,,N,C,D,A,B,H,-,A,D,0,,,,,Y,,A,01,0,0,2,0,0,0,0,0,0,"- ","- ",40.569309234619141,-122.32578277587891,SHASTA,REDDING,-122.32556915283203,40.569259643554688
9513343,2021,2022-11-01,4502,2021-11-15,1816,537,R01,1,5,5,4502,0,0,0,,0,001,"SHASTA VIEW DR","INSPIRATION PL",0.00,,Y,B,-,N,,,,,,,,,,Y,3,0,1,1,A,-,01,23152,A,N,E,I,A,A,H,-,C,D,0,,,,,Y,Y,D,22,0,1,0,0,0,0,0,0,0,"- ","- ",40.595809936523438,-122.32501220703125,SHASTA,REDDING,-122.324803,40.595860999999999
9514180,2021,2022-11-04,4502,2021-12-12,1000,526,R02,7,5,5,4502,0,0,0,,0,002,"HENDERSON RD","PARKVIEW AV",15.00,S,N,C,-,N,,,,,,,,,,N,4,0,1,2,D,-,00,,,N,E,C,A,B,H,-,A,D,0,,,Y,,Y,,-,"- ",0,0,1,0,0,0,0,0,1,"- ","- ",40.567859649658203,-122.37300872802734,SHASTA,REDDING,-122.37242126464844,40.568019866943359
9514239,2022,2022-12-12,4502,2022-03-15,0224,131,R01,2,5,5,4502,0,0,0,,0,001,"HILLTOP DR","PALISADES AV",450.00,E,N,C,-,N,,,,,,,,,,N,3,0,1,1,A,-,03,22350,,N,E,I,A,B,H,-,C,D,0,,,,,Y,,A,01,0,1,0,0,0,0,0,0,0,"- ","- ",40.595481872558594,-122.36058044433594,SHASTA,REDDING,-122.36012268066406,40.595500946044922
9515279,2022,2022-12-02,4502,2022-05-03,1559,537,R01,2,5,5,4502,0,0,0,,0,001,"VICTOR AV","OLD ALTURAS RD",0.00,,Y,A,-,N,,,,,,,,,,Y,3,0,1,2,A,-,09,21800,C,N,D,C,A,A,H,-,A,A,0,,,,,Y,,D,22,0,1,0,0,0,0,0,0,0,"- ","- ",40.587570190429688,-122.33908081054688,SHASTA,REDDING,-122.33907318115234,40.587577819824219
9515325,2022,2022-12-02,4502,2022-04-25,1814,524,R03,1,5,5,4502,0,0,0,,0,003,"WILSHIRE DR","JOHN ST",245.00,E,N,B,-,N,,,,,,,,,,Y,3,0,1,1,C,-,18,,,N,E,I,A,A,H,-,A,D,0,,,,,Y,,-,"- ",0,1,0,0,0,0,0,0,0,"- ","- ",40.562381744384766,-122.36483001708984,SHASTA,REDDING,-122.36516571044922,40.562419891357422
9515331,2022,2022-12-02,4502,2022-04-15,1556,192,R05,5,5,5,4502,0,0,0,,0,005,"GOLD ST","CALIFORNIA ST",0.00,,Y,B,C,N,,,,,,,,,,N,3,0,1,2,A,-,07,21658,A,N,B,G,A,B,H,-,A,D,0,,Y,,,Y,,L,04,0,1,0,0,0,0,1,0,0,"- ","- ",40.579498291015625,-122.38961791992188,SHASTA,REDDING,-122.3902587890625,40.579498291015625
9515339,2022,2022-12-06,4502,2022-03-23,1327,537,R02,3,5,5,4502,0,0,0,,0,002,"MERCHANT ST","CHURN CREEK RD",67.00,E,N,A,-,N,,,,,,,,,,N,4,0,1,2,A,-,09,21804,A,N,D,C,A,A,H,-,A,D,0,,,,,Y,,A,07,0,0,1,0,0,0,0,0,0,"- ","- ",40.573478698730469,-122.35308074951172,SHASTA,REDDING,-122.35289001464844,40.573455810546875
9515342,2022,2022-12-06,4502,2022-03-20,1345,111,R03,7,5,5,4502,0,0,0,,0,R03,"BECHELLI LN","WILSHIRE DR",0.00,,Y,A,-,N,,,,,,,,,,Y,4,0,2,2,A,-,09,21802,A,N,D,C,A,A,H,-,A,D,0,,,,,Y,,D,22,0,0,2,0,0,0,0,0,0,"- ","- ",,,SHASTA,REDDING,-122.36260223388672,40.561893463134766
9517059,2022,2022-12-27,4502,2022-06-12,1111,529,R07,7,5,5,4502,0,0,0,,0,007,"OASIS RD","OASIS RD 6720",100.00,N,N,B,-,N,,,,,,,,,,Y,4,0,1,1,A,-,05,21650,,N,E,I,A,A,H,-,A,D,0,,,,,Y,,D,22,0,0,1,0,0,0,0,0,0,"- ","- ",40.652099609375,-122.34026336669922,SHASTA,REDDING,,
9517083,2022,2022-12-27,4502,2022-06-05,1254,539,R01,7,5,5,4502,0,0,0,,0,001,"COLLEGE VIEW DR","CHURN CREEK RD",0.00,,Y,C,-,N,,,,,,,,,,N,3,0,2,2,A,-,12,21457,A,N,D,C,A,B,H,-,A,A,0,,,,,Y,,D,22,0,2,0,0,0,0,0,0,0,"- ","- ",40.612091064453125,-122.35559844970703,SHASTA,REDDING,-122.34922027587891,40.613246917724609
9517115,2022,2023-01-03,4502,2022-06-21,1112,526,R04,2,5,5,4502,0,0,0,,0,004,"SOUTH MARKET ST","GRANGE ST",191.00,S,N,A,-,Y,SHA,2,273,-,-,15.390,H,-,N,Y,4,0,2,2,A,-,03,22350,,N,C,C,A,A,H,-,A,A,0,,,,,Y,,A,01,0,0,2,0,0,0,0,0,0,"- ","- ",40.568500518798828,-122.38773345947266,SHASTA,REDDING,-122.38785552978516,40.568202972412109
9517119,2022,2023-01-03,4502,2022-06-15,2343,115,R04,3,5,5,4502,0,0,0,,0,004,"RT 273","WESTWOOD AV",315.00,N,N,A,-,Y,SHA,2,273,-,-,12.330,H,-,N,Y,4,0,1,2,A,-,03,22350,,M,C,C,A,A,H,-,C,D,0,,,,Y,Y,,A,07,0,0,1,0,0,0,0,0,0,"- ","- ",40.522968292236328,-122.38258361816406,SHASTA,REDDING,-122.38253021240234,40.523914337158203
9517206,2022,2022-12-21,4502,2022-06-29,1940,537,R03,3,5,5,4502,0,0,0,,0,003,"SHASTA VIEW DR","RANCHO RD",0.00,,Y,A,-,N,,,,,,,,,,N,3,0,1,2,A,-,05,21202,A,N,D,G,A,A,H,-,A,D,0,,Y,,,Y,,L,04,0,1,0,0,0,0,1,0,0,"- ","- ",40.534751892089844,-122.3177490234375,SHASTA,REDDING,-122.3177490234375,40.534732818603516
9517247,2022,2022-12-21,4502,2022-06-04,1345,529,R05,6,5,5,4502,0,0,0,,0,005,"PLACER ST","MESA ST",0.00,,Y,B,-,N,,,,,,,,,,Y,4,0,1,1,A,-,03,22350,,N,F,I,A,A,H,-,A,D,0,,,,,Y,,A,01,0,0,1,0,0,0,0,0,0,"- ","- ",40.578701019287109,-122.40486907958984,SHASTA,REDDING,-122.41079711914062,40.577499389648438
9517249,2022,2022-12-21,4502,2022-06-01,1251,526,R05,3,5,5,4502,0,0,0,,0,005,"PLACER ST","MAGNOLIA AV",84.00,W,N,A,-,N,,,,,,,,,,N,3,0,1,2,A,-,05,21650,1,F,G,B,F,A,H,-,A,D,0,Y,Y,,,Y,,L,04,0,1,0,0,1,0,0,0,0,"- ","- ",40.579750061035156,-122.40059661865234,SHASTA,REDDING,-122.40087890625,40.579689025878906
9517250,2022,2022-12-21,4502,2022-06-02,1043,526,R02,4,5,5,4502,0,0,0,,0,002,"HILLTOP DR","EAST CYPRESS AV",0.00,,Y,A,-,N,,,,,,,,,,N,4,0,1,2,A,-,03,22350,,M,C,C,A,A,H,-,A,A,0,,,,,Y,,A,01,0,0,1,0,0,0,0,0,0,"- ","- ",40.571041107177734,-122.35806274414062,SHASTA,REDDING,-122.35806274414062,40.571044921875
9523472,2022,2022-11-21,4502,2022-03-05,1617,529,R05,6,5,5,4502,0,0,0,,0,005,"MAGNOLIA AV","PLACER ST",0.00,,Y,A,-,N,,,,,,,,,,Y,3,0,1,1,A,-,03,22350,,N,E,I,A,A,H,-,A,A,0,,,,,Y,,A,07,0,1,0,0,0,0,0,0,0,"- ","- ",40.579750061035156,-122.40059661865234,SHASTA,REDDING,-122.40058898925781,40.579757690429688
9523474,2022,2022-11-21,4502,2022-03-08,1635,540,R02,2,5,5,4502,0,0,0,,0,002,"CHURN CREEK RD","PRESIDIO ST",15.00,N,N,A,-,N,,,,,,,,,,N,4,0,2,2,A,-,03,22350,,N,C,C,A,A,H,-,A,A,0,,,,,Y,,A,01,0,0,2,0,0,0,0,0,0,"- ","- ",40.582099914550781,-122.35424041748047,SHASTA,REDDING,-122.35429382324219,40.582160949707031
9523480,2022,2022-11-21,4502,2022-03-11,2234,122,R07,5,5,5,4502,0,0,0,,0,R07,"TWIN VIEW BL","VALLEY RIDGE DR",0.00,,Y,A,-,N,,,,,,,,,,Y,2,0,2,1,A,-,03,22350,,F,E,I,A,A,H,-,C,A,0,,,,,Y,,A,01,1,0,1,0,0,0,0,0,0,"- ","- ",,,SHASTA,REDDING,-122.3731689453125,40.61688232421875
9524964,2022,2022-12-02,4502,2022-05-23,1659,181,R03,1,5,5,4502,0,0,0,,0,BEAT3,"RANCHO RD","CHURN CREEK RD",279.00,N,N,A,-,N,,,,,,,,,,Y,4,0,2,1,A,-,05,21650,,N,H,I,A,A,H,-,A,D,0,,,,,Y,,D,22,0,0,2,0,0,0,0,0,0,"- ","- ",40.53472900390625,-122.33542633056641,SHASTA,REDDING,-122.33464813232422,40.534839630126953
9524992,2022,2022-12-16,4502,2022-05-09,1315,526,R06,1,5,5,4502,0,0,0,,0,006,"NMARKET ST","QUARTZ HILL RD",1389.00,S,N,C,-,Y,SHA,2,273,-,-,17.130,H,-,N,N,4,0,1,2,A,-,08,22107,,N,B,C,A,B,H,-,A,D,0,,,,,Y,,A,01,0,0,1,0,0,0,0,0,0,"- ","- ",,,SHASTA,REDDING,-122.39227294921875,40.591640472412109
9524994,2022,2022-12-14,4502,2022-05-18,1630,526,R06,3,5,5,4502,0,0,0,,0,006,"COURT ST","EUREKA WY",0.00,,Y,A,-,Y,SHA,2,299,-,-,23.810,I,6,W,N,4,0,1,2,A,-,03,22350,A,N,C,C,A,A,H,-,A,A,0,,,,,Y,,D,22,0,0,1,0,0,0,0,0,0,"- ","- ",40.586471557617188,-122.39710998535156,SHASTA,REDDING,-122.39714813232422,40.586490631103516
9524996,2022,2022-12-06,4502,2022-05-28,1251,123,,6,5,5,4502,0,0,0,,0,005,"CALIFORNIA ST","SOUTH ST",0.00,,Y,A,-,N,,,,,,,,,,Y,3,0,3,2,A,-,12,21453,A,N,D,C,A,A,H,-,A,A,0,,,,Y,Y,,A,01,0,2,1,0,0,0,0,0,0,"- ","- ",40.560501098632812,-122.39063262939453,SHASTA,REDDING,-122.39065551757812,40.580467224121094
9525019,2022,2022-12-09,4502,2022-05-07,1248,525,,6,5,5,4502,0,0,0,,0,002,"EAST CYPRESS AV","RT 5",68.00,E,N,A,-,Y,SHA,2,5,-,R,14.665,R,4,S,N,4,0,1,3,A,-,01,23152,A,N,C,C,A,A,H,-,A,A,0,,,,,Y,Y,A,07,0,0,1,0,0,0,0,0,0,"- ",SF,40.571201324462891,-122.36199951171875,SHASTA,REDDING,-122.36068725585938,40.574031829833984
9529691,2022,2022-11-30,4500,2022-09-18,1800,311,S3B,7,5,2,4580,0,0,0,,0,03B,"CASCADE BL","OASIS FUN CENTER DRWY",102.00,N,N,B,-,N,,,,,,,,,,Y,3,0,1,1,A,-,03,22350,,N,F,I,A,B,H,-,B,D,0,,,,,Y,,A,01,0,1,0,0,0,0,0,0,0,"- ","- ",,,SHASTA,"SHASTA LAKE",-122.36705017089844,40.642341613769531
9530510,2022,2022-12-02,4502,2022-05-30,0329,167,R03,1,5,5,4502,0,0,0,,0,003,"RANCHO RD","CHURN CREEK RD",33.00,N,N,A,-,N,,,,,,,,,,Y,3,0,1,1,A,-,01,23152,A,N,A,I,A,A,H,-,C,A,0,,,,,Y,Y,A,01,0,1,0,0,0,0,0,0,0,"- ","- ",40.53472900390625,-122.33542633056641,SHASTA,REDDING,-122.33544158935547,40.5347900390625
9530512,2022,2022-12-02,4502,2022-05-02,1224,521,R02,1,5,5,4502,0,0,0,,0,002,"VICTOR AV","HARTNELL AV",28.00,N,N,A,-,N,,,,,,,,,,N,4,0,1,2,A,-,03,22350,,M,C,C,A,A,H,-,A,A,0,,,,,Y,,-,,0,0,1,0,0,0,0,0,0,"- ","- ",,,SHASTA,REDDING,-122.33950042724609,40.563816070556641
9530519,2022,2022-12-02,4502,2022-04-11,1917,540,R01,1,5,5,4502,0,0,0,,0,001,"DANA DR","TRUDIE TRL",50.00,W,N,G,-,N,,,,,,,,,,N,3,0,1,2,A,-,00,21904,A,N,F,A,A,A,H,-,B,D,0,,,Y,,Y,,A,01,0,1,0,0,0,0,0,0,1,"- ","- ",40.585670471191406,-122.3409423828125,SHASTA,REDDING,-122.34113311767578,40.585639953613281
9530520,2022,2022-12-02,4502,2022-04-12,1655,537,R04,2,5,5,4502,0,0,0,,0,004,"EASTSIDE RD","NORTH DR",1096.00,N,N,A,-,N,,,,,,,,,,Y,4,0,1,2,A,-,05,21460,A,N,A,C,A,A,H,-,A,D,0,,,,,Y,,A,01,0,0,1,0,0,0,0,0,0,"- ","- ",40.529850006103516,-122.38031768798828,SHASTA,REDDING,-122.38262939453125,40.527797698974609
9530524,2022,2022-12-02,4502,2022-04-27,1946,537,R02,3,5,5,4502,0,0,0,,0,002,"CHURN CREEK RD","WALL ST",8.00,S,N,A,-,N,,,,,,,,,,Y,4,0,1,2,A,-,09,21804,A,N,D,C,A,A,H,-,B,D,0,,,,,Y,,A,01,0,0,1,0,0,0,0,0,0,"- ","- ",40.571041107177734,-122.35308837890625,SHASTA,REDDING,-122.35312652587891,40.572196960449219
9530531,2022,2022-12-02,4502,2022-04-05,2136,306,R03,2,5,5,4502,0,0,0,,0,003,"AIRPORT RD","KNIGHTON RD",4224.00,N,N,A,-,N,,,,,,,,,,N,3,0,1,2,A,-,05,21650,,F,B,B,F,A,H,-,D,D,0,Y,,,,Y,,-,99,0,1,0,0,1,0,0,0,0,"- ","- ",40.518890380859375,-122.30045318603516,SHASTA,REDDING,-122.30275726318359,40.517169952392578
9530538,2022,2022-12-06,4502,2022-03-02,1341,R176,R04,3,5,5,4502,0,0,0,,0,004,"BUENAVENTURA BL","RAILWOOD AV",0.00,,Y,A,-,N,,,,,,,,,,N,3,0,1,2,A,-,12,21453,A,N,D,G,A,A,H,-,A,A,0,,Y,,,Y,,L,04,0,1,0,0,0,0,1,0,0,"- ","- ",40.554538726806641,-122.38993835449219,SHASTA,REDDING,-122.38993072509766,40.554550170898438
9530541,2022,2022-12-06,4502,2022-03-26,1053,527,R06,6,5,5,4502,0,0,0,,0,006,"TEHAMA ST","EAST ST",0.00,,Y,A,-,N,,,,,,,,,,Y,3,0,1,2,A,-,12,21453,A,N,D,C,A,A,H,-,A,A,0,,,,,Y,Y,A,07,0,1,0,0,0,0,0,0,0,"- ","- ",40.586009979248047,-122.38867950439453,SHASTA,REDDING,-122.38871002197266,40.586032867431641
9530543,2022,2022-12-06,4502,2022-03-24,1820,537,R05,4,5,5,4502,0,0,0,,0,005,"PLACER ST","SAN FRANCISCO ST",0.00,,Y,A,-,N,,,,,,,,,,Y,3,0,2,2,A,-,00,21850,,N,A,C,A,A,H,-,A,D,0,,,,,Y,,A,01,0,1,1,0,0,0,0,0,0,"- ","- ",40.576000213623047,-122.41448974609375,SHASTA,REDDING,-122.41458892822266,40.575923919677734
9530810,2022,2022-12-07,4502,2022-05-09,0749,R188,R05,1,5,5,4502,0,0,0,,0,005,"PLACER ST","CHESTNUT ST",8.00,W,N,B,C,N,,,,,,,,,,Y,3,0,3,3,A,-,03,22350,,N,C,C,A,B,H,-,A,D,0,,,,,Y,,A,01,0,3,0,0,0,0,0,0,0,"- ","- ",,,SHASTA,REDDING,-122.39731597900391,40.580574035644531
9530814,2022,2022-12-07,4502,2022-05-14,1251,123,,6,5,5,4502,0,0,0,,0,004,"EASTSIDE RD","SOUTH BONNYVIEW RD",218.00,S,N,A,-,N,,,,,,,,,,Y,3,0,1,1,A,-,05,21650,,N,E,I,A,A,H,-,A,A,0,,,,,Y,,A,01,0,1,0,0,0,0,0,0,0,"- ","- ",40.529300689697266,-122.3814697265625,SHASTA,REDDING,-122.38014984130859,40.529369354248047
9536083,2022,2023-01-03,4502,2022-06-23,1240,93,R04,4,5,5,4502,0,0,0,,0,,"SOUTH MARKET ST","FELL ST",0.00,,Y,A,-,Y,SHA,2,273,-,-,15.536,I,5,N,Y,4,0,1,2,A,-,09,21802,A,N,D,C,A,A,H,-,A,A,0,,,,,Y,,A,01,0,0,1,0,0,0,0,0,0,"- ","- ",40.570728302001953,-122.38826751708984,SHASTA,REDDING,-122.38799285888672,40.570121765136719
9539417,2022,2023-01-30,4500,2022-10-22,0110,328,S3B,6,5,2,4580,0,0,0,,0,S3B,"PINE GROVE AV","COUER D ALENE AV",0.00,,Y,A,-,N,,,,,,,,,,Y,3,0,1,1,A,-,01,23140,A,N,E,I,A,A,H,-,C,D,0,,,Y,,Y,Y,C,06,0,1,0,0,0,0,0,0,1,"- ","- ",40.665019989013672,-122.3759765625,SHASTA,"SHASTA LAKE",-122.3759765625,40.665023803710938
9563793,2023,2023-04-17,4501,2023-03-16,1211,228,A01,4,5,2,4501,0,0,0,,0,CITY,"SOUTH ST","WEST ANDERSON DRIVE",385.00,E,N,A,-,N,,,,,,,,,,Y,3,0,2,2,A,-,05,21650,,N,B,C,A,A,H,-,A,D,0,,,,,Y,,A,01,0,2,0,0,0,0,0,0,0,"- ","- ",,,SHASTA,ANDERSON,-122.30035400390625,40.446311950683594
9584942,2023,2023-05-23,4500,2023-03-02,"404 ",311,53B,4,5,2,4580,0,0,0,,0,03B,"HILL BL","PINE AV",0.00,,Y,A,-,N,,,,,,,,,,Y,3,0,1,1,A,-,01,23152,A,M,E,I,A,A,H,-,C,D,0,,,,,Y,Y,A,01,0,1,0,0,0,0,0,0,0,"- ","- ",,,SHASTA,"SHASTA LAKE",-122.40165710449219,40.686893463134766
9617287,2023,2023-10-18,4500,2023-07-11,1816,311,,2,5,2,4580,0,0,0,,0,,"CASCADE BL","AUTUMN HARVEST WY",0.00,,Y,A,-,N,,,,,,,,,,N,4,0,1,1,A,-,07,21658,A,N,E,J,A,A,H,-,A,D,0,,,,,Y,,A,01,0,0,1,0,0,0,0,0,0,"- ","- ",,,SHASTA,"SHASTA LAKE",-122.35962677001953,40.655349731445312
9640668,2024,2024-07-11,4500,2024-06-03,1351,335,,1,5,2,4580,0,0,0,,0,S3B,"RT 151","MCCONNELL AV",0.00,,Y,A,-,Y,SHA,2,151,-,-,6.030,H,-,W,N,1,1,0,2,A,-,03,22350,,N,G,B,D,A,H,-,A,A,0,Y,,,,Y,,A,01,0,0,0,1,0,0,0,0,0,"- ","- ",,,SHASTA,"SHASTA LAKE",-122.36518859863281,40.680561065673828
9702287,2024,2024-07-26,4500,2024-05-09,1614,314,,4,5,2,4580,0,0,0,,0,S3B,"SHASTA DAM BL","WASHINGTON AV",0.00,,Y,A,-,Y,SHA,2,151,-,-,6.350,H,-,W,Y,3,0,1,2,A,-,11,21950,B,N,C,C,A,A,H,-,A,A,0,,,,,Y,,A,01,0,1,0,0,0,0,0,0,0,"- ","- ",,,SHASTA,"SHASTA LAKE",-122.35907745361328,40.680339813232422
9720285,2024,2024-08-29,4500,2024-04-16,"811 ",335,,2,5,2,4580,0,0,0,,0,S3B,"RT 151","NELL ORR ST",0.00,,Y,A,-,Y,SHA,2,151,-,-,6.630,I,5,W,Y,2,0,5,3,A,-,09,21801,A,N,D,C,A,A,H,-,A,A,0,,,,,Y,,A,01,3,1,1,0,0,0,0,0,0,"- ","- ",,,SHASTA,"SHASTA LAKE",-122.353759765625,40.680301666259766
9786217,2024,2025-05-03,4502,2024-08-25,"14  ",151,,7,5,5,4502,0,0,0,,0,R05,"BUENAVENTURA BL","STARLIGHT BL",920.00,S,N,A,-,N,,,,,,,,,,Y,1,1,0,1,A,-,01,23153,A,N,E,I,A,A,H,-,D,D,0,,,,,Y,Y,A,01,0,0,0,0,0,0,0,0,0,"- ","- ",,,SHASTA,REDDING,-122.40714263916016,40.565193176269531
9786221,2024,2025-05-03,4502,2024-11-28,1354,110,,4,5,5,4502,0,0,0,,0,R07,"LAKE BL","CLAY ST",710.00,,N,A,-,N,,,,,,,,,,Y,1,1,0,2,A,-,01,23153,B,F,G,B,E,A,H,-,A,A,0,Y,,,,Y,Y,A,01,0,0,0,1,0,0,0,0,0,"- ","- ",,,SHASTA,REDDING,-122.38568115234375,40.613903045654297